1431083398,kchvj
3413242717,svymo
6786094656,hvtfp
1236305111,pfton
9747826938,xzpga
6064696765,xbflc
5391283100,laiuw
6499271940,jydps
2413558863,tvbee
5676376370,ijzwh
2218233324,hcqdb
2326535562,pirus
4549101744,ctneq
6486516694,suvqk
7743454305,pjfqq
5838576524,utkbq
9950059144,qvgag
9741180331,vkplb
8594306281,yarjt
4546847603,mtnug
2858742510,taeqj
5351089517,fzxdz
8051700991,cojzz
1751553215,gwous
6949754583,yuwkd
4640718660,eqnle
6360658195,njtfc
6963956896,sbmcb
2486297672,cjgtr
8474011349,tbcdr
6727006369,pjtms
4705113775,iutda
1492371747,farom
1255438974,pwycn
6732549748,oamtj
4151130294,xqsdy
1922131843,kjlvb
8144639777,tnztq
3722940223,enhdz
2526506228,leiol
8206463512,hyhos
5035702734,rxzqp
5181077382,wvzeg
2253450033,vebgt
2721857972,aeopw
9307503129,woorb
4776911572,kticw
5246556834,mtsbt
8606026419,ohran
7479417852,gloow
7053888461,tgbds
9827245071,yihzz
8497820108,ypyia
6284866189,pwcgl
3186374491,tczbx
9152804659,imhak
4453884460,fmpny
2447022673,mqcau
1072497569,vkhge
7993537254,thcxy
6203306108,ujbcv
4504194679,jggry
4935606999,jcwch
4498297153,qceib
8482286115,figli
6976552238,aibyy
8698574443,zumvo
7421179588,ffrep
4641158340,eobpg
7706013578,xgypg
1377139033,ayeck
6790424139,hpaiy
5967614710,lilro
6480514215,tlcfl
5590673418,tecsl
2978150934,dbazb
8194677620,ruvgd
6630852536,hgnvx
5363616370,ijmyh
1935916945,lrvqe
3656942375,ttjrb
7160752871,owwex
3479103668,oirai
5486327595,abhfl
6162902821,jikch
1004335752,olmte
5941084909,gphtd
8459129057,qdfcl
5465793759,pfevc
1451973889,oklka
8042351550,irslp
7945168254,qslln
9045680000,lfmtv
1778935467,ysqyr
7626989223,sayvq
3331836136,omhcf
7358568214,xniba
2700480687,qwpcw
7687839111,jgtbo
4582414068,qhuql
7591937524,ikhna
9176218863,lzsud
9522151023,qxwzn
7192822836,egwpz
4600054131,kzdfn
5429902898,ziizh
2694103468,gjtdw
4753697511,bivxg
6607637728,ovupc
2097871403,vcilo
1286364679,gwowl
7276598208,hbnot
5675600772,cppxa
9123919396,iirud
7807770778,hdfyc
8384451106,lsmmu
6236994320,twaub
2234057232,orwkr
8424812160,gebtz
8700588736,fdymf
9470509634,erlnv
1215784803,elqtn
4544297734,jeuic
9747655343,wknrn
2131440759,clgty
7049500046,xiyha
4334922473,xbuqe
5138844511,vlred
1114783293,mhuyc
3339414030,hsraw
5295210821,tseiq
3769418409,xnkxs
6187090903,kaejo
3610144848,bouck
7513188412,xyexj
5569722993,qxrwi
1360505279,pbnnr
7551515399,xjeld
2947128640,ugtdp
9514522727,iswlo
1981140916,hukwl
8595948453,hgqif
4570658129,puipf
4673378398,azxgx
5033824193,jngow
2110618852,lnbug
9971771756,zmftp
8589316620,nalxx
5024267510,whtpv
2355491665,scixw
7736267117,pwrcr
4423707048,bhnnq
3128475280,gxvwj
5825799149,jofub
5805243812,fualf
1384777978,punfk
7166230218,nmazv
9796402757,ksrzo
3318034367,nvfat
3321898227,dlxef
6060885396,bdzpn
5321739646,ahtij
3351668485,emgdq
5757701538,rgbtv
5946584115,btcpd
4841340822,xlrhq
6579457712,ghlqv
2093715030,affvr
4457785775,ykviy
9483853316,gfdcy
6893141477,duswy
2531873146,otfya
7712685350,sevko
6892236525,hwaui
7380454424,eobyu
9357668416,ccuvb
6043929478,dzvot
4187648672,wlrca
4886911912,qbzbr
9468868989,wqxtm
7806379640,gayzb
1508493667,ahvqr
5050908829,vepvc
1079124592,podxm
9783606969,jrtzr
9159846829,lvlzz
7499994365,ikvgm
5195199646,vjbhr
3095119293,nlwgv
7156697324,olonb
3184395099,suxvr
4574694286,nvqul
4753472906,lufyb
3198086864,pbuet
9612384174,wpktx
4578650672,iycwt
8294849213,zpjuq
3120279225,yxifo
2509325017,rgtti
3519843721,nvdtv
3423561064,kwfel
1068633361,crivn
3794867171,rgucy
3051005098,nevfe
9060683404,dqnhy
3696634496,avgva
5969169006,pkopw
3365796489,fwfpu
7302111956,diapp
2847155999,mkxgi
6304950243,ycqmi
7824942489,xphes
1985662265,pekzh
3134945532,zzish
7411180421,akjci
5486309065,woibf
7770348033,bnwiy
2098102447,pjkqm
3644386606,zkamy
8584439744,xexgy
4243542215,hcqhv
1804868075,zwdyh
2598897745,hrabc
4200099089,qswza
8671098205,mblug
9567506819,psbcv
5681542795,nttvr
2965399461,oymyn
1697037522,nowze
4587901513,pmxlq
4249678290,soeyu
6291964400,gdnss
4165843074,zvbug
9183751241,ibxlb
1493229424,qcrtm
8366365551,zshkq
1854872083,aeewu
7679416295,bbojy
5929731230,ojmxp
1994144967,zqznh
5052265232,gmfav
7306657541,hfexf
9452444659,bhlfa
7797095046,yhzez
5856810095,enynw
8826154039,lgynl
8932992418,elcyl
7663607794,scumx
5758360364,msxdl
6958125092,euybg
9590586154,mxfow
3271706485,pxwhu
2183470714,xzqln
7753533271,yxdgk
7648721350,qhjpc
9162693463,mpsni
8693090747,dgpuh
6697178211,pwhdf
7497451909,uksbi
2329732194,qqmjt
9177669502,eicia
3179194009,rndzd
1701337694,wgcgd
5510347067,floyn
1402436176,ttjzy
1830286746,mncrq
3366243873,rtvff
7333102707,rrbfl
7553076024,qazpw
6943163358,vkgmz
9439121110,xyyvc
2105015885,vuodz
3682746807,nfmzc
4442654550,gwavc
1874996958,ttjgv
4860582688,dnvaq
5957671267,gpefz
7948354788,dytae
9232384086,outwa
7735998814,lrydk
1781791941,ediuw
2619954887,ptlam
2190609459,yofzs
8869818580,igmnf
2792110561,vowlj
6923089158,unhkt
8398331220,bybyr
4199216908,etmma
1638198932,hctji
3431177305,akpwl
2011367464,xnibp
2091008229,vynfm
6918544330,lxcwt
9632906255,ddkiy
9856158103,hreoa
9020684612,dxsmx
5841853785,jkxwg
9201829349,iowgm
8005463892,iyjen
6948098795,uargh
5084221782,opyut
4574714619,rnutu
1084049916,jwztz
4024008304,zgrbe
5718083285,hajtu
6160030832,esipa
9398146801,ycfqq
4763821861,uulli
9952699314,ilpea
3178988281,blapz
4971196391,ncwzn
8447040466,gsxmc
9009916338,eicar
7836515764,hsftz
7158986742,nocaa
9380299648,zdvgk
6160385638,nyazv
1611521940,vtfyw
1463854678,phusi
4147912932,plekd
5622383862,kbxun
4024281816,icmfk
2914691868,jmlru
8774641113,newmg
2995900757,zzhun
9169544147,iedey
8048159106,fyxhc
5828451369,xehvh
7836580332,ephwe
3076329235,rqopo
9077288159,cdcfl
2392906824,jearq
7786582119,gpkwf
5504482037,rqrxn
5557926525,eaakg
1319350370,fjwlk
3985061565,dotol
8427837464,wshlz
9355851865,eonax
8459563876,dttau
7138414741,mmgvz
3892234304,wbgcd
9223268559,lqkso
4274732675,srgfk
9383354389,wsfsu
4146630044,maarr
6965900387,nlvxg
3746914437,vkfyo
5018072016,vvdme
4776934157,jrhru
6466723116,gcpit
8082600780,fzcbz
7451538529,wubfd
6520292327,dmezv
3348270258,ltoza
2601357889,lrlqe
2666210873,xugsy
9760322331,aebzi
8370316898,zrfis
5138944122,aqftm
8912613365,vjsxm
6974992296,mvggi
6195876696,fpypc
8491903442,qrxxd
8663819600,uvcmq
8053010299,dmuii
7574885196,zelvl
6713314287,freuf
7840724045,zwxuh
5984545308,wuagp
5035193575,glwij
3186197443,jugdf
2130390933,phmjn
6003863080,mkugw
6605566080,cnsjv
3233759831,bwzaw
7310173938,ghgua
2443679528,arclp
9588228246,ngbpc
8118096614,tbhgd
9379878301,rhrwk
4854451737,nhrer
4763350074,yzyfs
9842750237,mukwd
2250986998,xisud
4342202295,lrubx
5025169137,qvrmy
5070480811,rjzqh
3468866344,tqvzg
2351964265,eczdc
8154418171,akcur
5303315330,ghmre
2881353271,uauqw
8852980054,htkyv
6365174699,kcwgo
8945598955,flsve
7504604779,jwkai
3367628635,jhvlp
2143040505,jysri
7801994861,omdno
4249630842,ruqzm
2335468998,umycw
6029021902,tjnbb
5543464902,istcw
4115658480,ztsju
4224084960,dppll
1587877748,anfpy
4509046729,cxyzp
1159274555,bjmod
4695756014,isfjs
4199523759,irjgx
1433519608,sjmpo
4118509865,kjrnv
1726912723,trlhb
1011169546,vahyv
2509419426,overh
1307278039,hbzjy
2401047637,osqfu
4229589080,qvqai
1662708149,exgrl
1891976469,bqzsk
6672203842,gfuai
3608220249,mgilc
9266942412,lgxdx
5467017244,nxnob
1087960297,sbfuo
9819004491,aznfy
2085728148,kunnl
8259492383,ynxfy
8049569377,sgwne
4828026644,mmzas
3897955377,wafrl
7207108344,wvccu
1021690825,triyl
8410901036,guonv
4057640535,pmofx
4805490779,htpcb
7932278352,ozucn
7776276445,bcxfv
8524583732,oiszy
3281418381,vqmec
2234151674,vjkrl
6316316167,fcdut
7284612811,wrqpc
9032234182,paoxp
3184637210,wwnbd
3149372361,bqcft
9995303195,dlatr
9913179733,bvrkp
3643857263,rgdsk
3063141685,ohxnk
8252890602,xihkp
8931712007,otmoo
5802322538,betkx
2359954307,bbsjk
4516204296,gjlxe
3584366029,vkkeg
1423781192,unqrb
1547836083,tgidn
7498017414,bwfjj
5069233135,dmrxr
9018794384,wffhx
4669102535,fkddb
5743139654,afhwv
7422755555,rieru
8960269554,pzdkl
9384901694,dfmtv
6751044487,claih
6801995333,tzqlt
8165302595,fomix
2347574566,uvzjs
7437941035,gqciz
8086792993,njzje
3088897806,plaxa
9796995556,fvzjn
4702364764,rlcuc
1686695180,cnchl
4350835676,gysdw
5460277659,ylrnw
6781398051,fosot
8268904117,xvhhm
9519501349,ywtvu
6726079398,knpmt
2267029720,oaboh
7189168100,fuqmt
4226235492,bhtqm
3349997131,fsjkk
4334375893,jlzwz
8469196203,qwuji
4916180066,zawkp
2393241831,jnwbp
4038938768,kxdex
7579491519,fmvzg
8441083042,uhuxj
3618321670,kdtfi
8335325876,hcbgc
3463350240,gagka
6631124833,gxgkh
3641896803,jzruo
1076418309,vyxyc
8105996857,rbapd
4893935281,hkbfr
9720706048,fnryw
2232086811,puxou
2959156755,aamuo
2936235720,tmfow
9272563651,qwihr
5048992216,dqbnw
4537836105,ljipg
7808440929,plqxt
8670481801,itnyg
3239935003,ydodd
9159360552,tdyen
5651085024,yzogm
9448473503,ekuum
3822775944,oqraa
6253048670,klnjx
2390541373,cmnel
6369547678,yzama
1804698794,qspuo
7512292543,ddxqg
6649559845,wlokz
2608290794,swssy
8848458424,vixah
2487252987,ixlvy
8732414412,ejtnk
2093765853,asebp
8634019628,zahhd
8538981119,whmfd
3457735708,bxypv
8673237299,izgnk
3405977099,siuxf
4421239728,wowec
1497623255,xtdxy
8359212054,azwbx
6837541020,ipync
6529013653,yuqsc
8253515120,niohy
2008305982,vqeqh
4208741757,cqrpa
1831942191,htudj
1373722810,wxdax
8902936901,vehle
4977831129,mppnw
5909767221,vcljt
5778603976,vvkle
3372780403,uccxn
2952890226,zpghy
9625813547,afhha
4796236903,hthxh
7562003457,xftod
1537164023,erxjx
5914770515,iryjb
3915694679,zhlil
5324753512,cyahl
8250325372,zhaia
3150460434,idlvb
2041766898,qgald
6014623568,hzkwn
6569472930,gydis
1034871867,dydok
9243371752,xidvd
2657292047,agifm
7975419291,yyqrr
5806839352,hgrlc
7301893686,esczp
2241891932,kcofj
1948056341,surkb
4385469164,lmcpz
2767604961,gjlgq
2533305061,uqhpk
1567197539,ghspv
7216647757,meltp
6980242859,vihdt
7986623361,okyey
4654268840,jcjia
5973429049,uwrlz
1556453340,bnzpa
5679286036,hcprp
2372154515,xhhaw
9079730276,gqrkx
4218221221,ddpjh
1461880899,yyeuu
2972135885,jhldp
9753099174,ljgco
7064749496,urojz
5741881696,pozgz
1003410809,sxurc
6403439133,mejmi
8544994618,hceks
9257923777,mcoya
4480151645,skpfd
7851693573,wrbkv
8517137795,mcjnm
6196586315,wbpgq
5449431737,kreol
2581632545,zycmo
9539276979,nrftt
8269412779,yqivq
6821071188,tslcs
3072912065,apjdu
9463642068,ghipl
8436860005,vtlhb
7588926925,hrtua
4461221428,mhmsj
8472651592,scekv
6670427019,ssleb
6569000936,aferp
2181045576,cmxdr
6261891335,cghqk
4485942944,detnr
8722674089,fgosf
7715100340,cydlf
3205233328,pxcdb
6641530642,swoij
7768458098,ldosk
3038218722,wpmaw
1743192489,xwnfi
6707361882,virtc
1466144007,nugpl
3834132559,pjass
3522688805,zxajr
9555923051,hwbrp
8761580680,emofc
9436877915,rlmze
4993240687,yzoue
9041024699,tpzag
4545728554,perix
9040199833,nsglu
1054895129,wtnjm
7732639399,nvqsw
6822831806,zbqcg
6010992720,pxlva
3128543921,hhepb
7097484797,etozy
5128813694,oemgh
2908850467,jntai
5999007593,lkztc
7243596040,ivomc
9724580299,xsooc
5181718021,dedlm
8260928722,vtcoa
9003450058,wrwni
3930159350,qzfse
1517749408,nxmto
7688327794,spvvs
8135732117,ckgwr
2598545388,sgcso
9644701801,nwvxr
7305350199,crjto
8941486491,mlrtt
8367710401,yjxxs
8446672371,eptab
6666877881,nbppl
9219582729,zklnt
3275885488,nosii
4065843011,bboty
7016563091,govap
7470677697,yxggb
4761508636,bcexq
8192130716,phwga
2635425559,wfzoi
8802672197,aelqf
1173930299,xdibl
5399519699,ugxrt
9275837751,whkwp
3011579893,ncfse
2502300033,nxuhg
8451830131,qtaks
3624599080,atlle
7824041771,qatou
4179565224,jafih
9553559342,titfk
1718470042,fcipg
1342036549,muece
4696622607,rwgtn
7049097825,gzxkm
9723657210,pnyej
4999273415,syfat
9580352193,rpcqj
7878970926,sjkee
1739752830,fpjwp
2651542042,evxrh
2778615321,deygv
6023303505,spocf
4538141101,xpjny
5665637097,ibfsb
5294512596,tpouz
1937180997,hksoy
6945381449,usgcz
4079260898,eoico
3754372600,fkfkz
6945893221,twask
7731259458,ybvyc
6559757883,vwdjr
1734258105,dvbgd
5433789828,uxggo
1809691506,moyab
6949019716,ngvvr
6617324870,nmhlg
9339439182,fidcf
9312179786,jjkvz
2125367241,ntnop
4937145170,dmlty
4173470700,fipmh
9147827566,osdiz
1811596531,jccph
5367137408,jmrkb
7729537238,wouhp
7131737629,gwdia
6791868563,caxex
9208350406,glldp
9302371667,naqbx
4393663057,wktjt
4401029173,drrni
3818466578,qngsa
8158405536,ihtnp
1013165459,mruhk
4702036979,tokcv
3167182300,zdhuv
6594917751,hchxq
1729337597,dvvtz
5209547771,fgbbb
5547241748,dxusq
7456255426,laslv
1491682313,wcllt
4541267027,knxrz
8680063443,uwcij
3035838559,boayb
2795133451,nbyzf
3830350001,nmost
9791181314,ndpmh
9475361573,whmzy
2982806402,cqtzy
7784857783,sdhiy
7224002317,vukuj
9061982204,nrvnr
3524101349,tjiru
6994691098,mtnoe
6477164547,xlbir
1975368935,hbciu
6329929729,uputf
2034261573,klzuf
1821969610,omybs
1450910431,gzumd
2299328443,ztcje
8943249227,qlspu
6063553460,aahcq
8325491189,kkkhy
1341702160,qvpsg
2209776675,vkvaj
9847700494,upuhu
9456098231,kqllm
3761860573,ezfpf
8404269175,fqkfg
7985767321,mropf
5893290900,sjihi
4791761805,awyqw
7588053162,rymeh
7820766351,fpasu
1394471338,daxig
3849528138,gcado
9671890513,ldivr
6719569488,mhgqn
8223165915,khcrp
6357189041,gtlqp
5208917130,mgxwi
2535023141,wzgge
6741037202,luxkl
7636407860,slexf
8285343929,kvode
6126330159,bzhrt
3296950247,fanwa
6233983826,wdiby
6486874921,rowbf
3048119069,qzkha
9647098863,wurpi
1902601140,bnbnm
2410961286,ioltc
8883441932,yrsyj
9572339700,mixrq
7946516433,avxqh
5108976002,mawut
9691854373,utpze
8112299264,wrbmm
9052299816,ocspv
2084717085,pklhb
9724140507,qlxrf
6238826431,odaor
9095399332,pitpc
4103500301,inwid
2462512733,elrrb
2235877829,elnpe
3157394730,vqfxn
3189140493,jgeil
2517538877,thien
9744305934,qrqfr
1475990549,vdsqj
7444379841,twlhm
3417668375,neabo
4472301702,kbmru
6944762851,cddrm
4815992418,wgzcp
2424182562,itifi
1549195266,gieix
6373608431,ndxtw
3280899054,aerkj
6532354875,lampb
1074217348,zmfqz
2901593456,lkjca
3716337650,pogfn
6140265701,mhkjj
6264773677,jagga
5986100724,orhnr
9432980563,zpndu
6040865979,lveys
5176884543,cthre
5883349639,gntrl
9747541155,excwu
1725492945,soaqp
6744086923,jgphw
5408084771,ehvhp
8761333134,lhsud
5288070924,xrpxd
2812872119,ymwve
3288765239,bwpmk
3305299135,kiojo
4157487516,zxtca
6742044228,yvgxz
4706552975,mfcsu
5180467783,ajaxa
9228854064,vhenm
2457172740,tuscg
8311726261,yrndh
9677946235,dmtzm
8647932349,vyohk
6094305724,viuvs
8904399939,mamhf
5779243158,jjhyd
7614911225,iozbj
3869819653,xjiyn
7416171035,cjpwo
9158337754,rkbvk
2431446071,exuln
5361923161,choas
4345730460,gqcka
7599946157,vrtdi
3736129475,obrvu
1508296371,jjdsu
6108347059,rruoh
5300072932,rntax
4885508205,ejkse
4957253443,rasyn
7537968732,lfmjz
6643453632,dxtqm
4761226926,gzvgd
1880616118,cchlr
7535785266,elfld
2308523577,pitby
2801515989,vxebu
2094945122,lojbd
5174204174,sejul
2137001574,pkvgd
9353004534,kwqzm
6530166442,reoxb
2286804166,cyjru
3070105400,yttva
6623682563,dtotg
1596539729,uhufg
4550760545,dgpks
5397952964,bvcaz
3072846485,aoijp
5910031711,gpmlw
5817213433,avejh
8455630801,cexmd
4630656089,hhzax
6366125720,pzmjg
1183124261,wuxkq
9531839793,vgcfm
5952957463,iwgcc
3662989829,abckm
4700433835,fuffa
9070182287,jumek
6963651338,vvwuu
1155137261,ljiuy
3692593300,ymxvk
8835667874,yarnp
6920021538,udvsr
9705535834,ablaw
9024959830,bkric
4747536994,mkydv
1024904917,lquej
5450099067,qgaqa
8672787452,apuvn
1236583534,kpfgf
8209686173,pvdai
7680599293,lhseo
4447654459,hngbv
2889425561,rwsyv
3144941933,okxrj
9450168963,fsqtp
1919593896,znvsq
9217989806,cgehd
9929594940,aiunf
8154183001,dqswi
4472088481,lulvf
4375984068,yhrlh
5971725071,yqpfe
4432587911,lkcie
4352504439,zlymo
8216699476,adzab
8201625890,isngp
5038909111,havrx
6540666032,yfked
5360656103,pmwth
4285814728,vockc
3189969583,vwxex
5234481037,jjfda
9080190378,gxipf
9666494519,jbcsu
9159663870,zelfu
8329653199,rbrbu
8466275737,jwmjp
8081307525,ukrea
2979999822,vpkhz
2503200065,vwbjt
2132549238,zbeio
4361459769,nzfba
7248335135,cbgjy
8070341172,xhmmt
1861786864,pujkk
5832051081,exkfx
6374974489,tqpjk
9389719797,dgsee
9709337106,dbtdd
4821208154,qtzcg
4656271868,dryws
7436097503,lnbpu
7139706144,anwgx
1962808753,uqdyo
9168867000,kvknr
8462225080,okstm
9716325667,jpkud
9041217274,afbez
6977535511,puhmy
7518376858,mtkqq
7043345544,jiwoe
2052284518,vzlxd
3864978378,ktsms
1139948065,kwunm
1405481868,igppf
5664287085,qjkgt
9700874969,oqsdv
8975452303,nqift
8795355601,tsqfr
7420062449,mtobr
6336941885,asclm
2287283805,zcedg
1140500219,vjujn
9809298780,kcmut
4687094574,labos
7356869908,nqkaw
7749424543,tcrgv
9621750464,bslmw
7051099703,mkddn
4695510855,plomr
9424326351,ulfcw
3192597518,bzdqd
4906110948,csvmh
6845171935,mcptx
5033729858,fwgpi
1832214639,kdyom
3008211032,kxkck
4423219839,jpptr
6567111752,xtlrq
2463148579,wnbwd
1572407271,hvmne
8492121069,goeqt
5477133976,vrhbo
1994680225,fsloj
3787126655,vrhon
2574864412,iliwh
4876382194,fejxd
7046066717,okuku
5846306990,iytxg
6109157070,isdvx
7282189086,uxigm
1259776697,vlxdh
8318178048,nrgxm
1062895032,uhppr
2754861414,cgpvm
8348714151,uvjyr
5432623757,bojpy
9498749627,idyfh
4029429380,voffy
3656639587,hxqce
4790147916,sjijj
9108866855,naiua
9714424053,rditm
8856980890,dcymc
6445004134,eewlq
9041739124,jxfyv
8489594510,yqlos
5817038765,fwywb
3798189415,avkwf
6201519097,okiij
1881388337,hfotx
6722025068,micre
4661686915,soiod
5807918655,wspba
2480221167,tguxv
5045548189,lgtce
7079026461,fxdcx
4576741283,qaepn
5215801432,pluom
1895114671,puzed
4351825218,aymar
4730577255,xdoil
7187289770,hljuh
7464950796,veoim
9948522036,obtym
7209672840,lukbz
8732247162,qovbb
1635931213,wyldn
9258578519,sgsyg
2975523036,fjrbv
2402555455,bdlkp
3687638285,nqbbc
1878555601,hznsc
9479767803,eknqj
9387633241,tsjbx
3595571495,twthv
3899061138,kvarq
2789544193,psvrg
8465423899,ldmyn
3058061603,iyksi
1995642231,wievg
5847032839,ubstq
5515876867,tbfjq
4871625079,lqayd
9482889884,cljuz
5753745855,ohvtp
5167878152,hjjim
4866814448,bvlzk
6972462227,hpeal
5393861600,sjekd
3013859650,auduy
8836876139,sobtk
5894735421,qingn
6175020302,edfki
8109007288,vvfkk
1268434967,cobdm
8609007823,ajpab
8609975457,hmtnh
6008847812,hqoem
7652546630,dyzxe
7471319634,gxdwh
1071395829,tvcsl
3285723013,vjlwc
3987658965,dvypu
5808691823,slurq
3390004064,cbleb
1583075501,ykatp
9456123725,guacl
7474159576,rjlai
4230090402,jcxsj
7773511557,smeux
3188685284,sbuph
3516117517,uruud
6843275761,kulfo
3009670095,seoqs
7093186793,syfoa
8466806529,qgqhr
7465405395,vcwqr
7834728923,vstme
5912380736,vrvsl
7924426610,qqtia
7774957381,cqctu
7294032511,nfnws
6076690704,euimk
3276723412,vdmou
1980145753,vfolj
2131454376,mogvh
1025783746,zljrz
6902327474,zqajf
3953084153,cessp
2836225952,nawrx
5750016315,joeup
4221792352,vvpsk
1548511753,ccccb
2025618904,urotr
3673228359,nfawi
3377761311,elysl
1195827374,mlksk
8646681811,uvgru
7516458750,nwigr
8513328515,xjdub
1205904891,bcfre
8630774008,kspfn
8530832057,wkugn
1784157730,qndmx
8416312445,gadbk
3098240120,oibxa
2617484227,qcded
5033626511,vanbn
8234187058,wjvja
5379606117,rrkek
6933143419,uhaqo
9456759672,ukjwq
5045625770,bdyum
9215270886,qertr
9448378235,irtph
8907819739,unmzw
1468950612,hhbwl
8695705879,zdaov
6386240721,ttmpl
1425242467,yvoen
1158579981,mmqzm
2497400456,ryohp
1594230363,alynt
2361304702,ayjgc
3400127727,luypx
6899555282,zpzfh
9571405301,anedl
5325527868,jhorr
4083832875,tcpfc
8663713674,amohk
9395516857,xjnfw
2005381786,frpxi
7983132182,cmdlw
5461438824,dzhal
1890052155,otyqh
2285516020,xdklr
8451844693,pvsdz
3954913711,xfhrx
2759647939,oxbsm
3667691455,skyit
5882834776,mjhnz
3674020322,gznmx
4632623505,hdrpm
3048963508,vinsh
2772726655,vnvjh
4263203355,fobfp
7616246604,kdilc
5219024085,gqzft
3797385002,widxe
7272706423,qqnrk
6896219143,wqnhx
9243929693,gdweu
5182592714,qkuuc
5253875807,bpkxl
6860633633,ronwh
2457909920,opkff
4695777793,ektwm
2085836378,eiexk
2684190886,bvvhw
7313724905,wczcy
7969299085,lvnci
7376613659,iitii
8609900699,vgkqg
5994308696,utaet
3609038293,jfqhl
2648700073,rviyg
4125428010,xqltw
5570272220,jqhnh
4931288172,yemep
2443417757,gpzpn
9650227949,ykzrz
6370067581,scfmz
6959498320,ttxxs
7251273778,enijg
2533049657,kxvab
6217916817,txior
4742360127,hvhvw
1903502509,mlqop
9918537227,khmdl
1877319248,kgvwd
5833324841,dcvhj
6686840877,jgrge
4000400692,nuham
1102363950,ckbwr
6581368903,bgdoj
7614658218,fineq
4630592737,bhlwc
2074112003,ypjeq
3910149595,buxgy
3439109912,msump
2358504137,jceji
4158638509,qfaho
2170371989,igfss
2222001504,kuvlw
6021026360,viydm
3879690413,zkoxz
9571374457,discz
3063265233,mromq
4087537959,jvhvz
1778843854,caysp
4191712788,ayysl
7016659453,ifobb
4259640379,yhjjt
5490931858,wjyji
1783746159,mgdyo
1045173059,jijwi
3614436328,owxln
4008366846,vcdmh
6348427051,almbi
6768120873,wvhnn
1116888289,tvxnq
7477319177,iijje
5069074786,gurqx
8532852109,lksty
9020092073,ugmya
6655287678,zjfah
7822710281,tvhsd
1147563169,osydv
9299709347,lyshl
5573034006,qcwwl
2249733470,cjgfx
7184601676,lxawk
3440613826,jvwxe
3611858299,feyjp
4076838640,yhgvu
9848950141,vnxde
3597578009,qpowy
4227572870,orkzl
4022879744,nkyvn
2308393610,zjxwn
9398009082,osvcf
2152125236,ocjan
6088520248,tmwej
6314889968,jwrzy
3731178211,rzvle
1333490756,nslli
5745702592,swnmx
9479188294,mblwt
2084541951,hskng
7770740871,zscua
8197053166,zgznz
5068231691,yfsjy
7863128107,bucwo
5608129558,arjbj
8062821838,ebmdm
9114751293,gcdok
8195767881,kzboc
7631816140,rvrxj
9756110003,ykpqg
2012616354,xcwsh
3198191366,etmjd
2075549710,qdjmh
9249310531,nvdfa
5144331791,fkhxa
6844445226,tbmas
2278472430,ynmia
3186170562,osiib
5393066904,uyiee
5432691052,nukhz
1282865969,bgjlg
6336088159,brvio
6003084544,ipmzd
5670617173,zvkao
8157923615,kgcmy
6376245684,okuzn
2241933970,tjoyf
9956043581,vssxr
4421578480,vmkew
7547627370,jvcrl
8425970759,fsytt
3147414608,igwvk
3789314610,vtpux
2071970656,yeijx
5289591106,imqyh
7923869441,ukfrk
1163561314,fyrjm
5213044547,btpje
1744633243,lwxmc
4453241607,cgyis
4529671048,umruo
5457910913,nayeb
6349734833,nogcq
1715522210,bidxt
7678024205,tlqhf
9774467302,lzvbh
8442884835,dirol
7865884698,qfrwc
8161574689,zojnh
7984246229,hjpeg
6216637083,gpgii
3078081134,fdyjd
7345000319,ofrkh
6263759887,jvvlr
9366413951,tyyei
1908811224,lqent
4663535432,vxazv
8152015121,ikyrp
3340916694,gexyr
8713254199,ekfor
4978906462,yscbr
5408681234,fpdhz
6944584292,bcuqu
9065912130,mztwj
8406639695,nszlp
3347100575,fyhyn
9722081632,mkyvm
9191533331,rzdhd
8048477859,pluvz
5739974212,qgfjk
1232681865,rzbjq
7742829659,cjphq
8191932902,lbwlb
4998893422,uxlwp
8845666166,qgzwr
6407904595,czheo
5402358678,fvvuu
7975767492,qdcrz
3509562084,fydta
6811211294,klvbz
3337956420,btnjg
9714145097,emvtr
9801725533,qkofm
7433797418,jvwxb
1421981740,wjvkv
7546458150,hrele
6402282801,dbsky
1064692675,rihxb
1633245725,vhlen
3707798230,bsedo
2407425708,rwhcj
6433475429,colym
5489388920,rahyc
9778475509,krhas
9965315846,psfpc
8836742218,bvkjg
1568430067,dxboz
5606548386,siktb
4192374955,dywhi
7812713075,epeam
2105890411,hkemq
6425147123,knmly
5769249446,kjwht
4712750471,trbhu
5300135374,aipvi
2041831690,sbiwm
3705976758,kppfj
3682463262,xtipn
7147871767,abyft
9590249780,ixsrb
5503240564,vujcv
1168498213,ebdpd
5596220052,eubxs
8267509313,udexy
8864889304,pqjkd
5978099170,lmnkb
2500227646,tomdy
4056283676,srspz
1727156429,tzjsm
2941678273,hwmln
7083096046,bdjmo
5248554909,ytbto
4496325775,vxhrn
6766640152,wlepn
5529945407,eulma
1609032403,jjycs
7562003692,eawzp
8390637678,qurfj
7254215765,prkvd
1894710309,zvgjt
6601691390,kkgnt
3343833128,gtbiy
4223421181,szlls
4354097527,lfhog
9360997884,lohwe
4377261090,usgjq
2503892857,zjxnl
6109064099,jracq
8769152749,vtauc
5033133148,vedjn
6690047448,ntjhu
8173027963,twyaz
9755869240,zhcwr
4883987125,ukmqy
6204548950,ptzdl
5633232198,hlnvf
5328391405,dsxma
4217072638,kovtu
3438339870,qsdkw
3634411327,segbz
3884824401,jiqgf
8068747989,ilgnd
9400520476,aavgk
3684127079,ymebv
4337528806,cxwuc
1475571482,jvrdg
9842385930,ncgpt
1119521123,rclvs
7090242474,zpmxi
6819416893,egmtr
4944317760,bujqf
9572532055,osshl
7781881119,origl
3367784832,ndxkf
6641839827,orwju
2037990216,zzcgc
3612071473,whjyo
5169966959,pmipv
1572285265,xygmu
2134630633,xzxlx
5320083580,jahgy
1818407458,fqbmi
6514900035,zodgq
4278562263,jrtbr
5507515328,qqzgg
4651281075,idipz
1639877477,alfdx
6660981674,ysqvf
1209132876,vmnwi
6495633565,tkkky
6472844973,vwggl
9271548561,bldbu
4199446044,ywahy
6036951456,wzpgs
3187089279,ugyjz
9201387967,wlqgy
5259920481,nmjfo
5696175923,ufcgf
2227640320,ljwlz
1879865911,yvooq
4576659758,drqvr
4381127119,ohtnr
8100900014,pkvqp
6361027088,oglvc
6648448843,ehjdt
7078914796,kvqvv
3912124600,hczjv
3742552047,lyfeo
6020824192,wcava
2393070733,mddul
6006706745,yaaqh
4243497595,lwauq
7569217343,pdwbp
6801456090,yuolg
3791366001,rxwnw
2780744573,ukgck
2847736780,kktho
9849628060,tpbnh
7228342864,jonni
5357067397,arquw
6577592198,xyakp
2299341963,tfpsf
3095039438,zwscc
3685140737,qqzus
3537596363,qvzle
7697930046,mnumc
3102202906,pgepz
8723162404,mdgtl
6800891234,cvfgy
7812956711,nhudy
6624358330,rklvi
8668513588,ferdh
3868091501,xvvfe
6464156643,gsoua
5603318098,qdzce
4061615218,pkppv
3189361710,mvmot
5006259067,adhji
2474634851,wepnm
6586517875,dqkse
5243311048,cfrtj
1084943852,nfmla
4344458751,ssniv
5774202601,zptxq
1636311628,xhdxn
3528102510,ukrhh
6156016858,izoxe
2454528797,xcems
2384730458,soqvn
5297735398,hmmuo
3270703057,ayfsb
7538800946,lkzqv
7913366682,pdxti
5604140403,gtthg
2651786706,wslup
8386554509,ncvum
5944571373,ttpox
2304680164,ixelu
4409931567,uqgud
5769922389,zyqvu
2995200670,gkhuo
1647228442,ptghk
3531720792,oxpny
1014557546,mtxye
9142923638,sjdcq
5284779876,lntcy
6404642800,qqnrr
4436812687,ennhr
3907573572,ohfcw
6228868751,nqmdh
8655346056,acqto
1915042341,zincj
8917484383,kiyek
6180144826,qmhoy
9305043596,koxtz
1176582304,qjkji
3199334338,wkhyg
9055413479,qbafo
1856588031,vxqkq
3111120304,debtu
6755683874,qxlao
3550949468,oqyki
9324442822,eykbo
4446713545,zntct
3735983363,kusui
1825950688,bambc
9467499075,jksiw
2843807087,bnsjq
8410422666,vbyrt
9444282226,soaer
7187578298,wycxg
3927924027,qkedn
5715088119,ampwu
8775167104,fylkh
5987978628,ueeee
2758430449,iysjv
4070835299,ivhyj
3572908936,dvbyn
9179813697,stdlu
7107046752,uhfja
1100886371,ewdxl
9356163999,lemkv
2065549612,qxujl
2267231213,ccboh
7062321520,uwcge
5637311822,bcten
7217945574,jgbhd
3048369699,fmytw
2106553293,rjsiq
6772133510,zuijz
4521679806,aasvf
9085690071,cwech
5070875129,fdliw
1846986627,lhoce
9465510140,ubqia
7966133043,mkzgg
5099661893,hpxas
8703818501,umbya
1400663274,raleb
2456788255,hujxk
7280680438,ykyip
4145491480,dgido
5975376110,zjcws
6648733132,rzfio
5911699142,peqtq
1425575927,ayrsd
6261018263,zmupt
8912698550,kgevg
9646263921,etvjf
7461871707,irakw
4977436563,rkirz
9490807348,wxgcw
4444219800,gjzpg
2327395899,mvkfl
9929779148,stkni
9114725471,embck
4054057770,afppz
2123466477,vfple
4226548678,ldcpl
3551423333,dzukr
1097696087,xmxho
4169325231,mqpti
3818630137,kacfv
2530615972,usevq
9969758572,oavzn
7234683417,peqhn
4705142553,xpmbd
6981748326,zmfmd
9740984271,riaga
5477225749,qlqex
5551595486,flmgb
7527001729,czged
5256348723,nynhy
5489962063,bsxmv
8586299230,ejowt
8960638755,urore
9414167891,zttzy
5238358218,xxqfl
3108117557,dejrd
3922313923,pisub
7710206207,mjcrn
7649163386,foypr
7227945392,rnopp
7267109851,ypoxm
5824595358,czhee
7684155988,jkqyp
9663546419,twqur
3574671457,cuyzo
1076453645,pvvjo
3446922956,eskmp
3191903798,wwhdd
9025970209,geagk
3242500167,yoevv
3399334669,zkddq
4807456157,swpmy
2509439336,ftawh
7302154244,twrgz
8422621074,zzrsf
4659214045,hvlcf
2939963067,nzfqh
3742234559,ifujx
6225474754,uofly
3699652060,kztcw
9259112636,sseji
3522664095,xomnk
7538353511,mpymx
1956232944,utzkd
7656451571,biubw
2518836764,xotgm
9237503099,ogugt
1875874541,erzfq
6410573474,dpokm
9873876829,znstz
2753626242,dblgk
6395813945,vxxrr
5206521806,wucvd
7401550953,kjosh
2935608999,ewxmn
7386670180,pfksk
5466360823,qzncy
3544161333,snnby
8496955569,pxfxv
2688372842,sbffc
1659794116,lyeps
3706189188,vuzrv
9277351645,oxekh
1381758297,insrh
9050748666,zzlap
3458260445,xwjtm
3994205352,slnml
6661552190,xlspb
8188413526,gnvfi
4012852230,xhult
7400443269,dvygx
8582379303,mygvy
9531175534,lituo
1280438606,nwalq
7511746580,pijyw
2474604149,wxlao
5727083290,ctwez
4881196834,nkxap
9305274872,qzavx
8867116512,fpucz
5236989943,ykqzm
2874831238,cgzks
1075073374,vhapk
1460144648,hunjs
9118023159,xccvl
7797906219,mvuil
2954938459,oftab
6294371222,ptqcj
2083995545,iveyy
8679143255,awoib
1073869199,csybp
1282059784,ezhpe
9148384908,tdfcl
1775878384,miurk
2779199096,kvuca
8903783152,ufvlc
8972208593,gmrym
7846425429,ilhub
5799262796,ntkum
7009955647,owrqe
4594066285,qfpfk
1868962234,vbgzv
1186190571,fwpmv
6971088134,vhxej
8252660560,oxedg
1874197495,nadaa
9750273783,kpopx
1143837994,bbolp
5083922549,sbjog
3524264567,wydhh
2717822369,nuzyj
9397907310,fsgbq
7603823395,kyslo
5594404237,ogxlp
7332807940,grlup
1474822998,ielpo
9719565039,vbipq
9516797364,ucnec
8592972733,lsrkn
3763664019,zpkpt
5449226097,zippr
6482502867,jmots
5778280637,dbrsc
3534822042,npnil
4249788965,zrhwi
1856181423,sugfy
6796701443,stpti
5978156350,xwnia
9591489269,zqvvr
7998191937,kggqf
8867522239,gonhl
9963233344,dqbcc
4093778830,lnbzz
6758005854,ueknh
7702862090,sueym
7657400964,qhpnh
4823500150,efrnh
5614989441,oxodz
2012988975,xsxiu
2677107949,pbewa
1544118913,gncjo
6163112162,sntke
6882181538,hnuvs
3624147457,vmnth
7270456969,ofurf
2920808001,jirun
5233433497,xsjpr
9820170413,qpyts
3077035617,xqggl
9480574150,cnvoi
9961932785,prqdm
3498701827,nssgb
2912677028,wjals
3728295091,ybzrq
3137920727,sprpl
7372072875,diluh
5218089531,dgrxs
1103949972,omjqn
5105689651,oficd
5226904437,bmeut
3624788797,vpyag
1158901774,zwgjy
9659685132,oayxs
6811294004,mvjuf
6944199000,kxkcs
5872669768,gpken
2654232239,xsdrd
3255609516,grgzt
5758827120,lwljd
5207583566,djpqi
8423697759,vjcnu
1915243087,qvtjn
3289061025,ipzxj
3017358398,xufms
1938013096,mxceb
1192358780,syodl
8640832669,ogffh
4220556962,eaptt
3124296357,nvggh
7126676796,kdrem
4556349173,zapzz
2953176511,pzvwz
5958666259,joerw
5991865513,gyqca
2517414540,ijbbx
1528794263,lbswn
2021672648,jmzwm
4600448689,vpmof
1133738628,hswam
8469631964,vedfb
3808725624,cjmcy
1366107711,slbqg
9655777238,rcmsk
1875147995,ajwrg
1899837053,iydmq
6255975923,dufwx
2105427014,blznp
7006841466,kniax
1616874981,bqyhe
8035050248,vrvod
1172362256,mjcrk
6246909164,xlqir
2077674287,mraen
6429804793,ulnbi
7522360536,uujdf
3965707171,qrvxs
8191504867,nlsca
7997841302,uzvgl
3183373778,liwnr
8282588571,ksxvx
4483076298,iumhc
6326765031,fbusd
9526074719,ezxps
6645409138,fspjq
7970430167,bfjgz
1684721023,xhldj
5264403707,lshkf
7399647288,xkfss
1792355389,ahnyw
7460805347,bxvxb
1537616676,bzehm
9289821315,hgewt
5625424645,jcsoq
4216649435,loaux
7776620156,iabbi
9785419446,wqxmh
4815583355,jiraq
1799747311,yjsiw
9657631038,btvjm
7833329234,kymzf
8981157496,qfarw
7236007805,hpzek
5143535293,ndlmv
6780352203,mxodj
4917415108,dandp
3057617088,efpcn
2269604556,igikl
5563313549,pcacy
3237847214,crjky
5885952170,vpeur
8837407196,ptvjb
1457264288,qfrdv
5464696735,webxo
2443046832,ekcfb
1915316129,vpxxz
7453284347,utmxr
1181314428,fytfk
7323596392,hucvk
5442867805,tvomu
9010610970,zndyw
6721537783,lqzdz
8537357120,ukxje
2847964036,ntwje
3162735112,zbrqo
7325116318,fkwdf
3765552930,ohuwa
5698858151,qucmc
8428531340,pevbk
6038463935,prqpg
9408200560,zqcos
8591094584,cynro
7987194284,mphjk
5834438756,gerix
2959572222,jpunn
2226410395,fjzwc
2419408004,olktw
1317761560,esgda
7433847558,mxclx
7519795763,ardpp
7712939174,oznrj
4136411599,dksdb
4659751004,bhdse
2227183155,xlgve
5746574844,pxznd
8340823337,zzhpu
7964741625,mzzrc
3085814748,mlvve
3683308214,udwwc
7789336644,lfqcj
5426372029,tewtz
3991942956,wluum
2580390822,kesfw
4250830728,sriig
3867553061,fxcoe
3388874373,ekmbf
6325185673,fnwgl
2003359182,mfttz
9968688831,nfjxj
1084417040,pkdby
5316900638,ledvh
2975852254,xemfd
9009562800,lgfdz
4297598599,nlnbk
4290914760,clwdm
8128496921,itxat
7136007552,hnyco
2116622500,kurac
9051805391,yaaqy
4492477189,lgxlg
5890171378,zzggk
8582725788,qrlqw
7181261227,exacx
4341305001,ruxnq
4276033622,hahiv
1928107805,mziub
5057865780,qbias
8520877148,aemnn
5087894781,cdnjx
7570555316,mnfys
7226889988,cfkpi
3992927143,ozzrx
3197503664,wyvqj
9595017428,kqalb
8565865663,qjubl
2220779267,fkush
8918016477,gzili
4876271723,vysyt
3845493328,nmuhb
4774387574,qyysv
2075606528,bpufs
2229610569,frnxn
9581805842,axnix
9498456904,djwmj
8897947579,yyzhr
5236901319,dqmpl
2346969822,hkwmx
2610935791,hkdem
6162226418,jqqhm
6940107939,pnoqz
6277624778,xjmwf
8976333755,misrs
2454401922,ktpij
5127180632,abiqu
7035778930,hgmzw
5275062066,afqgv
4626519281,roxjo
6368298805,rnyot
1182440172,kiiqf
3904106411,lujtw
2951485790,amylv
9627708374,dspjk
4025022593,mwgxn
1541351751,ihjvo
4992452516,qykuv
4985023194,dipbh
4079896159,qakdn
7557984748,bceca
7999715040,hnbir
5217394969,ujoll
3290941563,lsjsx
7116916345,sadbc
1551045538,mrrxs
6085172907,zzjyt
5478249201,tpnep
7355846372,qnjfc
6800171325,doszb
3095735675,vukdh
7919795058,wzoex
9383821678,mrkbp
3308145998,ddwck
1559883773,nrsjb
2953256088,zsztt
3391367174,jnjfv
5788296951,fowiv
6216666979,msbmt
3124350808,fuxpz
5818051585,obixp
4611566692,ybwmo
4036955986,lofjh
5676741494,rmevy
6946398007,jdqok
8928562276,nchmf
3153374921,aisrz
9773975930,vyvpt
5246658819,uzuep
7410878611,vluse
3018792556,cfsuv
7035147603,nrkae
1561901832,yewgi
6721304533,gnmnb
8689922206,tnfly
2963066616,ignye
9878916113,ykrfc
5990161940,ubbzy
7581001867,yksgu
6670866557,aohnl
9217978742,dgdjy
6035969931,jfgdq
6323136772,eshsp
7277755498,fihxm
3027728428,rhcdb
2327154959,jgxvl
6687302235,nxayb
1319812598,txzzp
7772723881,xsfcy
2504126513,pxbel
6861172493,ldrvx
3306216300,bjzxs
2057169451,pkqkv
9456831607,grpai
3591415339,jvwon
4202669484,dkdrg
4538347062,idwzw
9666643530,scpbr
6037917153,jwdor
9328314198,hjxuc
6530818388,evauv
6096812994,xfgvl
9550554280,jofro
1961176637,whwfy
5028029527,whjfz
3725478958,ruhkj
7165050413,shqrq
3166460574,eatce
6023664519,wfghe
8083614158,wfagy
5861392772,rqppq
3226903546,yqypz
2552323115,bncjp
7383231156,towof
4140982036,xcofd
6987604605,xfsvf
3755205184,obnkn
1014261064,jbpai
7849310853,lxwio
9487392180,gljvo
8802924732,ijqnr
6537624063,wdddz
1142601723,axszy
6976485935,wiacu
1636156203,tgzyg
4863698191,ajycd
7183940427,yaxik
3546721916,wrntk
2008042355,wpgxv
5064906079,wxjtv
7127778921,rfxes
6437814248,srfqj
6478906785,afpvg
9136887015,gtnwp
6584209579,cmsyr
8754249415,fkzrd
3338936827,laawm
3827030392,cwpau
5700957590,ajina
2748475781,gwaxo
7236951565,stsxq
7483197403,hfsxj
9655480405,qwjcv
7712691620,glhrc
7622581412,iefsa
9319325101,vitsd
5953024286,gfnaj
5160460736,igyvi
1765499255,ocbnv
1360512736,rtcvl
6160189483,wwlaa
8382674555,tetgp
5292830529,laxbc
9191611847,gncgx
4576168607,nuvhh
7687098693,itdap
2197437861,qwned
6787730692,vtkvl
6906953064,ubnyx
7571929594,sfhxl
9520349017,bwkwz
2192589610,xlcuf
5481112837,kefbv
6123576564,zqyjd
5049910254,notav
5153133113,prrxt
3005176598,mteln
6253846780,yutth
6543828236,hwujg
9787443918,kaiok
8829797636,ihejv
6176281657,tnlhg
4346578336,sptzx
4195602366,wcwsz
2762605350,rmvlk
5893025024,jvkof
8215856506,rxest
9219138897,pikwt
8168003602,cxywu
9157670065,xgild
2502966241,yvdvc
5843407962,fhwnp
7931267772,ajmri
4112809576,svktk
7993794600,pkume
5808673262,dlwdm
1375981277,gghfh
5262980409,mqucd
8932792278,evdyl
5122483195,aatsq
1086798764,buiqo
8314928345,jpril
8182246580,wxocm
4557037103,nuivu
4318534187,inkor
2331505070,ykjix
7680727371,mzhjv
4187755011,tirgm
9592017110,kymms
4585066186,kxjth
1659236912,mouuc
6212141203,aymoz
4677732265,ulmce
1537781519,iimwh
6318239697,oszvp
3064233815,icfqv
6692740281,mylih
9208292498,wcpcl
7647268591,tsapa
2224794874,ztxxb
7785743657,kfidy
8473464475,khmab
6699087056,sluxc
5191732836,irpkc
9338457716,qkiav
9766763086,sgslz
3025600291,bdvic
1928782035,kozlm
8134905062,ocfgu
7524227593,xwhjf
5662421688,qdbzu
4514346932,phkaa
9814959798,xsaig
9252889987,ielaj
1642000537,ffeze
5516026802,jkfae
6437293990,qkzfr
1666418629,vtjvk
1927366162,dzvwz
8960633644,uhqrm
9615242743,sugtd
9763306920,rdbig
8505993758,ieasn
4703158975,czttf
7237362870,ytcjy
6143519513,dquvp
9987098504,zjkop
3057569043,ubwvo
7196585638,jvvul
4850130586,mbupw
4967266009,krhef
7846418039,zyhek
1937162798,viypl
5233759136,qlltp
6986433524,vjkmz
3406404357,dpnxe
7359950993,lmmcx
9432909711,msszc
4313967497,jcwfo
2806688066,jurge
3559158641,bvlxq
2264185983,anllr
9217177415,dzgmc
4550052907,jhzua
9433830576,pxfug
9598457337,lxpbl
8837536394,aoozg
3210084024,opqxp
7736933200,xwdvv
3803471829,ojspv
9390820366,xzxap
9425903872,gdrka
5055367123,piitv
8242203332,sdhul
2493956389,woxmz
6534430404,ldksn
9384098245,ktrem
4307498449,fxjew
4542017668,mecvm
3840960802,oeszq
3569428656,cuvup
7882217598,frqpd
3223779053,tizsv
1123924093,mpizo
8655624968,iwtqv
1284934280,codkz
1822771157,qvgoj
4747311497,pujxw
6974510888,qdylg
2582273917,kchcm
9503460194,hsqpt
4321952578,dbjzk
3454453695,ljctd
8548136270,kfnyv
2167702804,zvmvg
2537372362,qhelm
4154677800,hmwtu
3683947972,rwybk
5537834357,ybqau
5333206719,kqbdw
1557831468,hzkus
6930000019,gakly
6175103599,urofj
6405474232,mmldm
8838397460,fcbnz
5381240652,bbele
5030015885,sghkv
8785712920,esvcj
5758795418,butps
7972180675,jswcb
3701296681,diafa
5232454305,okhxf
8507560155,tfvkd
1183194052,icywi
4524885842,mwkye
5081608263,advcz
2933910177,miura
8094868308,hlthi
1934258155,oikzd
2900835984,anhca
9198917672,btgjz
9893639307,iqaaf
8478331836,hxoeo
8142765760,dyets
8371828107,sfmrw
4109457308,xtmoh
6959980489,hbzhz
7191149592,erxdm
8401562269,wjaqz
6269038824,juyks
5097480001,duvsg
8557102173,stwqx
3444841511,xvnmg
9711347653,osged
2583032180,dcexu
1708938768,sfuil
1292025525,gqjze
1229374461,cufrb
9721068778,oumqr
9583346001,xqoqz
8360937170,iiqvh
6294875693,gpaju
4476287241,mfkby
4498961178,ecxry
6277493334,imqij
5438823355,qzbpy
1059734696,afgxe
3009242856,wosbe
6537660401,xmnes
4845557917,coijc
4011658300,bqzdg
3063787197,teybh
8817385276,yygcx
4131615977,flitc
1591134428,gnvxx
6479001160,yafuh
8589198776,rgkzx
4308605972,ccqwl
7421646559,wqfpg
3057207558,mkmqq
4212928070,zldli
4681728383,gnmet
6041933666,syxlu
3267492998,rperu
1999624592,bajqc
2587559606,digfy
8974625237,zrsvb
8852456445,qprsq
7546141206,fdhjd
3454747725,fjgtn
9918352538,vemsr
5862872887,eoztl
6327503347,xmwxp
1975362062,sokwx
5774306141,dfxcp
9898245026,ghezn
1444674733,ygzem
1672255023,vxmgt
8371737302,tsbeo
2469182826,auath
3575372314,dvmpl
9437210580,jjbub
8904153560,wldyi
1946698832,cptnb
5802167393,ispjo
1937924538,pibbq
1804108841,jyiap
6604001143,xpkhs
9003289968,asore
5964826381,iqywv
3521184245,pjnhe
2567851812,eshge
9725200611,fylxd
9622943427,prdta
7734609437,oqkci
1535336545,vwjwl
6440799000,hgdxx
2771003088,azdmg
8681754211,rmhjt
7563929212,mlqdu
7338978402,qouhe
5942133778,jmtoe
4898012035,ppbgs
6594236939,oawqk
9407965143,wtwzh
1418233050,gjifj
9718711725,rxfkf
2503638277,ulwmn
7993540028,rljzu
7910185883,cgbxn
5430886815,mcjtb
8134698067,mvrqc
8919002473,ugntc
8730010814,lvgaa
5688520068,qmpfe
6754324363,ylkux
4532373119,reyyv
8621478167,geyha
1538723784,hyuuw
6099666652,cbzdz
1770786118,hizvd
5029546660,uycst
2858558461,jglla
8643831098,gouwl
4590108004,stnkz
3355144184,xziat
5509282863,rcmfz
2447408066,kkkhp
8322600343,kmlio
9252674491,ribvt
4719119608,jihdv
5038985621,bwbhu
3003111647,levpo
5681933351,gmzau
5444110785,msoul
7292065500,tbnns
9257486711,hzgiq
3424467310,mppgm
6697787727,esoon
2680159186,rtxvl
2992598550,xqghx
2186809165,iudlj
5747956404,hnmqg
9544019606,fjckc
8072360167,nozyg
9809895277,jeyeo
4248374707,siysw
3272735062,cxisw
2667486972,arrkv
9563350528,uxnlh
2053008063,kfqaj
2908090428,mcqvk
7004436945,cfhao
1748842294,lyuei
8192261129,uoauz
3137964161,mcbqa
1090505817,eaber
3790051298,legbe
4603715701,vbdqt
9854610445,ocgij
9409923168,tbwjp
4450748350,tgdte
7383073183,uobzd
3169378501,nyupc
5621026295,zfyat
7916111963,lqslz
2614555709,anoxn
8900584578,elkbd
1134397462,dxebx
7647903513,tqmkr
7801852761,gfvdc
2951807509,keyyc
6844116920,xyudv
4153955353,ifvnu
1037295406,mndzk
1314849092,bptqk
8861092335,xowxe
6667832883,qnoav
2830726788,yrlit
3325090546,pkjxc
5713056310,iwtnm
2144983745,aqabk
8601853511,mddde
1100878884,wpiio
6117480800,rfvvd
2398907948,xvpur
8740732667,yfvml
1193351536,gptwa
7693239183,zaxak
5095522524,hiqas
7292006348,dgthz
6186547819,xoger
1751595075,qhrvx
8314992779,umsdt
3522704121,pfoqw
1467469029,mbzkh
9782529287,yhotj
1844417409,chasu
6041206711,lopni
4166728454,vpduo
7416880534,kljle
1369903050,rlelw
9476884181,kzxeg
3833270662,kurzu
4446863303,ythsi
4249489601,trymy
8809087917,jwops
3136065879,vkins
7348409348,vtrjk
2822265872,hfyej
9940590315,etfda
4938103814,mszwu
7819378048,wnhno
2347051095,hckjy
1020122855,lnbpu
6492282321,qosuu
4431339480,qycof
3506288334,kbafs
2657299426,mynqp
4249439115,efzqp
8138027657,fdzad
7615040214,uzeec
1041501518,fygsy
3316890352,ezdwg
1574677922,opknp
8076689563,zvctr
5530590883,hqzvd
9675123911,cewcq
8835496039,yrmka
5225850288,ppymm
4769181853,lfhyh
8507993041,pilgc
8231686671,atlyg
8940856550,twera
4555813329,vicjw
8532457072,yutky
2537106543,jgnud
1036055174,mcrtb
7168606717,rkrrn
4900456942,silik
7465112576,gnxxg
7944190931,dalml
7597777640,zwbsz
4483150573,dyccr
1206883648,ofaov
7292913060,vxseu
4327246787,rycjc
5714503011,dngqw
1364855372,vhlsy
4388918870,rjnxi
6995118542,vahin
9897660782,qmylb
4422605221,ogcla
6814120001,pchel
2481025263,bsfbr
5791054289,psbkp
8743543573,acxxl
5241127902,vtwmw
3985314636,ylknr
5976480528,maser
5039545666,ooyio
5889627151,xxbli
9691027059,yqvxv
8454051125,megdi
3388867784,lesxv
4521960006,azfqz
5828126484,mzefc
9545293232,datvy
7561517606,xxzwx
7212844827,uppqy
2612920836,ssxiv
1387054833,zcpdu
4504829108,taami
3460909416,jceov
5037418749,hykwm
7649646148,chmyt
4336420717,odsyo
4769489293,hjxmu
6174207580,vpyil
4440149546,cldsz
5411624217,edrvk
9895258525,ahlkl
1372869124,oqjvq
6122374556,xojmk
1256334206,qmlow
2835430212,ixwml
8810713932,qucil
8116894544,eorxt
8424831684,atzio
9970597327,ljmlo
5299745669,jvkja
8127880781,aspvh
4535296824,xxcxu
8826697659,iuunr
5141443837,rtvcu
9213265568,hchjq
7112625402,xrijt
4818519828,wrtwr
4850822423,fwgpu
6655883676,pcstw
7790313000,njgis
3921024635,gqabw
4232870988,rqwoi
2925441481,llvmo
3982218159,nqdse
2614874886,yqvxq
7742383108,nqtrz
8505900382,wwzsd
6649560588,tqdcr
7441013428,uqoqj
8463932335,suoap
2837283446,mhmgo
7667382307,vvnqi
7868466196,fvlsc
7627329307,ycoih
2040681549,jhxft
9850052447,mcysl
6672830797,isgrh
6039882765,srnts
4787974470,euqvn
4258212975,edggb
5338152407,lllzl
5553197565,eluyg
8196822129,occnc
3926603665,nmvrx
6263816551,xvajp
5477720835,xquec
3277430431,yhcer
2081213699,fmaoj
2233272128,xtsdj
4872215120,bxunc
2536369641,tgiee
9805842555,gbkpi
2198873223,vtcxt
3270477129,abunm
8202155685,qkxip
6925466992,qphyx
8541415615,lkpkj
3273275859,exoyc
3367817573,myenb
7071126121,fmdqo
5407009830,sefhv
9823959593,ogfgd
9785132886,fccta
6828312938,eoltn
8574263210,yxjnu
2483356084,pmbwc
5815653356,mgaal
2403620185,bfxng
1174324844,uzpom
5028401983,hqvif
5808420878,ibpuk
8750234734,fqqim
7152516615,kbhvo
9710567108,ahofx
6217629311,rsrbq
2595794398,hqqgl
3304313703,ypyoc
2831243425,vpmfg
4519764206,uvgtw
3266455105,dwlxh
9673139998,gefyu
4417548404,vmejv
8246588894,vhncy
5887883630,yonml
3980136339,kxowm
4850992904,hlvua
3903892444,lnykm
4246826433,ugxru
6152572276,nvlwx
3657219204,rskaq
8010050398,juibp
9356193698,yrxip
5217094138,afanp
4293141235,xxjdv
9689453224,qnhfq
1805489653,ifali
7812181971,xrhne
8966883638,fhzoc
5207693438,mkpda
5771573324,esjvt
7696205453,bnvlr
5871931421,fdnkb
5058656391,vcpud
9632255279,tlmlv
3610501525,ayavf
9798024013,gxhkx
5384709239,rdbov
8234301298,nyhlk
2480575432,crltv
6885634291,vyxqb
4360355589,avlsa
7945257476,xlvoo
6458914270,phggn
9676686817,omwir
6596475569,iwgql
8608255656,iuqai
2288869075,fbkip
3300978666,lpwxa
4238792705,sbumj
3856932451,hnexf
7941920340,xaxnb
2550967461,qeaoe
7025860991,lukfw
2224209183,zazkl
9349942604,ypnre
7343364951,qxlit
2105692118,jegky
7067046987,bcrtb
3364366666,ybuvm
4012001015,blmmc
1300887148,kxdjm
6881454163,cvkad
3612055519,katvt
6450008600,ivvui
7038155527,rhmwn
4331270836,epfjb
5066733509,pnbbp
4827495142,fqcyv
3355502899,lcmmk
3242807400,oomaf
2668130002,efswe
2310683289,glnkv
6469551449,icbxx
5674387040,hqrdv
1515751028,hezig
6102487103,hcbfn
2977777191,ucdod
1916136664,jyqsf
8755220460,igkhx
3957774416,vlxpf
6324055598,zzpog
9827124002,ioqvz
7975708249,bupqk
9094899512,tubqk
8021361582,lpjrk
4324797045,wawpb
8888106077,bgldd
2816708201,jzedt
6530753031,tzqzv
5783851753,dfozy
9085798816,lyhgl
2596070874,qaycc
8781540601,cedjr
9711562163,bpken
8744301790,xhuwq
1407586048,vpqzy
5695797486,uwwxj
8196761709,wkovv
2955077522,ynaos
3770401691,pjrlq
1250963020,bubpg
4824206077,ksaae
3187306675,yhkuv
2619758808,pekvb
1857835016,xauqm
6931678034,fgegi
2543546622,wkjmz
2863210988,oppfo
1477283673,zuggy
2545585402,xtgjt
4517647858,hxweh
6258083383,akhdf
7908928628,vpyvb
1230467236,ggpry
7061154617,umljb
6290056897,gjsjy
1769051760,aktgk
7718227150,mefgg
7128804072,okrxo
4881829962,tjxys
7348591282,wkcem
9826816276,kayaf
9383069141,faprr
8839763979,vudst
9317491707,annko
4355457785,isbmo
9992131193,aczio
9644699772,lgnvf
7029019856,dihgj
5548227190,msgsi
2718006075,vfcxw
2517680444,drfoe
2578040356,gwvru
7589654935,uptqg
5559193792,lkwzq
6446436632,pitps
9818007331,vhzvq
8833022796,dsnqr
9688667626,zebhv
5615732697,qrhey
5818883062,icwvr
6930811153,qcljy
2293851214,crywr
3847330872,bysdi
4096524777,grzkc
5544006241,gvpoq
7983055152,isaic
1252524762,lsqvq
3989003483,bvzsy
2389222903,hpogv
2062701478,mfadj
9418697318,hpqne
9540003926,uvcpw
8819185328,sjbpb
1447487793,gwbbw
8610011657,zkguy
8760836891,eieij
8817112585,gbvsf
4491830438,lmqiy
1847437829,gijbp
2387604157,tsgec
3186393915,dfaid
8155076084,wcjfy
1572859485,tcips
6530265076,kzpdb
7121099048,pxieh
6276827300,srgja
7984670006,ulpyr
7251852773,ymlqb
3559956151,blcsc
5039281539,wwfvy
3758488828,dyjsp
6136500531,ustxv
9541919075,vkyjw
4363581985,arowg
1418244776,vdxwn
1180089662,nocxr
6204102218,mvzfe
3341106774,gfjnu
4093099248,qsszy
5004714868,ivoro
6193173470,myvsa
5918338767,qouwh
5323887616,kvjsz
7132285777,eunwh
4262788788,aulet
8247104435,eeurh
5342786863,iuhqk
8687802216,jinim
3874279452,svnye
6236491276,ekgsx
1928873460,rchqu
9406401878,qwgml
4945760723,nnkqi
1635754199,luqvp
4608272519,brygw
3330413870,pwatb
8281509876,bjsfk
7623847004,peejy
6077061650,phzgt
7975029299,lggqv
8137408415,nbonu
5717610788,pobne
1507508681,pxezo
4140411953,gimqz
8054229299,crtms
5320372959,cpmjf
7470568128,hpbgr
6871888180,vwjtn
2375789513,ebbzm
9206483149,sfgug
4653527151,sgyax
1046420438,iimea
3798447388,mdcyd
4044103014,ladzc
3469903605,dhcqu
3689587933,knefw
5062372513,olmxr
8323263528,tgjvh
2923385684,ksszu
9386965272,dmjgr
8246783908,wetcy
4683571061,akjzz
6287606145,sfhoe
2638852358,qrjwx
1131019356,yyrrx
5834912685,dhbhr
3739287609,zgabd
4363220430,jdxtx
1603803194,qujxz
1357419956,lwplk
8052856577,iumbw
4928145688,blkzq
5378787292,fcebw
7251713687,bvcfd
1088407130,txaom
3215491297,xamyk
1595708183,okgkj
3515748803,etaye
2816747034,krjdk
2253589668,rxpky
8195237650,xhbes
5112385432,hatot
7555440335,zjqwc
4979426731,wcwnk
8525877907,vpmrz
2769570510,vmxzv
7705088969,bdpbh
3326845203,jyjng
6158512955,strof
9917042349,kkuim
9833724588,swzkl
8753915311,orhtu
4794817850,wnpcx
5442516025,xuarl
9678207344,jgqop
9819362013,hobyh
6663801599,jeviq
7828270651,glzbx
8168348836,vwmyi
4009825465,wbtos
8122847130,ocutw
6557853337,yrapq
9696810007,nqush
4052079709,pppus
8864140983,lrfkz
5180336221,sakga
5929234368,ucjwb
6030007466,durdm
6118015575,qpjwu
7271068311,vdiox
8337001567,pdoyc
6251987693,ospyc
9132082243,nymri
7498554075,hjixu
5341308807,rafra
5141772070,wbpje
9373573250,kplsv
4242793921,xhdph
2768562897,authg
9637907440,mhlgm
7630431761,txwyo
9655294184,luuee
8911058986,okmqc
6151472210,pgufa
3577774858,vadjb
5580379607,xjewr
6204767246,smzmw
9308848912,hishp
1560361059,keufw
3438983211,uykfr
7051096451,zrmmz
9638011446,ccojs
6706570972,pidsz
8882539200,rzafv
5350891979,asahi
3570345818,bihjg
6919943291,rqmqr
9799425031,kgdzi
3819467610,sjepz
2235097410,kokdl
5363388408,aztra
9008911949,muzhi
4986693380,uopji
8973228353,fwwhp
9754405868,pnztw
6286268313,auapo
2504158914,yicmy
1148603119,mnknh
1287794903,ozfbz
3261238039,vakqw
2827239164,oydfs
3247321174,wfbeh
5670674509,hbzgs
4797720684,dgvej
8499135687,zhnof
9022448521,xsenc
9683894871,qgmpz
4224665104,vpjay
3238009597,wlwea
6779116286,whwlf
2579104581,shjnq
9506880510,yfjcv
1605119908,ktrbt
3299484103,xlwac
2068148083,mgnpc
1792018081,lahey
7503568850,pqcca
4429313170,skbgq
3736952031,wjjmc
1981585449,gppyb
9711916466,zxtjw
2317715085,nljet
5298490611,udail
8135797928,bvwwh
1757008419,ptyqv
7055077064,kbtzi
1854423361,onnmq
6197584201,vznhg
8231059593,adhyb
8874925958,kiosg
5297519303,lfbhz
9483697360,xkpit
2469495675,bpjey
4189393514,gzhby
7300557603,ocvvm
8181993914,xcjsm
1626341362,baehm
7652045194,vtmfm
5868975830,eaytm
1065438919,enmqb
8590127583,znvmm
7727121159,trtjd
2606023815,ocvtd
1037790161,czjre
3173399078,zwcme
2584716967,febgg
2348081094,sbjzx
2285471873,mxoyu
1462305719,tmgvy
5992826923,hhfye
1500810571,nztja
8283434268,pwwvt
4546684471,nbvae
3760714675,ccrvk
1815637593,qpver
1064020088,lifyw
1673709088,qzuna
6344841151,jovvs
2353575314,jaacn
3770159292,mivra
9135046987,dgtcs
1140355070,gazpr
1336577137,zqddp
7390652423,djvkd
3982528297,zhypd
4761144161,zsnyq
2598126074,cgrml
4337602748,xblxp
7180795114,bboow
4483447413,reewv
3648981691,cphjb
2080067965,pgfxl
4008024073,zhofy
6982583960,quqwl
7478192550,emegl
4353796004,hszbk
2721891488,ybpko
4761282157,lceka
1798012414,igazb
8600413970,dpgfv
5209557027,mopwk
9858418591,ptimq
5810420983,unpgt
7737320539,ttdlt
2204503331,erdlm
2779456016,nfcce
6501042099,qshww
2094634355,ymvki
4595237191,slhnv
9317601081,cvuvd
3422265200,dsxff
9800382179,mnduc
5506308842,eglfh
2417378282,vdrgd
2020065313,ztwqv
4786879529,yuczk
7789126016,tbqjv
6086850469,fgmab
7334621348,kfeul
5111007935,coegw
9888615504,saawy
3983734885,ufuwa
6036128907,mfyfg
5725826262,xttsi
4449664527,jujbm
6628620684,sxhmr
5840131181,jzlra
3608152929,pkzub
6883463230,aauom
4836571075,ireuq
8386832125,eztbx
9451054009,xvrjw
1171400107,engey
1246532832,xthsh
4722637211,tuyts
3949656748,kgres
7190074739,ptdhe
9846155785,mcawe
5878993817,ohudr
5200858018,guilq
3701655885,ymcbg
5197150481,wzspi
8655522668,htnke
4033462998,khige
4518981528,edngo
1594153251,laana
5065731738,eesdv
4760147246,jjwkp
3366500220,vbccg
8931719719,ruzgs
5776741435,rlyhj
8757560244,qkycs
6071626792,ruhji
3247757295,ccllz
8312424656,aamdg
2285122843,kknhl
4846457514,cewfz
4015864388,siyio
3655023961,pzppx
1113511453,pibyn
1485702240,zscyc
5590171956,wctnk
5490082852,cukfd
7390593118,lczys
7769063017,iuono
4289409080,bkszj
8171819536,vihqo
2555746944,wyjif
7054103438,amoca
7689572591,crqgl
4297225838,btvrf
8865631620,idbpa
3126916228,izzub
2918941669,ucklu
9503512039,bszmg
5192568739,jldys
6589602097,dspvr
7502768232,ledmr
7645258632,tjoom
1099293960,wfgtu
7536722233,hwfdb
9020949172,ywcnw
1104909626,mmica
3646574353,mzlfi
6280222405,itmvu
9825554535,fwtvf
6876274792,upjpb
3169337666,flfda
9007943865,gcwsr
2959417531,amsds
6000679562,ngggx
9787082809,oobkw
6366849558,zoqoo
2701428953,znypw
4185907703,fqadx
1278134509,esxfr
5333517158,mslsl
4940422669,izzet
5658668402,aadrz
8229448780,dorxu
4713959540,kuaep
2926195472,evpum
5289937986,sbkdt
9378190182,mctfy
8168670594,ojsqd
4249589493,cnyqz
1339085444,elvqx
5595905542,ovjue
1479097051,ciysp
2996334684,pqrmm
5102622026,yzkup
8228221223,hyztb
5130327675,mfawa
4274579173,cyeip
8275840349,oxhbq
3997629049,twejs
6473613834,bfrbp
1034951681,eojqu
7017913294,vwccw
4215621933,qbumm
6297283974,hxgua
6712459804,hjrnj
8602938827,slyde
8044035167,wnybz
1090603693,jeqpg
5600539142,imuvd
2053343189,gqtrr
8608591584,hsrws
3218656607,nmxhn
3880648500,xdkyy
1776258428,tskdn
5821401236,vxfma
1742287035,atpjp
7624779837,ksnnn
9670225205,cxbrz
9991836965,ykpji
4423835392,tgyfi
2140855784,phowt
5086382089,nizpv
1410238343,goewu
9377089469,dabhw
5457117835,lgoco
9652025864,vlwyu
3106654060,gadsc
6397607005,kvdxt
2450893914,slpyt
4985302516,ildby
6757168033,xwtbj
8116926360,bhsfv
9954212563,koplc
5916318890,mbuzr
7030871910,njtsj
1592495930,zwufh
9940812941,woevb
4015307793,suoet
4750982356,nqfde
8929610213,atsvz
1003260410,xgkry
9731731155,qzkqf
5410038267,oxsmh
7010572478,hyrjp
6242272719,gbewh
3712087774,ehjbo
2707275242,wrlex
6525195435,vvfhz
9064453958,wbigq
7701886978,atcrt
9715257047,rjiym
2079617086,enxst
6435451570,epqgp
8952978388,ngsuw
1542918722,budeu
8287727869,wudkc
4965275401,jswpr
8544944952,ckpmw
3541733484,xpcpi
9825649098,hsqdk
5989615566,fnsee
8466945559,prrjp
7970733607,nbhds
6877557839,afoog
2104218934,theal
9843544723,xcvjn
2770774849,mbxqx
5971040288,ssnpb
5926713955,bxqxr
5943285413,tcbmy
8042698904,wwqcd
2809317205,fbizk
9471883414,zqkjp
8022018518,apyzb
1310787823,cfwpc
7636927477,nbbpj
6528165837,xmuph
1187812393,hmpmn
7009661499,ekbvf
2675415398,rfaiz
9956462530,jvjng
2675484024,mjptn
2082548758,qbbqx
5746173324,uvmbi
9032010191,fcunq
7177935348,eavcw
2939058285,nsepa
2223932363,giejc
3112737775,zkipd
5931492313,sspum
5652011324,ezqdm
7280021152,adofk
4781004563,spcwb
3855000239,ffbsy
4621565818,opafn
1394122445,elzmr
5079481415,rsrdf
3861305519,ndtrn
5137581374,jupwy
8244567371,uswlc
6567122239,xpwil
3338536098,qgjny
9466652510,gyuik
3272582457,iajcx
6985172200,hdckp
7392113175,ppmgj
3732244210,bkbrv
5375209066,fnkvh
8447082007,qmqfe
1203315782,bsgcw
6676807997,kcisp
7412905295,wuhyw
1082108749,uyxep
2202900741,cbiep
5001336523,fxllm
4689690262,brprs
1722196645,ppkaz
3274022950,wsyao
3265410777,sxfbu
8970671460,enxsc
1980329947,rsfej
9978172604,dhtiq
2375354902,jkxyz
4395834644,kfgaf
8332714985,admws
6493381840,boukh
5153523224,jgyfa
5615407201,ppnox
1925567556,fqnln
2939798671,jbqaa
8998757576,suhum
8443735291,iocna
1711622451,mjezf
1665576054,tjlnq
7033245273,sjuus
9837169037,fcwxl
7550440844,bvwul
2856633119,masix
6843617689,lrjve
7820745089,xouhw
4365010984,yeeaf
3034696294,ydqth
7383565948,ighhl
8201326259,mlgrm
1463047515,vmflx
2832962649,aqznc
6559118590,apfop
5764849914,vzfvp
8761290410,pupnr
2296650119,mhypj
8803573420,zlshu
9453349386,fzohg
5477349450,vmmjc
7633253379,nzrwi
9587700962,bqinh
2905613866,ysykg
2778957302,brvst
1631301085,jgvas
5554928765,jcqnx
8081249265,njfgo
7525886394,swrmt
7570187821,mwwzz
6748575448,bokdl
7632398561,urrpi
8866183523,wlefh
7220643813,gewda
1361380810,jejkq
5282314326,imwni
3856916237,snsee
2163378951,xuvwp
9006731745,hkqtl
9481801476,naetj
6772043556,qqinm
5513957146,diyhj
6279391669,bgydx
2320494558,rznei
5209383706,ztoeo
2673848775,qqnqd
6839726160,yrawl
9793042906,zvovq
5495821275,cmucg
3619406848,acrwg
4224888346,zqnui
2565162083,fjfbx
4901389158,xnrfn
7400011205,kvshq
4525034826,excow
6977819438,ammix
3235538817,iekyx
3125904882,kuums
3460694599,airam
5540815005,ldbiw
7146096702,zldqu
1271746668,zwaqb
3755088799,btxro
4645943163,pazvw
9874991107,szpet
2248604661,uzrbj
5524776576,ptqpz
3133173453,kvczf
9740778424,nfxvw
4129897495,mpznz
2762641236,xnkuh
3390055783,frcmu
6717380171,jjjkn
1805281850,nyesl
5126163677,czvel
5229993369,adlgb
4604208195,geyvo
9754345396,mhqun
8637031671,swcpn
5780831626,wqcup
2461685916,xdwit
2696587250,ccbao
2332886946,vqllj
9211700694,yzeiz
1722877576,vewkf
3476323620,kjcno
5354906235,tjgvg
2191043227,wvmul
8017167192,wggzs
1989075731,awjjl
9800148758,guvsp
5176404015,cguxo
7247379783,dcaye
9942011967,owtbc
3562911734,kockp
9338780023,rlbjk
4900878342,mhtfv
7571637791,bubik
2417424566,esqvn
2937516050,buiji
7801050497,svmnt
2311036493,perrf
6067247417,jxjdv
2331091072,euoyp
3973496348,fzhqa
5684349750,cyavt
7228452479,teejm
4656322115,sbcbm
1566712637,gswbt
6757306584,ifdsl
4823270447,lefgw
2667868127,fmiay
5719629159,nwegd
6687438429,smsut
3154713955,wylru
3282037200,qigsc
6293238264,wjcmv
2932216412,pnroi
7522968143,prayk
7543094457,jzkka
5489622377,lzbnf
5813307393,yxbmv
8128908514,qoefs
5808371471,vdwoq
6059020643,kycmd
7112299125,jbphz
2845506256,dtfds
4769635842,nadhp
9413472468,ptrgs
9259621847,wkcwv
9929613878,wlpfe
7513835980,mmtch
4695109956,eqduj
1917012435,pughr
6658491948,rlwia
1461374068,rydcr
3482477315,ixxtp
1259929910,rbkkx
8480969379,lcdbn
5439097224,yravb
4507771098,ueyub
4260138410,gnjkt
3986689341,nbajp
6208723210,trdmx
5528830444,kikad
1064774060,qqdbb
7504053483,ogxrb
4509022008,svkhe
3948071063,pvfxw
7507030875,vhuyc
9166072283,hbvxj
2347712234,tibhs
1985573963,tdfsd
4056566836,hyqaj
1331816661,stnmt
4863250780,kzasx
7711039981,ukebz
7861721663,yfjjk
7103497895,xrvzy
4332576385,msvgq
1513757531,mpmmq
4485851373,qoxuf
7535296462,gwyan
8382555814,wxwkg
4993120438,hhjbx
5748031579,rgytd
1686540711,osnwc
1011924514,rxkyk
1946604363,ahzxt
3214687120,vordv
7224886174,ulerj
8521141627,wgptn
9239463736,zktox
6940409297,hnvoz
3982976453,dcdys
9427546787,wdkya
8817296872,yrtvp
4342025363,uhooi
7452592760,uheeh
9633808735,fsmwk
5993596774,engij
7177964347,quduf
7944207361,dzvtv
8299591210,wbblg
1645358595,msdpb
9839129471,ycgvb
1775704352,mmssv
8375296656,ibzbk
6078152898,ojhaj
2557913169,yspew
2817407086,rmklb
8559487247,jcqsa
4907174370,kfheh
6242578022,rnsna
4315592768,mcnvp
8229537657,erqqz
4925377659,pueuz
3872801717,rldcw
7466808453,nqdss
3837711169,vimzw
3737754572,jxjrq
5707548279,zpyrk
6726448831,ofcrl
7722762824,yhery
7210613398,pavgw
2256493309,qznpu
3774066249,fbwzk
4665769746,jyivl
7678897578,emxdj
8455174302,owoof
6659141895,vhifv
1090929026,utskj
6852156307,fyiif
8535379128,fwcdu
8921658115,ddrzy
6411094038,qewzy
4682522915,naili
1442336138,afibi
9665711429,ilaia
9555224248,fqmze
1846216579,yoblq
7614743348,eafrh
2994574692,mqqjq
7825840334,swbzz
2803989396,odpcp
1117622951,akpph
4293007399,klvpp
6397117832,cuizu
8639184729,rbjgz
5261022750,eymqp
7920652811,tlzcv
7363911936,hpbbf
5625168243,ybnvx
6629735183,wfsur
4496176937,wukga
1472328687,izliq
3471801907,nthsf
9484662621,yymdp
2976117054,zfcfs
2920235778,zybds
3388489956,enckt
8911068310,eygeh
1719434200,jhesf
9502702216,nythp
1243957302,zlhvd
6645933221,grjvi
8508419967,ismgb
5370064621,gnqhu
6080663494,fbfbf
3041318934,yqfcv
4807191575,mwxro
2125531183,zpsit
2317032151,ijnau
5811446301,ybkfq
6393005453,qkqgt
9946258403,vcudk
7076032996,iwnkc
7455740878,yxcrh
7000491437,qqagz
6621366286,pygle
6200843060,qfhxd
9750667810,gfqex
8408807793,sqhux
9502918622,wkojx
9406710815,wnfnw
3965686442,pjdet
5414181853,wsjvg
3330613045,lblfa
1213321597,kjfvf
9775505701,ymubo
2475774566,xyggq
5664138395,tjssx
3769483941,nrval
2791989061,udfxh
3369107330,zqxef
9141915111,dofhl
7662598651,mvlua
6874952396,accuq
9534332795,gkjhk
8912820619,xakae
7191417962,whkci
6848229136,olyvj
3386976645,noccl
8320836765,dbuun
9396590512,ccgaf
7447654529,crprr
9775769242,wtvou
3112911200,ekxbb
3807756880,zigvj
5106146676,rudoy
6840287713,rjuel
9446114432,gjcuf
3239746504,jdnni
5298765870,twqik
8941866045,pyhma
1990149711,wpagk
9699236311,vvpeo
9598190612,nilxl
8521972498,jvpqn
6365049172,lyubv
7523997429,erzfd
1507683202,qcufx
7925383857,aoiye
7651914618,rlqfw
8344113713,ytsod
7557110773,rtmru
2329193829,jbbbi
6704623680,ltosz
3739384820,nhalg
3343484612,dmcla
9652334066,dovry
3563357459,rcgxi
5846020809,uqizw
6651193328,zyzlk
5945495030,prfoq
8240032404,kytwj
9997577375,jaxhj
3066133331,yjqme
5250905344,kggsv
4056916517,eonwj
8970871251,musdx
8790261443,afegz
5533745324,bkhza
7907612255,wrhwz
1500653684,zssaq
9196179081,defgw
9280025575,bdgar
2737654467,xrldn
5321859714,zxrhq
4479355223,njloh
5268999341,ngzji
6655149879,jgayr
9607747119,ebdjt
3478629806,qbqtw
9090500528,snbey
5854391856,xorcy
8508075228,jwyve
5851799843,qqenp
6551092620,ehavf
1330237386,vzxuf
8808484123,bxvwv
4410610360,zufxm
4029892346,fczls
7637721891,yjacx
4615773023,soxrw
3552959477,pmfrr
3228826860,gxntc
5353890185,ujavn
2464038758,bwlza
6467321282,dygsm
8420441762,gonvp
4040561108,ckhfq
1139031002,ufdop
6739355050,gsijx
9434576923,jauaf
5190910444,obntp
7672940342,zscei
1157007212,yewnl
3976224016,jmqku
1999183602,gidwl
4103766241,pclej
9994842855,kfgtf
6180286154,zvetl
8941408352,lyquz
5156819887,drnox
9063871941,pgluz
5574603698,movqp
8371727028,ozvgn
7365631433,csxyb
7357423357,nrcda
5585674376,iuiko
9231609985,auvuh
2668528370,fsvce
7967456161,pvwes
4561719802,crvfc
7090886599,jwiav
1296555392,emuqd
7887307746,vgvun
4326640348,hohsr
4975999219,szloa
3151754028,cnoyi
5613746853,ewaeu
8150192525,arrdo
3070995365,qjnds
4824298468,ubcna
4845215493,vmqte
5224811996,xcwxk
6646814099,nyocf
3174246732,kzmof
5511002553,hvazs
2258831950,kuhty
5100100069,wtjhw
3357894853,cxdeq
8631991505,aullm
6365217197,hgnem
7658375100,kyxgo
4825109756,yofcq
2291955143,xxibm
6748334240,ilubz
6841178610,rtwkj
7648486676,oggtt
4843583765,njnsd
7237986902,rxrkq
8718052553,oktmm
7343756953,hrleu
2271463811,nxfym
5023272478,uufkz
8941222724,ygkmo
2177314830,jgith
4301536070,cgerx
5207250357,ieqkr
7917208004,ioaof
7222728966,cycql
1402255816,csmst
2838146636,thjah
7697195530,xozgi
2722376734,zwdeb
4946095526,fnbvj
1744829662,osiqq
7011249846,kxkme
7481672672,gzqck
7993852311,tftco
9125276737,qdtzb
4249465174,nqdph
6044299126,wngea
1733976504,ymfcy
2611215182,wpwgm
5044548280,nxpaj
7687605485,igige
2846421158,wseqq
3127446422,xjoeb
8621450427,szqmb
1526218425,caaeo
7694335442,sfray
4931196965,yljhu
3412028579,guvux
3237022696,wwqmp
9259620108,scfls
6498625910,agtlp
8373344855,lgkor
8419718223,qfgph
6888330838,wjiwb
5209740379,ezurz
9497930221,jnpae
5043376011,fqjvb
6372840242,ijfiy
6814889113,otvqe
3073660777,xgxmn
1629173451,wntay
1100145550,newrr
8985679816,kukaq
7846682869,cirty
3210228063,bkhcs
6253308571,akwml
8891552307,lrhat
9653622285,obeqg
2241471530,imnsk
2624058185,qmxcg
5870830218,nkzks
5849193564,resbo
9866399369,mdppz
9754847247,dwpun
1908529519,tzspj
8458680604,omjyv
2146678892,gnkki
2443109374,nzzxw
2348482105,nfxav
1825149492,wpqfl
2761292402,nbjer
6458011944,aihqf
8744932506,isjmn
1507709780,qpcbk
2790052219,kavyl
8435053405,ekhre
4370443793,qmtqs
3967394461,vvxzr
4533572658,uuhuh
2999732400,vpkwj
9092992840,gstbd
8404304258,fcaqy
1033937968,baejb
5343164540,juzks
4872751109,taphw
4635695252,hbvww
8593965963,xybes
8085607651,cdnmq
1836089843,zznty
1315550422,wsciq
3857906858,retpr
6756002693,gqzzr
8334973378,kpnda
7230408255,ncsab
6367547591,pnyro
2283444322,deadm
9470323813,zckty
4495335335,tgpfl
6092970619,veryp
1712174290,ezixm
3426709543,nhgfk
2784273392,dadcf
7879464878,diwsx
6683624905,bggos
8286755204,ddbmd
5292990619,wrrlj
5626535663,wcxwk
3479913148,vbdrs
7452592510,yfggl
5758478532,ceyhr
4518832263,vdrpk
4672005497,gdltj
1649736115,vhucv
6268202745,ooxeb
7625327975,sgtur
7144138448,cpwji
6408774566,qywml
4874730477,ihviw
3375651594,adjby
6871645989,uzwnh
4916907711,rlnkc
6457400971,lpsvg
7958722871,ipdru
8965680016,kuqay
7061594898,umdkc
2903250844,cfinz
9919306170,inssu
2266332862,sqish
8739721616,waxxq
4081832823,hiuzb
5442207249,gexsd
8590144427,qmhro
9112275405,jvlxd
5538705987,mbcmz
4558282208,ogymu
8717309530,enptb
8097640281,iqlro
6579602135,ysmyq
1999685819,znixr
7372533229,operr
5260548364,ajzqp
9374697434,pgndd
6402799940,onzzu
4885356927,iueci
4464787518,ketpw
3810646100,cvdrw
5684556764,zxtla
7162180238,uyggh
3257976276,witqh
4588872450,madxd
7026030363,ooein
7552231578,dhhbm
7603835061,ygzni
1651162098,fwndh
2869007572,kttxb
5696395025,qrmff
9179851085,zowaa
6676194321,hqixi
9759089481,uztsb
1015336582,uwgzb
8973115444,mbcgo
7513026620,jbhyw
4255662697,kgdey
2794176510,gubmv
3906939698,rbjlh
1920355378,yrski
2551949885,enlcb
1411327058,wptnb
9267724547,jmbei
2110560864,nnvox
2724953699,zuqjr
1906865765,egfwr
8084198249,ruayr
6176086223,kwaqz
8171187057,qgina
1078719404,nuqcb
7294520552,wciwn
6190315749,kvbyo
7646943829,zvtpt
9978154914,ocdfw
1293098735,rquqb
9368242303,wryjk
5504781786,dkyjd
1496239939,wxvcv
5517994474,zvnjm
9902133991,xcbrh
3753494313,ikzvc
4235680300,iytqf
5071382324,ksane
2470410943,krxrv
8437569728,nqhcd
3597705218,pmsyh
9938929644,upwxh
1130916124,zaqxc
2351268270,nzcvs
3987405541,pralf
1453100444,eogwx
1899254195,mylvu
9072229045,cqvmc
1759063590,igpjj
1777028367,pkhel
1284184713,zfipg
2894701485,dnrub
3188630133,bpqhu
6842890355,mnick
1072483805,icfsg
6150493062,ztitq
5555999030,oklzj
3722948463,jkrdi
9101497508,bxhnn
7655794991,sfehz
1631006037,mlpaf
3656972613,qnvro
8641265572,kogri
2943002451,buqrl
6682693774,pzfwh
8196170088,gvvgu
2039785299,smbhw
3461808862,lanbc
1699347494,dqzoo
1411150927,aywbc
6732134215,xsbsh
4506201432,kxyzc
4618292166,zxphy
6379743806,trbbe
5919143277,ryndb
2491880201,anvec
9764958357,pobdm
1902766949,snbgq
8562756622,uhzxe
4974181278,cibmf
1093212266,uohsq
8378734419,soyxg
7395906281,tunam
1454481044,ofckx
7661238836,wifjk
8334735906,qgzxr
4010716534,jzkid
8651735678,dqmpa
4669843321,mxnso
9320807331,hzwqz
6835266650,zmglj
2425525875,qpoix
8354417540,wfygy
2668833627,sgqez
1967338421,oeiad
4609344286,rxnar
2073663786,jrqcy
6706198203,xmcfo
8842419587,coksn
1502079154,jbfdk
4978234490,bxwif
9011045991,bhdrq
2556459057,ncohy
6929123874,lvzvs
5332099275,gjhas
7748335808,pnkyz
6050871746,rhuuw
9676855028,hkqdt
9057613623,jvqsg
8449253930,zfqmc
3285527498,ucsun
6273289132,oqyld
2274777242,xwpjh
3324510197,zrqar
7579405549,knndi
7865297106,jkhjq
1661812372,mqmsj
6374900666,bqvbj
6484507404,ckmtl
8563754324,adpxr
7942054857,gqaji
2387043230,ptbui
2073666763,thbrb
2973350320,hthjr
4573493809,xbhju
3724124183,fndyk
6088576483,vbohf
4389351479,lrrql
9403539003,kpcah
3574396977,ftess
4196096776,nvmxw
6980109218,poxka
2311710507,hjfkx
1093524266,hufrt
6478059633,ipjcy
8884233283,zrifl
7277113223,thrml
7655725835,gjpuu
1261531961,hxhgl
2960061976,yisye
8242600884,pojxt
1249678125,oxsjl
7545800476,xojep
9334937844,zclrv
6067889246,pstol
1275173287,ptchk
1448972201,eonij
8655445259,crrdn
8485644546,hatzi
9505463156,rjwwx
2107683957,wdikw
9103061577,dccko
9473096879,ysbnc
8516538798,wtiiz
3303289434,bkddb
6992675034,tzmqq
4770320468,bwzzy
6630780014,ohyoy
5968320471,ieftn
4890150126,qmcdy
2556758970,sfvhb
1646259109,stfir
5137677394,cyuzl
9041042831,qslnx
9051577310,pxhqe
5707047767,xphdb
9935477761,amyhd
8183525205,xghle
4354607982,effek
2325322408,axitk
6552140769,tsefd
5690438353,xjnhl
2993336613,yhwnh
4103718763,xudkg
1138059655,nfurg
1842495603,rbhbl
3748635667,ycxlx
1082462091,dpplt
3282726868,bfusm
3420336452,idyxo
2982404274,utodp
5460896539,ysjmn
7258597723,cbaut
8874361524,fbevx
9836148858,uvqfi
2623490040,lkujz
4411764606,khvgh
9463643292,mjghj
6694575141,ffbjy
7807835937,wqjda
2877234210,sxhcq
4156460028,vdunt
4066837597,uhoye
3323371423,fpryo
4178144393,anhzb
3019020148,pxycy
8192883787,axzbt
8238349045,dsfhq
7168660683,nyiiw
5724460094,jdwqm
8267202229,unnln
9217910272,oveuy
7789970310,qumlr
2821636790,hrlya
9023591102,zqbvz
2828043915,aggwm
4076256979,bauca
5854134514,ktjcw
4929811524,pvgxf
1172959313,oynwb
6781231723,dgtcc
7095345040,mphbo
4609210424,mxzdy
1233104534,mlxqf
3944753523,eaknp
5107489611,xptug
2493058400,pbvqx
9424338994,hxngn
8154699835,aoziq
4942070078,qhhal
4269914465,mjcrl
3732050456,saluf
1714602137,dcpzu
8882239399,bzvad
4394077449,zjjyr
1428021061,eejnc
7523444310,cweao
5633299124,coczb
3792969258,kqscz
6136874892,wyois
9431057043,ycjer
8068700683,pebpi
6383002511,jwcdo
2625761843,xthnq
4513556749,gsfmb
5487573405,bstyo
5496681008,cihus
4560502010,obhlc
4140497910,xjbni
7356390282,uelxh
2266969012,nrzwl
6860628233,bonqh
8780276242,lflxn
5567410338,leoms
8329901131,ukvza
7408269639,dxemc
7529452603,amnrz
3246512619,nsywu
3319745326,dgmnz
6729751403,gdrpx
8843506165,krtsv
3038816769,svqqa
9593908371,agcyz
3727301222,emrid
3118379560,tyagk
9182840250,drcpy
2134527081,eggof
1351741550,uwszb
2291094374,pwdzu
2744442975,cwvqo
5997770577,ykiyh
6298904083,gpomo
6181947356,oqrmb
3624580850,nnogn
3548463517,zuuhd
5471944040,xvlzm
1622134575,nqlzy
4711266856,boesd
7737230967,vuejb
1881426227,fzqlp
6813666096,cblzd
5285964094,lfafr
3629719492,gujue
4948266338,hkhpq
1084563314,fwfck
2127348517,bmdkr
2145069176,ogekf
4646968255,tmrdn
2409419481,kfxrx
9664755468,czazu
5263691785,zqzay
8412785911,mmmdo
3688281952,tomjy
4506027275,kkmsy
4644389326,vbfxk
7888688735,fhxho
8440357997,oteyr
5157863827,plekh
6715710042,uvrjn
2748326991,btyjb
2770431612,eefbl
8818074013,mznbv
8765465279,wfjdd
9105131946,tpbpl
8724329471,ktddm
3814827820,xruun
9962065881,omkul
6810271258,vtpzg
4981118073,ugyce
6120658999,lklah
5264551175,ffqui
7247694137,rddsj
8273788316,fenda
2241591853,xqyxs
7671795515,embfs
8960546496,odqyv
1956614144,sildi
9867979971,tbosd
9927136948,fcgbi
2890425875,zdxqb
8170902659,dcshg
5726516559,dmogd
9442560730,eggfd
3926982908,tpdda
8465973516,tgztc
5878661188,uwasp
1252257198,iadjg
3034697453,igdvn
6412823033,khsws
4870399653,pwwwc
2738197925,quqto
7797924225,vwyih
5492638626,vuzre
3194196191,fhykw
2197241021,kfgkn
1516022603,mfiwg
7872281308,wgkth
3127945549,fzpjy
9371706971,aqxlv
2249525811,cwetu
8938799693,crvpx
8520309983,vakpm
7015280552,gxvfz
7414813813,ixkrb
4268316562,xenwm
6349189712,wozul
9198416110,qegmk
3401336094,itqmz
4344058964,jnaim
5734623296,xtanv
4264113525,uafdc
9032289223,rsktr
4756339889,fkxrb
7863787389,ydwcb
4025183856,vicin
1493505389,wplxd
7942932973,zwwmn
8656903864,baipj
4814909432,zqnlz
8425359119,ulrpn
9542500789,yjtuc
4134765734,ggjzk
2430392004,hvojq
2801651582,lqvgs
1421993003,voedz
8718711643,euebv
3967147959,qyfnq
8301098288,pumco
4110347751,ujblz
3920142189,hxndo
2736027192,olfvs
1410800198,omjjv
3650227481,hfxwz
4038961415,fqeyg
2504786514,fmxqz
7641549704,xmuyp
4123087791,tivmm
9598021033,bqxcy
4731256624,mgmgt
1450451370,nxgbv
4635574284,zznsj
9905770641,sahxr
6830320196,zjzih
9604937740,mlsbk
1677341078,jktdj
5132212438,klhse
6478396371,dstwf
3453665176,vptbp
2405014418,kuqqz
1631308005,hgciv
1862397184,cneui
2439719749,izage
2998371987,qqizm
6752379824,rxslh
6375604882,wuypf
9903530986,gldbd
6388619598,sbupz
9638428307,avhzg
1824194600,kdtin
2503764864,nprgr
5191452165,kukrm
1204158039,ywmed
3655328595,azsaw
7117974300,vtsza
6710637960,pohfz
7298082547,kjicp
7030172144,qsheh
8725898748,ntuqd
3975687579,ragym
3616321028,zjian
9757910990,sxbrq
8067078097,xpggf
3375927789,xzzoh
4877976026,zeuax
5431522289,tvcpv
3498268924,xbabc
2614048110,svkvp
5606999489,wlvkp
6162281828,uzkcq
9598037697,btrcn
8303700443,uwjjm
8588646281,silim
4273136925,pigpk
9704302881,qpxfv
1386715308,pnqpq
1771752874,szucl
3496418183,bwvrc
5645762967,djuep
5787518035,bozik
8529284543,fnrgj
3379874797,jhrdj
8976388997,keuvf
9269233385,jmhbl
1572953828,ynpeb
7150613356,bpbmz
4335500209,fguid
6477456967,hcoyi
3487521575,fyhdp
6456088453,yjven
4902803721,vawnj
2807968352,gpemj
9892051278,ykebb
4049145360,orrih
7222488146,htbcq
2930308714,ydpmj
8577209920,turog
3551965914,zjogb
3133924231,cbkvl
2131248466,odszx
6766676496,raflx
1802148225,yyiyv
4857487450,vtmgl
5717494327,pgimb
5410258557,fjpbe
9176507259,pkfiu
8486910045,pitrw
5768759674,dkcjn
5206105742,hqjby
4414422668,uemto
9495509324,kyypt
3013893361,howdv
6362635237,jjqnd
6659129011,dhhpk
1396381932,rizpz
4360558907,nvuww
5587514291,sowwu
9445829444,sxkpw
9226763164,lhwlv
7650676876,qqunl
4845508418,bruec
8142333784,wftif
4333424491,xezdn
2013766360,ugghv
2053103174,oexeh
9838076411,kcuqm
3778762695,rcmix
8321092690,wbkfu
1648556037,rwepo
5811743027,xfuyk
7072182213,puxzw
3321504885,sehlj
3509183119,xupra
6048798513,cgduj
4711199662,prnkn
9333622531,bmndx
1845085009,cokhw
4750946687,svpkt
4631623744,vgpyq
1932497962,wznih
3321097985,qhrcw
4889434876,nbebp
2380921247,cntak
8981231379,scvsd
1335670565,gevuz
6517079291,nkuvy
9289679095,gfzuk
8098446227,wipqe
6935071648,xfazu
5749220147,deueh
1519604551,qbepn
1717902740,narbm
7922592814,rgubh
4143791064,vrmyu
9352227293,xwkqh
4057856470,hdndx
7247145511,fznck
5250436258,wxzma
4750123742,lbbrd
5413545436,kzsmj
4469037410,ttdxi
1389643712,ifqmc
5286416372,ungbd
5222215177,luknd
2856181054,clxtc
8261566505,beyek
8051718611,qwxum
8271212136,fyzlm
5673906748,wwqog
1860463186,xykyh
2188268254,lhogx
1728375997,zznpy
9711683256,naggv
1422752102,qrswx
5960715232,bobgo
5462780185,xuhtx
4701500484,tgdvr
9489102273,ceiqr
4847247048,yepwp
8038075235,erewh
5050551360,duihn
6182224638,ihcjv
2114867543,edknh
6761268725,gevip
7887292490,tnekl
5402885287,ndhws
5224507518,xpcpq
1699890815,hafyu
1993389907,ztans
1687371217,pqjku
4829160572,lcgzm
2785422263,vynfq
6992068404,nfhrg
8005194849,eeese
9447587705,atomp
5354859389,ikoof
7469971343,vuejy
8337251200,chlfz
4904637309,vsfls
4069317165,itlrd
3961357948,patxa
2159286602,emukt
8441528038,nashm
5420585789,haqfl
3539073370,kntcu
2653479370,qhqsv
2629378339,xqczf
7992790562,iqoow
7008172138,gfqdx
4302417066,cfnsj
7168165053,xtqux
9260216108,jbqwb
2852783095,ipblg
3441978711,xydvb
7402344461,slscs
4634389649,tqgkq
5604206283,hzlub
5453194745,kqigy
2224932394,moafz
7352855112,uiajt
6901827231,aclod
5461722991,eiifh
2852548390,dqjnm
8022624906,yjzva
5444469476,utpnd
1172656172,gvtzt
7640981341,tzqed
5311120622,aljev
1513779300,jalse
3437084820,ounhk
6992539787,umvsy
2551786471,gfxia
7798341640,dgbck
6146527560,evhya
4456225132,sjgtq
3695699016,likec
9922325800,wnojp
4174639027,dqhkm
4021575436,usfmi
9050686377,amhuy
4416642467,sczgm
8243120319,omxkr
7332142623,asnrv
7804600617,yfnxe
4490139781,dpdqt
4342452260,rmnar
5106013198,oqsog
6708147918,rlpvs
8401501797,ttubq
9573572997,npavf
9370752138,cpjoz
3247167454,xswnr
3929302668,dmyvh
3763054237,incpi
5804139484,vjafy
4301427578,ueygt
3840548760,ywrkk
6021005995,tcwme
5582035868,dsubi
8709273519,qvehr
9974728776,xyqez
8921590476,pahwa
2705034130,ybagt
1965176306,ffrqm
9404421803,rsoll
2426801477,vrbrv
8521742812,wcxou
6769316534,xitaz
8485402254,rncvx
5815122344,bjvkq
1693667333,lozrs
6022872697,coost
1824483222,ijhzj
1703058311,sqblv
5221278480,qoryv
8875240806,fydxl
9462687860,luimt
5087258070,kfudb
2776886595,zconh
8922643137,ldvlr
8323718215,dijus
2412805702,gapxj
4380610064,zjnpv
8779723478,pilfu
1060054970,bwilh
6419327359,fizbz
4245271389,pcagn
9361753765,oonav
3868106678,adtro
3780834510,fwjcd
8488616709,digqh
6699906187,qiljc
7419213434,zcizn
8955231422,ldvbc
2607208162,hdudy
9639215721,quyhf
5760807091,dexew
6390982661,etpud
1024700904,gdkcy
7549658568,hdaej
8868859618,zkwue
9711222309,jppkm
4978104654,pluhn
3438024064,aiesr
6708792415,liczl
7269467125,fhofo
7820284584,zatdv
9637450869,njiig
3270757356,stwgx
2733245965,awpnh
3567049810,dydts
8845735673,fyjlz
7747142791,ccpnz
5129962430,lhkbs
5004772541,jazgc
9735222311,alzmh
2622378724,febfd
6141009388,hxouq
5242098299,acldk
2168468003,qipoz
8221585406,vuiol
9702753753,ldknv
7797090819,nufbk
6933152293,cslmb
2092345618,tnfwo
1800494115,scrtb
2044450120,wvkpa
5057204387,xmoay
1950513764,xribg
2370135250,wpbpk
8801269587,ywldx
5906061609,kvcrr
8269141255,gwhva
2289529934,pijix
8549242720,iyygb
6882135929,ncqik
1615437419,rytjb
4908504573,jjbnh
1636390504,jlvxj
3576988088,zbfhq
9577967876,qfitd
5512446689,ujprt
5180765039,ifpuy
7095957923,lnlrv
1290601991,tpmga
5877681746,oispl
1040328330,xtisz
4938563892,cokom
8082454241,sirds
4237383392,bktpr
7934839841,ojzxx
8468047549,tpurs
6368016009,qpytk
4957851311,xzwng
5236304225,ximjy
1185821627,pmbsk
3631437453,rvczb
5768065004,nyjdd
2971291881,gpgim
7349664745,iahux
9673259615,yvrje
9046371857,xdotx
2959101192,ekzjb
6363988078,eybse
3579794411,wygvr
4243485475,krmrc
8941251615,uolzn
7307834810,ncaxt
3277273202,qmwak
5764226597,nbnak
2033125905,wwvah
1185911669,qmstt
6580248568,sdzlw
3073024657,xcbcc
5877793977,fiyqi
1066513099,kgepw
5040104897,yybqa
5858147003,lztde
4412518340,bfspf
8953281119,bboxn
8141252981,xhjef
9658305529,crkdn
5030045088,fyypf
8214873784,ufvdm
3404954058,ypeed
6134052502,ahsjh
4684495623,hifqb
3942367586,dnyyj
3287943978,rpero
7993534629,zloju
1122419869,iyvxz
2852834255,sqkti
5069788501,yrwrz
6567913095,xllyv
9864134500,qbxgp
7461930938,ocazf
5735197592,fhyrr
6485419911,latsg
2292261481,qroax
5794223128,ugznw
9481340808,ufciu
2661303803,lpyfm
4479685953,bmgkw
3556603863,wekwr
2979296092,knczh
8520896191,ckiva
3516797530,bkhvj
4026615667,wwnun
8091351118,hzwem
6965382474,jwpbc
8919677522,cwzmv
4990794139,qfczp
3130343917,pepqk
8851492210,trlyf
1067749867,xvwnl
7330242664,eritw
8253816445,hddjs
9372508130,nbzpt
6160099611,trfkv
9574242935,ofrwc
6583233761,upofa
6506302069,ehilg
9389992620,noogf
9538286586,fzbln
1242569967,hidcj
4994217148,gyojv
2952641240,eqbzf
5340768190,syzlo
6395287411,lfeof
7920874528,ebyim
6891623934,nfixm
1644069694,kyeoy
3492603745,rwfus
1645538447,pmsqa
2337853999,gjdrk
2769189142,iince
5212914673,hblkt
1767496131,mptgj
8005334378,tnive
2858591827,qcaoe
3304696232,zrtra
3327385790,fumwp
4723450463,ysnvd
4371880817,gvpdk
9133045769,mpeic
6065831760,rzpnz
4404619226,zjuqs
3538987211,tjxjo
9455225817,yyfth
5494128349,ztaqf
1190709438,kychm
2809898655,imyuo
1653780454,ubwxk
6194861515,gakez
6316314472,uloob
6528867833,cauhm
9321835275,hjehv
4075762603,gshfs
5535231327,pntow
7546243725,mcdui
7388276904,jezep
4560198371,makqv
6816979193,yiflo
2035636627,jtlkh
7040628685,rphud
4175432346,axcnx
8734863762,iworh
9208225117,sauul
7656049641,xtjvf
4437824298,thwxz
1248105000,trjay
4206618496,nvxlj
9364440390,lakrh
4306118377,ppwey
6218121602,jhmkz
3558193652,odplb
3562809980,kdeyz
5132949730,fklwb
1516148741,yscut
2815387879,uuetr
3215461615,zqvuq
8907246495,xzgtc
8822759873,mqekq
7733947559,lpdyu
6190412324,vezkl
5271762760,bqfwc
1676680049,ghglj
9194883120,cwvht
1579591820,ligby
6936823290,nuuej
2021365640,fjkfm
3695032283,vyrnd
1263720602,uuuwv
6516112550,chuaz
7937693120,awmsb
8150364274,oqjrt
5444864252,keyrv
5027821313,qgjve
3462658423,ffiat
5223663322,khlno
7492568701,seajj
2711676387,osyia
1147543617,rokud
9644713636,uksgy
2009515010,nusso
7900492144,jvpdy
5900885435,ajndo
8464059472,elhwl
9057301896,goivo
3237371600,swusg
3653970639,vlgkm
1153532820,zaisu
6195776301,qteul
5149697854,jdira
1498051803,wixkf
2501758971,egxma
4615667701,jghux
1795712102,knwwl
9608672119,uywax
4058523908,zbvkz
2670878789,rwdus
4769514602,prtkg
2507425699,pvxik
9856232417,djdhl
4690548868,tuxbf
2816593540,tzlpz
2526969560,kcbkw
3112718190,bwjfs
7801235263,mwavy
4705565009,ltpbv
4758121289,wsisg
4593318983,kmphk
2801095174,dibou
4106465107,hfyrd
6297353889,wqzcf
4487970552,utrud
8123147388,xnate
6402735313,mcuxp
3781259371,xancq
8851230569,dberw
3902513264,hnwnz
4806055132,zwnlo
2506999242,xvifi
2335790329,ltxby
6566275114,ezqhx
9660928633,ginlc
1193383561,bjdob
6944779962,iuduy
1551669782,yofhb
6725736127,mwofw
7430300236,rdhut
3603207840,krvze
7307439998,pmthw
2816829463,fasfe
1072978983,ymjes
7343930075,hmfuj
9723103379,leyaz
3073709829,pegas
4536559487,anaqo
1149131120,cfbbv
3857866125,jmpfs
2252934062,cxscv
5742877378,uogad
8596062806,sampi
7386088046,ejtxg
1682803269,sdziz
8864744481,hclwj
8810427785,elpys
1753653447,gmptz
1331328083,zgefw
2449111377,lkecv
8803699036,pglsn
6631657805,vfanb
5185531262,hskmb
1549580526,vbhnm
3996369833,qglav
4041718317,brfqk
6668778417,zkyxf
9658744619,awvsx
4715086384,iijdt
3148983651,feqzv
6945290996,qqbog
7893225399,vciro
9717541145,gprii
3911007132,lpjpt
8779759161,vlbss
8809748775,bwphg
7014517769,ttfni
9835722184,igmmi
7115393139,gfkbw
5190797374,grrtu
2737878994,yykwg
2916294619,fnqmv
6931730661,nawrh
1593016873,xogyi
3394715701,khotn
6800194904,pvytb
4301142461,ysjwj
7324423777,acpzh
8782059950,wublf
6644735861,sajac
8802470162,sjqru
9824280879,loeyr
2253735890,rgrqn
8339998817,zealg
3956451449,ajagf
4442717734,ujvhh
7795391973,hbumm
8375786987,ashep
6797117936,lphkd
8206565125,kfgzr
4298230680,acvgb
1415190254,dusts
7661763983,igdgz
1150527715,suspf
5617469745,olqce
7402767192,qgofu
1913632396,cxwws
8250562285,xtcha
4531763081,zthin
6974671414,jkjvl
8759379696,yzjeh
2941890326,hfstp
9592955209,owxei
2110465159,dnuej
8075803866,qrzvt
7381065651,dejfz
8712990901,uykly
8324768334,uqjap
3970904662,peefe
3931892414,qotsl
6077965087,wgrlc
6684341781,qnkxq
8653104919,bluhm
9479559797,evbeq
5332197878,moxae
6947152779,vuqrz
7408510030,ujhly
6946384555,xewef
9264095042,fphsc
5176921269,vyrcg
6758453135,jogta
3343397079,iuskr
2290037672,rwhlv
6216125147,pmxgq
3329979069,snibv
5300376323,vgsin
5648361736,wqiwu
8389748646,dwhhw
8742656856,wulkr
9629444073,reowd
4338009601,vopzq
6338586113,yhzvx
8580977750,txnhg
5980473446,tkxed
5804103194,zreqm
6287616457,droou
3619318664,slarf
3982408958,plfya
9413625731,fsmya
6286300769,zbbuk
7901459069,jumwi
3228650988,vuqcb
6485574191,kdsze
9820116264,vyheu
5474258943,dzjyj
4543083212,rnjjy
2400504951,mewaf
9230165042,gzaaf
7544965833,thkrt
7336476240,czwrv
3057059820,wadvu
5489872553,mxrcp
6358249588,pcumy
2694870089,ohkox
7780887704,jetle
5181395048,tkcbf
7102026404,ojujv
1730058929,ujsbj
1622851462,bnzjo
5141340880,idrla
6335864989,ipjyx
8451759775,ypqyb
8628394480,awiiu
1960785863,oqgwa
6683277652,uoapx
6868042700,omjmt
2113503696,hrwlc
1359361285,xgtrs
4813719008,ahfme
1871866007,emuuk
3347354092,vswfn
4307882878,eqzsu
2114682537,wujip
1028128372,kwlqj
5959856286,sznws
2851101940,zhfrz
5421798536,ylocr
2064215840,lzobv
4243036179,sncie
5711157882,ermvc
9512807737,yesvw
1706527823,fuiev
6072036102,yriyo
4022878017,ighmf
3365045681,zqknn
8589832657,qdvbm
8165674678,zmnko
9606070516,efjiv
5975406615,ruisx
2992508282,jccxc
1431352985,nulef
2952507767,isdvw
2608753612,ipzvs
1697373786,mhuty
2689361182,vensw
1779313229,omeew
1845867852,rmhod
8668262816,vxeal
2546762614,glqql
7213175451,klfwv
9456557626,wfkyx
6809607357,prtlt
4576008859,iaych
1996255914,wkvcu
6287443664,chqcu
4668609712,bskve
2042988736,inmdb
2224423508,psycq
2762381001,jgfrx
3144032073,rjerk
1871617194,ezkio
4542178219,fidsn
2730365648,aektz
5836356168,nvgrm
9028349302,nnuqq
9625430627,gungi
1337270744,pzbmc
6364264502,bnnxa
5227939598,ppsev
4638355681,doerg
2413692977,cubww
9780741606,tsczg
1672962437,behdz
8577269492,vhcwr
8576780073,zrmsg
5536209612,dnnbk
9960405498,wmxzo
1868622578,peouh
3045266691,qjniw
9692162633,lstll
6551517603,vxmna
4556004630,nhoxd
3129368283,yhsev
8901397669,imaut
9699603213,ieyfy
5719408620,tmjwd
5354677803,bvkzz
9038296476,ocreo
5977394274,xwsqc
5888569143,vjeua
5947578928,qbmmi
6194072824,oxzhp
9748421288,frzzc
4321513918,aazgs
4945813476,iohko
8329533507,vwlph
3219028967,yfuos
2715474622,gudsk
3863776526,mayrx
5404376568,umjaf
6058006428,kvqgu
3930186561,qksme
5138441218,aqdwo
8397857545,usvno
3870105758,vrqtf
4897912001,onqpu
4831425681,cyzld
5344818453,onway
8738854739,wlibw
2178923980,djlmj
7916708298,iutzr
3985558232,ewobs
2171003323,ykoch
3724491189,gfmdt
8945257382,zxilo
2334118876,rmzav
5281829482,ntxfu
8225480662,qazmr
4076927426,elfzw
5247442281,slgeb
9676369138,yfcdg
1813121531,pelnu
5181127997,kkkkd
1156987108,pmdsi
5298825623,getsh
3845236645,ystjs
5639740973,zaxlg
2343452551,zgdha
3681283614,hmkpf
6341804929,yuvqw
4683426651,xtcej
1222427421,stnhv
7522891072,jmoli
8709545617,poorr
7513230645,xjnwj
4659236391,aidgo
2575092163,jjqnn
5365507437,zccbh
9456763875,qutld
5877107122,ojbva
7642697188,gzugb
4470562269,cfybw
1688879897,gayfw
2713189499,tjoaj
8101105614,jvdvk
1641296518,kdtuo
7035431120,naryg
9647070145,gehho
1441986050,czfpj
2603759979,qowun
3693243767,wrbou
7815537300,bsedt
9757431641,fnftf
6232635595,wzzjz
7600661125,jyxod
3381612345,eqfyn
2996555955,orwmk
9148459352,zfsbv
5648505960,nwwbm
5973589903,nitbm
9100397627,gfzpf
5695551815,scxdq
9909782114,ivbxy
9390384095,oqgeb
5332238608,hyhro
1300836428,nutcb
7614303489,vfwuf
6868884504,hvwnd
2241914671,bdmkc
5857027111,waqbs
5582101459,sxdwc
4400774873,spwhp
5726922577,atabz
6812669052,pfdwv
8360642864,mwbnk
3118850154,iuuhd
3630340708,fidzh
6222096208,jjvun
1831071494,ybewc
4026915287,bakif
6616508218,ewdzc
9031690840,lqayl
8082120634,usgwg
6637671956,hvcxm
7369269758,anxrr
3794931015,llwqj
1390530822,hcvhu
7570971245,wphja
5180951230,udpsx
8506613388,ngego
2172536699,sionk
8842146713,jacej
8994773007,ijrbv
1956934528,jviqb
9195194258,ihjlj
3597120633,qopgs
4379873508,qunuy
2354473032,qjlqe
6072048294,mojov
7659480196,hdavz
4249015103,omalr
3101597417,xiasr
3210746551,yxnhu
1871837201,fopex
9320019163,wrwpj
4566747745,tpwpo
3977662066,epcii
6541312312,dqcye
4332998541,wrquo
6139522975,bfdzu
9200227816,cmraa
9373933832,awuix
2522078354,zxiju
9405238753,daffi
6562616798,bhsjx
5612678044,qszus
2627304059,hxhkg
5033771398,qmovf
6851672751,dvhni
3559578215,jtzhj
1529605106,khtzk
9695957131,gpcmf
2101001047,kchpz
4603725478,jiobo
2588070636,wgdsq
9027190517,czbeh
7935827693,thvvw
5814289976,rfkyc
8301480043,xpgfc
5206218792,aqoni
6732332909,duaro
5314784284,ikecg
9654767559,noyhy
8909191191,eymol
5421847557,yhqnf
6359637666,wpowu
5154624967,msfer
7028408109,skyzd
8956934792,lzwgi
4793511506,ltpoj
3721335358,ekpof
1503234124,uwatr
8855228117,fspgl
8012388414,emvrt
9121407495,nodqm
2579034439,neygb
6562021124,pgrct
9887801582,prsze
1916856276,blbzo
7063117123,wucin
9042344763,cbtzi
5081400540,rfvfq
7248724541,qlxzz
5717283091,srymx
5349664405,ihuzp
6723605027,wlnho
5828420118,ljvnu
8307221976,eppki
7074714922,yfnws
2160204497,gsyeh
5792699257,ezaoa
8080747847,tvuck
5965118763,lsdju
3718678830,yvlry
6476731180,zxqbi
4030505410,nuoaa
7675657251,jguaa
5915912601,lgxty
1492777488,nluvd
4286379073,ymrru
6055911667,bfxnf
5675092637,qiouj
4475067231,rtlso
8405001872,dalbv
7171964146,wlikp
3294246476,kjoqw
1968349097,tinww
2476998254,xawhp
7789651271,urkck
1710372402,ayfhg
1231309838,awsmx
4346927906,cdeyp
7440157148,zfrfa
3480428534,ggzfi
9341307696,vwtum
8787531309,oyrpo
1157369643,eguzk
1062039606,qoxux
9957490615,bqikx
4258302964,ouwrs
9565170900,qnrvo
6024601426,gqrfc
9637473164,pmiug
7027663115,gjdbb
2220029323,ojzao
3101343095,rpsmy
8355044097,mfvjs
3127483734,dafhr
1360855540,xealp
7167492679,ebxkd
1977599295,tyloj
2347451219,puwdn
6794852170,trwrz
1869371495,ndvrq
7068332058,zwfsw
1303408649,ebbey
4978999846,dkhmw
7665417115,tuntv
5864988727,puysj
9679413488,iooii
8339313173,syhel
7282635842,trxci
1957517992,xtilx
1297547407,idwas
9196754243,tcymx
9093724591,yuxjd
9572901080,luzql
4932431819,yncpx
5355578261,aszvi
2770611058,wlqge
4763776857,zqhwo
2023512196,zgebm
7845193110,arubt
1103481771,nbmlu
9009944827,cwzyg
6824898743,galod
7955497034,ndvmw
5831008289,mfscc
9689037404,pesxh
8969346469,gonyw
8792358129,fdkei
2959728275,espxw
2178407023,cjzws
2795391106,wwfjr
7853987390,hvgqs
9057520847,hmsjj
9894276095,edllv
8053996954,fivbi
4546349722,ktbnm
1377871419,oksqb
1070761387,doguo
3086866851,lpoju
1457774094,dqgfa
2547811711,bccpi
3488387139,wkxhb
5776952682,uzhwr
4610735437,okrrc
7162746764,wymyo
9547555544,vjavm
8505697120,evkyv
6657663170,gmejj
8056316621,sifef
3513766364,vmkyj
1583225970,qstsw
5683334344,bdvsm
3771917718,rtesi
7893320874,qkewd
9455035679,uuola
1157802709,drtce
1001694854,tplep
8138945458,ipbgw
8448815482,hpuhy
3405638578,pddgo
6049071288,cnwen
7500347125,nvunr
7508897622,jvonl
6776484925,ztxee
8824537410,mgoky
3237749439,rklqz
7174642605,auhno
2334461687,pyjtc
5798633777,fldwi
8551279455,myger
3509463165,lwzrs
1254873658,yohbw
7291471991,cfmaq
9405718429,zvzrc
8949812964,vnzxs
2512374885,flamf
2584048442,irddm
1680246262,yzfor
4368259373,ibobb
8165126142,jxjtq
8311844327,qqqjl
8290741519,gqpkj
6475204352,wlyhb
9590105383,iimok
1055463168,qmiil
3820488153,tibjo
5239248503,chknp
3495618104,scmkv
7373014499,osijr
7935949604,qcnna
9122375192,nmoud
5750325023,aexya
6941185258,vobrz
3783973393,wqjze
9693641414,wdygb
3319159572,wvdzy
5081024248,qwwnm
2522731532,ooyqn
6834129486,yhjxk
9129263077,huiqz
1925502878,lffor
1584193100,oglns
1733934375,zgtlp
6337432521,ajysl
5830664167,btzle
1631114530,vukxt
4606256072,yajdw
3082879339,lnrcp
9363379302,mkjam
6819931742,xibyz
6120123470,srqqz
7535643444,hozru
5200332374,xoetp
6894760238,zusdk
3208842316,nsfof
2209482672,aqgct
4468200614,klfqw
7170061690,aklle
4169710736,hkjiq
2023022539,vvrmm
2398590187,ghqli
8937028493,utrug
1898473372,eiooh
5623678985,nuvwa
3781495225,hrljt
6077438524,yrloo
2370867876,bikqe
3199445099,zkmai
8903771700,splzu
4490320925,eqlga
2635459663,jjbgv
7704258419,ukvlm
2437447574,bswrz
4335070878,eddxr
6843968164,lgzrv
3298539324,lytbh
1215321881,tgrno
1986415204,gbzhj
6556791038,uwjry
1054420944,sazgu
4198691896,jwcif
1028596286,jkhra
9813014362,ipbwb
7910384056,ixhdc
6063540588,iumes
5132385240,bvliw
4358605949,srlgu
7858897202,jgtmq
6916620959,ixjwy
7368713701,mgisj
2607045229,kvfae
5709076666,ihriu
5928810006,fvitt
4914742338,ocpdd
2975731351,hflfc
3410050119,fvpwt
6671299108,imqix
9208644159,hvurc
2918204134,qdyhb
4237747776,wjxhv
3009451914,wjngi
4344114726,ibmsq
4739587285,ieimr
9050523103,pgzzj
3991886739,hwmef
1165830329,duexn
7300506831,eixji
2539353371,juquy
5053154132,dkfrc
3909911086,tjirc
4749439572,dpsei
7567866614,qqhwc
4515113043,amdsr
6815430458,stjbo
9576632423,iwhkg
1398926043,hkddc
7064785069,pryam
8661658630,fvilh
7991336865,pdpqk
4100635649,okegi
8447027156,thfhe
1414811510,tcwzz
9451646245,hwdzs
5862089031,vzgjl
7473025035,owoyi
7728269672,hdpmz
2759428582,dkaqz
5895581928,pyabh
3781364265,vgxyw
4817692684,rvhqb
7055965807,vgxcx
8039512635,rfjvf
6913944973,sdsmb
8490721940,wuyli
2821286227,brcex
7824225543,qmpjn
3685164921,ukrkp
7516102880,ihszo
9360377151,jqtkx
4080456502,ltdlw
9080167186,drbnb
1502868209,moith
9338416127,binkj
5874860894,nzyob
8069261392,qcdpr
3762492750,cvhky
7704090328,upboq
8590691896,chfvt
5158970218,dpegp
8122345978,zandn
2613291062,zwptj
3073664778,tukhp
1650345115,jcuav
4526584834,zplwc
7070340490,elwnf
7646998674,dvyhl
1783159402,jtwjx
5225730976,mnxbc
7315981239,ktwac
2253673404,odtpx
7448427498,babpe
3388674848,smgrq
6531283005,poksp
4155226156,navga
7255088704,dhdof
5264802797,gqlsm
4267943624,pwywj
2254150654,fpkrf
1698069070,xheoo
5651555274,zeymo
1672369358,scjjj
3340359281,mblbz
1052221484,zuowv
3522682058,ksbhm
4586133637,chacp
1301007037,dzxkw
9857021294,adllt
4658526649,vvesm
1272801543,wcofw
3438932161,atjxn
8998614727,milax
3945474433,fhotd
9507990912,szhrd
2319723009,nimxi
7515612310,vhztp
1723980956,plugu
9533439915,oehpb
7269757802,hftpq
4203047419,oczoq
6033466662,uucua
9565334087,zsfqp
2729344448,vyepe
8680553700,rtcbu
8448886897,hleuq
1929056157,vbivp
9320086757,ezepq
4378446477,medle
4815639182,cdhyg
1891357460,rdjoa
3590601317,nsbaa
8993618553,fuzha
9283607099,fzqzq
1556217653,xbwso
2800798946,xskpr
7947447352,fqvni
5640159076,rahwe
1907908109,cndrg
3543178850,uhope
6082085513,sdnxk
3964011489,bckpc
1010737495,vztzx
7713925575,rjpsy
2015474751,zidmn
9930787372,bhfrb
4638441781,eoghm
4771778007,rlxpp
6781329540,blruc
1102780597,zrvdt
8484301992,yjdxr
3920573384,uctyq
8406422723,vpukb
7809644069,dmovo
4008052547,taenb
5928615685,pqyvz
4351300050,xwyrl
8933814980,jimim
7573162023,hppep
9693218039,ufdwh
7559033678,fwxie
5040067012,hhxhm
4177066974,iwzrf
3823855919,lwvjh
2967572840,hopos
3128855176,lzmel
3854628078,dusmz
5465230044,zdlyj
2483163449,szgul
1560196046,kuges
3030541134,qopan
2471307941,qluer
1570845798,oafpg
1300670818,blunx
9400627078,zzpoo
8641374942,bbfhi
3020082273,hhwvy
4548209922,ewmos
7468979951,nlprr
4922332988,wzzob
4752001365,uduzh
9372872164,mywwm
6785423662,zlrdq
9235343039,uldpt
6762639683,aangq
4202593179,fabxb
7757075986,bztld
3338466365,qfoqt
4027511375,krlwe
1457850645,fcfhr
8333188324,qbpoe
4178152785,cebds
8652973510,pnknj
3187600974,glfio
8786664401,fkvmu
1529937048,ttvda
2123074478,attks
2580213173,mkqii
3209719573,cunff
2976709951,dxdyc
2566620882,vjczd
9849627750,sysfz
5881696856,bilya
8917669793,jjdqg
6553694739,lrqtc
6962308654,kthft
8380269029,ppazj
4193848486,zlshg
2142126529,ewqhb
5478002732,fmsdu
1734817932,krysh
1635060992,nienh
9310216508,defjv
9264818624,lgbkr
8837499331,qynxa
4988583027,zmfjz
4626152871,qjviv
6651709715,vtshz
4417901166,kvccs
8648475838,ijtmu
2672278107,zoggp
3471965603,cjzap
5632282230,nivgb
1455247870,ukook
1507248468,hesml
6813261499,yuqbj
2759789823,nrhxu
3731171729,hmdgg
4829601175,fbwkw
5448215764,xllba
9959006119,tsjkl
1636997069,clhbt
7002656301,bakzy
6088530863,nfwil
5754951991,naelp
7542206555,xufrq
8493631344,pyhkl
3347470008,kwsrv
5146869736,ohbtc
1175685654,uetfn
5536729073,wavzl
7128217099,qnfwe
4991615691,jyafg
5741702097,tbpqh
8016297042,bjmzb
6177033854,ztngs
9462008686,ndbdu
7119404920,mhzvp
7699436836,mmuai
4949563130,honks
2124984127,gjesf
8543651196,bulkt
2705510709,edbdi
9163708259,gyjyd
1213096835,pijjx
8404677858,glnmx
3233581096,bqxnv
7861220234,czctw
3208087183,syxjc
8264448975,gyvob
6371951892,qjvrk
7289657884,kzqez
3884828378,osfqw
7191315662,yzygm
1729362484,ycxtj
9506494805,bhaze
5402405284,ywuni
5400401974,ukkef
4057520022,prnqn
8813464971,fihdm
6615386467,mrzhp
2316938870,rkccw
5883607512,rwygi
5869650103,tkcry
9909333290,yyycw
3468452006,zkmba
6020097361,boroa
3334823704,ijkos
4335404054,yvpqe
7752860150,wpaai
7597356020,dqcyn
1177657425,qyvln
3167320539,ljsjj
7455557811,kqihw
4940357648,fwvzj
8409540918,ckfuz
5973784577,fdqlu
8393233592,mzdql
3292105574,qefcf
6047151886,ohurl
7599982440,ewtov
9735662819,atymu
1373163821,xdtpq
2850677832,zfpyq
1511117964,vxjpz
5446637410,ljbwq
4874266433,fcpru
3096553014,jewgc
5395436917,dguqx
6591097620,riccq
9825753711,xvyyb
5019806220,mhctt
2662546545,ifidw
4181844369,fplbs
8057348401,oxtzp
4368064353,gkwuy
1870178221,npanb
3347050178,admnc
2248885781,sglvv
2696688112,jdgxg
4704827066,yzoaa
4878303526,oggip
5865347762,wdfql
6967768444,wmgwh
1301775134,jpalh
7479196035,atkjw
6734040608,lsjkb
1546897192,dvqiz
2252039867,vhusg
4337493560,porln
4679623861,ovfbo
2663568549,wolew
6362613871,btvnv
8768726949,mvalx
5399542513,gilry
7515907954,kxguh
4086347954,lawov
3587773803,pbcul
2927160263,pllts
7354419869,qkhcx
5035239886,tergq
2278576121,vlwwd
9298075606,hqvfj
1618109731,ikaow
5336930360,cbwnq
9570116550,ltvjq
1078141809,pafke
6711123129,rywon
4712944506,kdpof
4627299487,abvoh
8564410134,qfddl
1652956211,jiibf
4657290916,xxikj
8647538368,glhjv
3128090877,mbtfi
7394351277,xjqal
4571660643,phbzd
3606141398,mjhib
6304283809,lhzis
1650206448,tvzhs
6851042860,hfjlo
7793875531,hmrzx
8644320476,qqarf
6276719780,kattq
7331958041,gxcqe
6405558343,rxkcm
8890079166,yuhiv
2393200733,hplji
1885063342,dfpqw
2554249165,owkqh
4641370296,gmjef
7866335135,zvefx
4405811918,ecuco
4556826678,hjimg
4155849566,lkebw
4742326352,geria
1059792668,mfrgv
8827721069,aywyg
8382205156,wluuh
7943467493,zbidf
3389176352,tmoqf
5116510462,ebbtd
7351990081,wqqqo
1496644674,mejcb
6511351449,kziem
8271978486,lyuyg
6833375106,gewzl
4464015854,aydnh
6784928314,ygcpp
5450118106,vabfu
9335141529,urmlw
2347998404,mtdkw
3057508373,zmusp
6654746743,krakl
9715477585,jvkhx
8630260708,xzoyk
4648793560,iputs
6687137790,qtqed
9347137768,itdbg
7694063100,zocxb
5877502601,mdvtt
3942113640,ynvyk
4629522106,wugwy
1116359070,cpmon
1553487826,dgcdy
6120791655,qccty
8899636397,jwfgy
3323398828,lhyqv
6617355269,orjsz
5074052024,rphiy
7749149161,qaqwq
2807775705,ceqrz
8247522078,fqyby
2608498377,gfmqf
7148720041,qhruu
7644010842,glbpd
9361304296,tredi
3485123339,lviaq
9978356873,uuani
4777205317,fklsq
5584244847,zptwx
9179140885,awevh
1202745539,nqpda
3312847210,jlzql
7903907703,wxfoz
8169838449,zitzb
3230526046,nrfju
4335667259,yytyf
9103474218,bvssf
3479522943,aqgiq
5801657420,iuhta
9469277202,ncsfr
8835718591,nnmst
3109577535,jwfvk
5393971860,stlvr
9087756574,fgqes
1206498058,gfyvm
8326523658,mmnmc
6462838619,ckxgh
9894169347,tqcjh
6368029566,bsdba
9157269039,jcgts
5544079979,bvmxd
9755386411,owbny
3975312345,amsfe
1086102715,kmava
6928669170,lqzvx
1216095336,ydalq
1240191190,aopzm
2416124233,xzadc
8738987276,tgsod
4349712389,ipmka
5651710770,owpre
7877719099,cdxtf
3316515722,qxpwm
4459263377,tcxds
7946723582,nmnrn
6249843371,frnmt
8216926470,mncod
9875348433,lzwlr
7635450664,lhvpr
2394212610,vfffz
1624321216,dymmb
3820910036,crmnq
7648459723,xxdnp
4736334044,xjdns
9001599387,oubhc
7136508383,apfxw
5830500096,machn
2899124699,qdvlv
2072290041,tjkha
1611076789,kqjra
8441227780,lbmkl
7276609543,ewhnp
1775173789,boqfx
3071951635,mrzfn
1170957044,efygx
1456822162,wsnrl
6607529223,lpwse
2638013143,sougo
1696140682,qjdyp
9320317219,aticu
3568387427,ehlpi
9417157817,bwwaw
7775142200,orgib
3373239355,hekgv
4126254611,wipdj
3726943613,mvwjw
3675762202,jgrhy
8330403880,lhycg
1461098179,wwgov
7576300494,jbund
2517564116,blzhr
8158626442,fkoeh
1278548159,hwbaw
8560218964,vlprm
1248785283,swddp
2127874460,eargg
1969184502,yscnl
7361765147,okkpr
8318500701,pwuyj
6362886079,nzujh
2528708331,itlid
7647732101,hddsk
6118550208,ybgog
2185150140,xnkme
7296759913,inapv
3981612664,ocjbi
6819465769,jtfiz
7429625869,tmmmf
3773182467,iauth
3328187110,xjbzb
3641596429,mbeej
9753483594,wqdih
6637122418,nptzk
4668683440,jdibv
6939255356,hkpwr
5251130101,imeib
3685872762,qfhog
2624027675,jtvhl
5778398379,qwhbv
2734258146,uxlft
1647178482,uykhl
4505077109,apivu
1426850628,qcrui
5865230781,qtkah
1185968970,guyfl
6986589197,vdyal
1168825778,imlbv
2527929060,fvgkv
6129163881,wpdsx
8704785216,budoh
2223485123,iryre
7728349754,lvljc
9276065575,dbclm
3637180511,xmloa
9180171851,zpcpb
8757267531,zxzbb
2091221006,zomwn
4426275458,ougyb
2846713102,zgwdq
8999008748,tuftk
6615220053,nrybb
3273754561,nqprf
2432704108,nhftp
2087208441,bzlbb
6320262268,pcflo
6931866291,uurzl
9436763226,lftvp
8914427046,kmqsp
9547073917,optdc
6774903071,feozm
2801371885,fskgq
8609987582,pknse
3007115423,hgmku
7964411375,xgrgr
2274690310,veiny
8042276033,iptuv
9645350093,nicaz
7065947400,yypep
2152644239,mxmhy
3440833288,grght
5750776404,wrizl
1436546028,hhzrm
7982366080,eiqfo
8676519024,sxchr
6357290004,yrwpc
4820879505,crgkq
5813366271,obous
6516484775,xduxl
5536884190,wytpq
8992930495,pbzcm
2399880807,kbccv
6089336270,povnk
7880730471,ecefu
1907439522,ejfxp
2705373349,pgxvv
6665269260,etylu
8312558120,rlkdn
1887094093,ocpha
1971859491,dvtye
8880392235,nmdxo
9212207287,eptzk
1847999611,wrpio
8495851886,ontyf
5783796638,kcmjh
2814808420,goykv
5193392574,kfqjt
2229769369,zhkfb
9374692744,yrngf
5868185599,sfcvp
7252679621,dszyq
5531025705,zbnrv
9704172570,aaybp
2194912234,aknct
7124392510,akqee
6958302054,ohcps
2005453929,yuwbm
3625457291,tatuh
4240528952,ilfvx
1718450809,vmoxj
9599021621,ccpxi
4773325014,ehyiz
3791328660,kvgzj
7666929891,pietc
3612051432,yeuwt
6718381953,cyido
5696635036,ytvtg
4966262018,aphxn
4740000527,hrbzr
5342072197,zirda
8202509249,merqs
9477473489,fzjjh
3107896520,uhbzh
7778430196,rciaz
1093098487,kukfu
2301983682,alhje
7532259064,jydqd
8198688016,gikna
7310630797,oaaeb
6955428255,opsuu
2871823154,vibum
3929661710,nsjjl
5568788465,bmudc
1770346071,ljpog
4707705410,oktxn
8361441931,nrfll
9507430364,wayjo
6773469781,amdkv
2985953952,aourh
5967295336,ofqso
3726073583,gsqpn
2076946094,gndlx
6161218109,pbxat
1421753977,yrwno
7971193048,vujig
9253254847,eajrd
1749744874,aetai
3994262305,vfxwn
7205642381,ovesy
1447597915,skviu
4925281173,pcwsu
7836852597,eabvo
4817888021,zbyjr
9451315756,qhrjz
6347589586,tanlr
8880708406,mbpxk
1423554714,mbwjn
2895041385,ygnaq
6559998373,nztes
1679385503,mjqwi
1745125785,xxrna
2433866570,zxwqe
4425052301,udsuu
3543780817,rwqri
8842553801,oelnu
8938284480,rbiue
7810850226,inavg
4001170280,otgtt
7182083438,vkwjc
9253051349,zvwwk
5561040603,jvjvw
6488258193,eurat
5484880983,dsnko
5573438699,tuilt
2948915820,eizot
2168082246,mcbvg
6379355868,vpxmp
5079501532,vvokt
3054785828,wflhh
1417033505,ykcjv
4344093722,dinon
7811171609,nglkv
8229867223,jmaiy
1243788140,mvkpl
3274605900,pueut
4841755530,retkq
6514926438,kobfo
5731327406,ifwpc
1667126621,imapi
9071639737,jqppn
6464742337,pbdyo
2044028398,osmls
7884466970,qgykm
1934415809,xojnu
4818919124,dnytf
4924652309,fxbsg
8856061357,zcqnc
1633353106,rxqfy
1396441838,awlux
2482303730,pxeff
3478626981,jqadz
3053228048,ywqui
9050498760,ebraa
2843316999,gxasv
2914684260,ymxjl
5866915327,srbnk
8875221459,nspod
8405466871,rhnmh
1186525145,xfqoo
6087504281,qordk
8719983587,gtvki
8535560165,emrow
8486431172,vrjcc
8811681594,ljpzo
4136742049,hepkk
5362720007,yywqb
2352402357,sgkau
1087507449,mlocn
9791482215,okfbf
1973154245,aidxi
5208678163,gzeye
3543217864,qfayn
7389003713,ehflx
8121363710,qaiht
6746762231,vapla
9706128602,ljarz
3473537635,hkewl
6871767158,bsgey
4008445604,getzy
4743313941,wjlbr
7550065236,btmho
7198333210,iiuiv
4731460751,nphiv
3513489540,vrtum
3824415319,ugliu
1277509657,xvqzu
1014721806,fwhnw
9192376511,quefj
8786737676,bzmic
4081430474,eelny
9215297297,aclso
4449414320,tzqed
4130706368,kfotq
7857490089,qykbj
7228955881,jcjuj
5195317973,avbpj
9031650692,kxqij
5886394201,hldap
9057673454,mjlui
7013580182,vassa
7177990114,piguu
5378426152,ennkp
2107376215,zhcot
6568155959,dkmvg
3218288330,omqzk
4418728245,gakiq
4869333492,mesyd
1198947382,jrnwu
1081656059,igzcb
9406292578,oxkzr
2282328909,erpai
5118966413,qyiwu
8649942194,jqpna
2845119159,rourr
3081925901,wsyoh
1890673034,ftbkp
2708165427,xlzdm
5462762938,frgrq
4315395180,esqjt
3259474106,rkqxb
3230204505,ebzll
8709014516,yoqsv
2113796893,dgjit
6545953605,vatvv
6461328937,euqlr
4674576084,cethu
9556607741,yhlpr
2072851842,sstzw
9961915050,fbyls
3062299851,wtafl
8457651381,yntkx
1494313743,zvhxo
2968891798,wymup
3591420222,bvqmf
4576766005,mueih
3506228425,mwvdg
9681066954,awctm
6695014718,mpzgv
8081984545,ownog
6563320389,fqrng
5424711526,wpdkv
2220215309,abmqk
1655493887,erhol
6870511998,ytduz
9834360556,ruoet
6103177099,qgzuu
7220400444,ktvwc
9830698185,blafd
2853212281,ldprh
7453526806,jmzrr
4250867672,gedtr
5010592563,dvaqx
2294271371,rhzha
3725171439,qnwrk
8430235585,psezi
7880607162,qafwb
3515992458,lfstz
6750800448,hmyhb
9747840614,xxfrm
5244828698,yspyo
6497101262,fnfxc
2153178330,xvwtw
6866515703,uouyz
1463700675,pwjon
3549128561,mqfuz
3131177586,ujcan
4180464953,ncxxf
9439645265,stkak
6891261813,eqeej
1113440355,yxnnu
2497928982,zvnjw
9409483989,qiehd
7999155246,npild
1913202630,nhubv
8960796115,tcopd
2465329709,dlcht
4540451460,xstqu
5481010813,siduz
6948409110,lbnxg
5767717928,wzupr
3318811775,vpeeb
3310306608,qifqs
4087331816,qnchk
9428251926,copdz
6926323202,jylzc
7865177763,ddokc
8809865740,gsktc
8007724003,egiry
1306222851,sigki
8510675117,irdla
2464386975,dumgz
7913838987,tnsac
1500511928,gdwqm
1934216022,ilfcp
9557229894,cisqv
6786727190,penvf
3052104253,pplpn
2785739638,nmuts
1185562399,pgyyw
1783144826,vnqlv
9589225517,kpiqp
4984732515,skfvs
4811115540,foady
2918902180,mjade
6493845585,femqx
6246101910,bdjpa
7583201923,cjouj
2598614182,aripb
1203189874,spkzh
5996137189,ifqme
3778927486,fhyww
1408094570,ngsjq
9637080920,yqcim
6602987885,rwdlv
3088441085,wgoar
3248070954,gyygr
5414725811,rztxs
9360901668,bpeei
6219254794,psmwh
5833450943,iidgt
9361678599,jufba
8412520894,fskds
5137654508,nptxg
1884759647,jfeeq
8022240991,hyuxm
2852085421,dbmoh
7570482911,wepjp
3516000622,tumag
7527167475,vqbte
4959202926,mjhwp
9046501985,wnbva
9023096836,vfdwe
4486969332,akzuz
8425651333,eockt
8514459970,mqeee
1904344598,glyqy
2425322728,rcofu
3899399812,xoxhg
7661977996,qhser
9721205070,jukqr
1007016466,qrtpc
5435964078,vedrs
2712061975,ijphi
4870340797,bflax
3692672523,zrqea
7538153082,feijg
9315786387,zkvbc
9240086205,arimu
3200123652,dxxrx
1676488819,sldju
7014153774,fldmb
3535645235,cjnvc
2579952857,belom
2080463460,gvjgz
5769039985,xbces
9515943044,efgwg
3587464782,bsdcv
9026235291,eyrhm
8838814663,akvmz
6040720983,lqtow
4835198170,adifn
6625276113,vwdbl
7496294270,mtqzu
1829659894,aazzd
6851361035,oduze
5796458090,okjyo
7680436847,mjfzp
8001930164,sggun
7515341837,ovpkg
4589862661,bkqvl
7111052814,ikkqi
7375690466,ynfdm
9183452544,bmgwv
8897292889,mzowm
3686038813,hhqpc
3059276469,sjjtz
2151456285,srter
2474604264,wddpy
2825292828,iyrzh
4512058914,wfzhd
8931297619,oguwe
9232633432,oqkan
1112373505,fhxow
1773729443,gjfgj
3160094612,jymem
6524862539,qmzwe
4947901647,bmjah
9415255837,ezsdr
1593660605,rzpkl
9184815817,zuayl
4441306297,zmwgf
7707452058,icumc
4911049420,olhma
9584843955,wwxhf
7377588662,ecrcs
6789620202,nzevq
3133719243,gbkzj
5336148409,zsdtt
2511049679,lnxhc
9676235950,odtvq
2852543258,hnzib
2755477592,mukxe
2140876268,jztjd
8715340839,caqfp
9320309757,aukoq
6846599509,prgfp
4749428102,guwnl
3282139664,moskt
6677579715,xgmbl
4468444541,tryky
3297527627,ugbvj
6430277168,dcwdu
9064692504,kjcsv
5218765509,byqys
5071335100,cemnu
4751007611,nirrx
8532682685,meazj
2231727990,beazv
1989404783,mywtv
9663570799,kyvbb
6762433573,zsqlh
3757381524,zuxot
3857744917,rnuiz
1509105534,kbwmv
9648158774,adpeu
6687162025,vceht
1468029267,mqpfl
3129056565,wocdt
9060170155,xgbwm
3793515398,uzseg
5502373459,pqlko
3118754125,uewxn
3242674295,toljb
9073695012,dfmoo
8474800995,tkhjh
7215540339,wfwoa
8226793640,uymgf
2037567854,rrfyo
8271471250,pbdgs
1208902078,tkxzt
3439618943,qcmof
9702059067,fqmnh
4814354682,knhkb
8344708625,xuwzp
3846581161,bgjbs
2993420532,ducns
4178003704,jhcnn
7837864012,gksjj
2675353763,iaqdz
2654291423,khanf
6190081895,jhfrb
3196748315,tlpgh
9255282013,oqgbe
3515881681,vtbqy
8456674008,pufot
5178388594,olotb
7591758185,jwgdd
6778931878,aorib
9858691940,njvua
7020794156,oryxp
1010905311,zsajs
4334071652,ramhc
3970746305,xvnmr
6159517377,kinos
9259989472,ceskr
2928203455,ztegl
6013552801,csvas
7596345695,irreu
5582777252,glsby
7589310923,yctnp
6651860521,bitmr
1225461708,khtmc
3512404812,lqxtn
4595588274,hkzpy
5658569121,pygmm
6375914853,nqnkf
5473651296,qjrwa
2978955399,qqaus
5802896285,qrgra
6117573888,hssni
4473592490,rzbbq
6723389007,qwsta
1970159570,uzthl
3914250722,htunm
2021357154,qviiv
9366694267,lquob
8875106380,zbaoa
5133248513,odahn
1407999128,dcsgw
4235524811,yatzd
8434981588,lrpgx
7010646051,jgxzq
9797523578,ebyti
7057795974,qshtk
4623542494,uweph
3022395660,siwfi
6742736167,uzaza
6204343116,tuzoj
1697607675,ebduu
6913532007,rxrbs
9769755288,hipdd
5463518272,wdqin
5134998401,rfeja
1485014759,txgfv
4252388601,wuyot
5949144339,ohxhu
7131881139,ydhbe
1980177719,eyurn
1803318440,qohof
2067645963,pwjnu
1185179894,cvbmn
4222625407,udzml
4635687005,ajttz
8553191332,hgscf
2239971864,hygtf
2161434809,hacwp
8011767558,bvluq
8995973580,iyysk
2733330703,xtebu
9611374535,seqla
2808478898,aweev
7267940902,vmyvg
9995894524,fpdsk
7123394125,fcvuw
4283232769,ilzym
3005192864,mjehf
9210818493,hulqa
8984785325,jvtwn
8792913358,tielk
9959686882,pxlrt
4820990374,wzpnr
8605557205,dvkep
1258842583,gotko
8477080094,dquva
6401888942,cekoh
4289678487,qlqwq
4929567378,itbox
1081573211,tamut
8483676193,ustkq
7950034285,apefj
5715577140,dbtwz
4652309216,tpaey
1676484486,fpycd
1679951062,dbuoo
2265282447,uqpck
3688455627,ywvlm
1605352782,zaxzu
7200207632,jskrj
1239017142,vlych
7778985702,wjwsx
6730310224,bcair
8378425663,hseno
8408959170,rrwsc
2413634949,jxorf
4690013346,tehsk
6748676275,dhjpy
7094075341,rehui
1121874005,wetzz
5729711390,fbdvl
5925272936,iovjb
4047786960,bxtvx
6679810014,gzpax
2411909748,hoezp
3126525399,dxhwg
1419601144,fsbxt
6745484356,lfysk
9668060557,gwvku
2098299909,jemxj
7050532397,aloyf
5998102057,lonfp
9481555217,btfdl
5579311446,aeorq
7671803316,ffyst
2059101925,zbmcd
1939932879,bevbe
7506422450,jxzcz
9927176255,jwnrn
9323537425,hrnod
7191231417,xbolb
6947950645,obpih
9936060421,vygfp
4909976399,chksj
6590177207,tlowe
3788557495,zsxpb
3493242922,uzcsh
2636452429,rjtxu
7072222246,shxte
5813839939,zhott
7959945627,hbzzm
4328663942,kyeil
2224453381,aotls
5638324019,wrfix
3213634557,bcfhn
1224157000,ihzyq
1828219903,galwc
7264322034,dtboz
3772712797,nncjs
5598496249,pvfud
9173366764,buxkp
5557882072,dnvgb
5345591671,wnttf
2683622778,egiut
9192397115,xacxo
3709226848,ahatp
2326958845,csfju
9743587031,chord
6813423449,lvhck
8192643190,bipdo
8233876508,rireo
5367640717,zdxdg
1615705907,uytiy
2399464286,tqdsn
3018885096,cpdoe
8588718888,oaguj
6113934938,zlcid
8515163132,zgkdc
2603658798,ectar
8258156301,xrwst
8137192243,uxjtl
7908285661,ghozr
4275030088,zmwju
4668829724,xyxig
9193902344,vjmpq
1597947515,acxse
9243785566,pstdk
9287094068,rpcvc
6498812973,zxlcj
7628859619,qfmzd
3493509547,ytnxe
2298362230,lhctn
1342299123,ospxk
4432719496,kvgmz
4365500019,ggftn
8720166592,vckfi
5495597357,vrwvn
1974427500,syuev
9434956248,qirae
2981582225,pbumd
3321480002,xyums
5469610134,iqyot
2070571548,efych
7646473775,zjncj
4902043823,nzuzo
8587804640,iktkz
5201020937,afyqb
1037093783,txvjj
2881949010,gbkao
3404500989,clolj
8152880682,rayxz
5677739914,jnscf
8619557310,iqbal
6802294528,rlrpn
1894287877,sycfk
6073808711,hhqca
3040082540,mubid
7265468794,nfioz
4473305225,xyjzc
5267452043,dvsgj
5969651595,gztxb
5036936272,wzyol
4661060495,uirrh
6600281598,bsems
2308930151,nhoap
3746123540,xjqds
4789342890,zeisx
3246979826,ebmqw
8794825955,tqetx
3407337149,kjppu
9525870391,cpuhy
1862313406,ayybj
5298267389,yyrks
5629469821,xgmfd
3295618991,bfpcw
2723042369,uoeii
2604399108,ialtz
6372788647,samry
5157770133,qqkuf
2220116358,cgnvv
5649558722,iutqt
5267846796,owndx
6122099547,kpsin
5781097734,xiefv
2978941821,wbsnk
4413996303,hykpd
2139092200,nmxgx
4120724838,vszyg
1639245064,bkuvd
6368613694,nuoer
6810358438,nkhrh
8260678029,vkqlu
5500440488,avnlc
9891570119,chrlp
9737516569,kxspk
3474504825,scxkv
6993189245,otsds
9625960489,qbaks
8142181670,bttdr
2800930374,ztjps
8189197257,dhnay
2120898613,dvfct
8044527653,kbrzm
5655140487,xqwtw
8729227808,ingfi
1629087719,wdjqu
8900076012,xmjko
4579172196,ortdq
5244791433,ctlkb
1927760314,qmphi
4638381618,ryiwh
7265502019,obbrd
2042649916,fqrgv
4993424106,jjtqd
3362959384,uzhyr
6090075305,rmlxq
7496213237,zeqxr
1120396190,lyhhp
6496415429,qccjo
4037542437,uztqa
8879027692,dgmom
8050409759,zvnsz
8511604803,rwyea
6621569931,wxdyt
7378671906,fzsko
3808750630,xlscj
1342484417,gytym
1729800814,cdccg
4529893812,fusrl
9168204516,eqhxk
3200469548,govwx
1289828494,rfamu
7854257122,cfuat
8784431675,nnghc
8942204098,kwjoq
8010232224,pwvgn
1083739571,fdbam
5870719881,fxjfi
7199709266,vwwbl
1747934435,xrjan
4018932597,jsdkx
1250094438,ztahh
3928607072,ibflb
8919757311,glsoz
6991336317,mmdny
6101316373,spnxg
1900918678,qtbct
4934173995,jkcax
3272231343,cusdf
8704079133,knhsk
7045463422,ojguo
4952862804,kjvol
7267969279,mjboz
9925055008,ywciq
4385597469,hqltd
3179376617,ieecz
5413443715,jhwnj
3885082944,dinlh
1751633434,vqsbb
4120027530,qrbth
6426496378,atzfr
3106331171,llwus
1730589303,vyvmz
3239190140,kslhm
6613111560,csbre
2849561557,virwh
1537546387,wwvfb
7470956383,pcyfr
2846340510,srmnp
3153995153,uugkx
5990366539,gscil
5744570662,medap
3904216691,wmvgi
5858215581,odbjq
3158845990,yddqj
6128177219,ufbhp
3046193449,xyqyr
4850735946,pmiww
7452927115,hzhok
9396133312,ntenw
6140931560,zidlw
8944191604,dixby
2593220295,npcox
5913519330,iaviu
2096598326,erpod
5745541829,vagrr
9522297879,ztmxn
1281359971,xcrna
1062191039,qcsaa
9194177355,bqvix
4507592215,slena
1473651222,yzpjk
6002354895,dwrdv
3217392373,tysoq
8625375370,etpvi
6891566323,jvstb
3792277867,vnsxc
7318705020,ddznv
5619171893,tjncw
2105943392,ucpbx
5244468496,zkwrn
7371938464,ybhsu
4736661869,netlc
5657157037,tsgfz
7007790656,lcrvp
8045690059,ckleu
5531853152,xpkeb
8622788132,ytjgx
9894927922,eygkd
9258544492,rucxm
8413043431,wdfde
4684719973,qtgob
4126581345,fqool
2935301849,spqzx
3125353715,iswwl
4111029829,nryes
6898857550,lwgch
8221082588,wlbcx
8405393487,fwvzz
4004758997,txrdg
8733466337,voxtm
8673150041,yhdpn
6023390109,cfbmc
8575202785,auejs
3078227621,jcixw
7954524422,eoizi
9583295180,jocpi
7828072863,egezc
4503465948,zfhii
6103684338,nrnal
7932522876,ztfnr
9466630269,aaego
4615071614,ofeuc
5171328785,qvfrs
4315127603,funkf
8092348018,ldrwk
2862271321,buwuk
4882271019,zlsnv
7498528839,kanxd
1740345959,gvpiw
4913977015,yxckk
4436544869,zhxtr
5457835536,gahmi
2781027744,zmbsf
3766978517,kafti
4234329232,meejq
8462469885,emywt
9713683538,vxkjp
5071674724,vdrte
4035517140,pvosm
3376570235,icgdj
6275723943,pdjcl
1646545062,rkscn
4798940788,wktni
5816427381,kjfcp
1763577310,fduke
2327309287,xqjpn
8193613292,eozrs
6304942761,xhvyi
3556693713,ljwnx
2815220021,uwlbc
3542616606,ylywj
4894266493,odcvm
6700495741,okpdr
8891833055,nyhqm
1727211233,qyzzt
5392812265,lzkye
4693046401,kspvd
9279046164,oezik
3012784991,eiwqp
9459665391,tzkqn
3638379382,gqack
2685265469,oxxwr
7917801116,maruc
5443501962,hwtwu
6324400287,anift
5033726911,kynfa
5204080532,tstrn
7150485253,xtgro
2565829257,xqcoq
8867159724,ssiwy
8481608338,fatkf
6140766944,pjdwz
6139916926,eyjgm
5877276822,fowlo
5790968707,gbdla
6689821234,dhtff
6104685955,fzqlb
1169386920,iaetq
4559590304,fxciw
2364374905,rbuih
4430117450,zibrz
5702816521,yxemw
3530757818,pycff
6192763831,kmxie
8685047898,wmeds
4451274836,gumot
3063779679,ykhbu
9540817701,ahojr
5783212651,xdths
6976098511,ghdmz
9620074360,dtfnu
9043232364,lahob
9291113186,texfl
7399808277,fszqx
6879334375,xdzmq
4479922492,ufver
3331531347,wucey
4303590994,xedon
2449998989,fxvej
3922349860,vqlie
4394433831,wewzi
8133690759,edylx
7601139418,lemum
7276895841,iknhp
9700286224,rpobv
6619679542,iynmr
6308777011,kiybk
9500693968,qydcm
8486187301,cvooo
5357827810,sxyvu
9185755756,fwtvl
5285628544,qenai
6834187485,eizqs
3040807292,jzljt
3071913542,ewxgn
6634540565,qidpq
8152112700,pjndw
4349640162,mmlpb
2500601925,iwvtb
4474000809,eejmm
1182641622,ofdld
5468090694,avisb
4841958858,sgqud
3320507139,rejhx
7155082886,amsqa
4572139762,zjzlp
7080275789,fhnzw
9416214988,vfvaf
6383870488,oncav
7339171482,hhpyv
6304711030,nzeqb
6741969614,dqxyy
3108749350,jwnbg
2592648881,jkkyb
2094861144,edrli
6069739364,gdxlo
7749390123,inqyw
7762597500,otohw
6420300727,rkhgv
5398269096,otvvw
4186570507,sxuvi
7655764848,pfyje
3947979831,utiwe
6108365352,porsk
3962941296,fpnus
5061254225,tjrvf
7136927285,udjlp
8583123505,fbufq
9152911584,pugcn
8576623543,hncme
8403725513,crnxp
6014855895,zfwun
3537046142,nofqc
8541693361,copzh
4473776064,ajerl
3497932465,wvayw
3184292082,nqyqg
4297171138,hjthn
5673443960,halep
5212361997,siupc
3683962555,zvzab
5644499187,vqucc
9128545718,wikxd
2821618226,hirib
5387653218,gimmu
1405524918,lmwrg
5061035757,yekzq
6773076600,lrpbm
5904305412,yyayq
9724019002,rbwms
8189796256,bcuck
4700404299,hnvtf
1475037131,uxdwb
9460374403,gcffn
5389874793,wujwb
2057040673,acsqk
3564628236,cfusx
3734620287,pyado
2423954528,sidzo
3248984446,dqxxk
5994671340,rumnf
9653841686,crbrc
5150435955,olqdd
5395858914,hbkvj
6222831764,olcfk
7760294726,pidxp
1984422952,gfgtl
4742133998,ipzvi
8290154420,moflx
3358151458,voikl
9029043153,tmqtx
9255755996,mcloz
4462478215,vyhvc
7718303793,pmowk
1444259200,okevg
6875087041,szkza
8444868198,pxcfi
6054154460,eibma
4663035738,nugty
2695380318,ldylc
1567306733,nmwlx
6628322893,rojqd
9667997260,pivig
3178346609,vehac
4328389636,hxowb
7595896565,kahjh
8628851703,bolzi
6079925726,qctjj
3119932487,zlbrz
1531588358,yziqr
4283356372,laqhy
2273786041,wrxez
7671725502,igvcb
2033599808,cckfw
5795296618,hqmda
2384946051,ghjvt
1687514394,lilms
4167336203,yxtbb
9758196065,vfowt
8183776819,lszvn
7772787587,ayhqv
2216144649,nieab
2049323300,txgpw
5762103869,igiwg
2067598862,fayue
2612562135,qsugy
1169243156,jimvy
5548948010,qfccl
5377503134,lfpcs
1882690020,kytpj
3505746531,pxtsy
2825713660,gkxco
7642985616,cnokp
5613479795,xzunk
2271159873,oowyb
6363997586,tgtqu
9304814090,zwhsg
5161717745,gsgch
3226939130,midqs
2707255212,kscwr
3277694594,tjaen
7848535073,pbrdu
7747636295,avghe
3040113967,tmvpu
6899249946,evxkd
8559881138,eukup
5381504236,zdipa
8461838932,gqitt
5326792450,ueist
3663794585,efdpf
5852470842,vbuqq
6353739677,jhqnr
8710033416,dvcqa
7714862340,yfweq
6753240277,rgizr
7586736122,fqwlk
3406342966,wmgum
2310559868,ljvvq
4349438459,bdtsa
6959067680,kmlpg
9230913659,hcasq
8175071341,ooyfu
9476558152,ehopq
7258483517,ydvsi
4457076300,gjaxo
9843836436,laypn
7810833513,iggro
8311902838,gagto
6315284752,rajhp
8552919643,wtsso
5835517283,rdfxu
7634507833,wvwhu
3172840126,mrxfa
3865810232,bjmqj
1208133471,dsvji
5585265700,xazhx
8491618648,qtfnk
4505488361,suaku
9272070237,kvhld
5985151340,gnjvb
9267262289,piujp
8142914332,edxcy
2222198658,kpumd
9856846430,ouucv
4981492492,mayvo
2642293789,dhlzc
8308537838,exazu
6195113499,enprs
4876530089,wkisp
4951034314,ukugl
1207315524,nockk
9504743035,cixkb
6276436882,uhjtm
1732498208,cjawt
3365307567,fzbyu
7276819980,gudmt
2387011142,zuagc
7492727875,ugsol
2792470400,yljhw
6492342535,omshr
1019010079,eljvv
7521094189,gjzcl
4373763317,xfncg
4045640506,ahkjl
5203944447,vlcei
9164933130,jokxc
3306568412,menrv
9169494979,vobgu
8184418606,qgtnr
1580165521,ldvry
3673945838,riaeq
3300397483,oitca
6205189037,boipf
8340343088,aifbl
8263029450,nxgyy
8689863785,izuea
3353686818,grqpc
1580568297,uenqu
7172456345,rlhql
9851851308,zfjao
4260307883,tblqg
4939663786,mywbg
5751959331,cwyry
3192554595,upiyd
3619108960,rdifu
8705940534,uqbii
1259062380,dmqnv
9705243740,vlhyl
3394121722,divbb
2807831933,rolso
8269980817,ffpef
4011109526,pgjbd
8522531722,acdzv
6164097814,cwcwe
8760713770,hukmb
3781665718,edjjv
8416704751,mcelz
8324093620,nqxuw
8752986468,dajii
3022088189,qltga
5554095424,poros
2549145034,xpfvg
1451295213,ntiel
2096941935,jyvkb
4800755133,xaihd
6577424048,vhsvm
3460484966,avfpp
9065049623,vnxrz
6463796168,urtwk
1324000607,mzmda
8496753420,yydbg
5218563766,mivwd
6836160484,osjzj
2666906728,wbztu
1367657128,jklel
7219404673,llfgr
7916152935,ulaja
2117016242,hpjzx
5102180655,czjhq
3741384515,rjjor
7414643122,kwaqt
1460069865,wmgle
6915446772,krueq
8920612450,rmlag
6145773516,aibuf
4439275083,akbva
2870170587,pptaz
5349864415,vttqr
5947218926,nqofl
2656669286,bqjmb
8629779833,smyqw
2651390533,rinth
8908983330,tgoky
5315423478,gfsxc
6997926547,gwpgy
3687072884,mdigz
4359459228,ltfbx
1962596801,heume
3275147466,ngmro
5359390640,ctjnu
9465388094,jkxfn
6901541013,arcua
8874794417,vetyk
4281426823,joesr
3968748080,njonc
9232000913,batqz
7361386007,dfbmq
8607442843,gjoxg
9020025072,irocm
2162805662,ltarl
4000076277,nendb
3422082354,fjzey
9430198838,zjljq
2695702032,bttrd
8067496099,zyyku
1391321656,kjswo
1023803800,houlz
8837172297,cthcl
5543620213,fgxmn
6423935983,ejjal
6157575434,dnwet
8761900127,pvrbo
3374417426,fuqbw
6631683335,rktlf
5275901434,rkklz
5057042129,gtxsd
8869063946,whvsi
6311787068,nshbl
6226635046,hqwsj
4076568673,vprka
7098764472,qvglo
5854006426,laiun
5994437215,jdqlx
4773484658,hwboc
3526024397,evfdz
4590344867,xbhvz
7084129982,zretp
3558476452,hbqgs
6583741271,fqllk
1795667087,bcbrr
5492988039,yunzu
2001358884,fderx
4602974675,zrpyx
2560035526,qqgas
2257189736,paiid
3585824505,oixsd
4326665925,vdrxc
4961900594,blovu
8462956482,aipni
2869621183,rwzqm
6399088180,bgrln
2087785343,rnkfv
5766855360,uopbb
1514848359,jsupk
8678926901,zeqeo
9485776056,equuh
5147087568,zgyrw
6838989306,zxgqo
5575234294,fixpv
6425447952,jdohd
1642572745,uxlzu
1307163968,udrjo
4323326082,xbpfy
2306314474,raoqx
1698165752,blklv
7060329629,khbnq
5141305293,zhmpd
1067038508,linfu
5806295708,cvajd
3748780195,hrnjg
3732722138,ovget
8095319908,vltcm
8197765251,rtrcp
7475801575,pkyng
6502842362,ydpvl
4578114504,ebxjo
5340436847,galqy
1502850394,glsuc
7686347219,rxkrk
1035845065,ztqni
2858901787,jkryl
8256778310,yogce
3537975138,clspo
9487727518,dvbau
3083411527,nvrcc
3774777071,ocdtk
7406725969,vdzon
6861439939,pmnyp
5838379801,gklcj
2826557401,afrsx
5954975941,lktwq
2879543725,dtmix
6313297189,nvbzz
2366961475,vdrpx
3850918939,cnspt
8220220163,ooxik
8393121675,ewhlv
9278129037,jatew
6186935444,olswh
9524483474,lmeoe
1429401034,tmtiv
9304574867,qgqbl
2475804445,lsrfp
8106693818,efmuq
9047029111,mqdit
9480691917,envzg
7438065036,afdnf
3254760707,ihwhh
9044808255,bxqnt
6517561351,pbbpj
7343621006,rdxyo
5476088715,uoyjd
9911205190,rhnmj
2336106581,csfbh
6892693933,vwhwk
2868002963,lvruy
1031105653,lhelt
4041949690,amahz
2427892259,ldoim
7181082727,dxevq
9376852526,ouygd
5898410885,hyybi
6555086093,glilb
1059561616,gtvjl
3784546257,ubkgx
2319475152,birfc
1948504962,vffha
3174515805,yxxft
6318857076,wamiy
8402536861,rjbor
4428553267,nbfil
2329100716,fuxlu
6828410020,tdsir
1266759664,rorur
9516710066,cevte
5278634552,myuov
5538853209,zbxxi
1218943538,ngfxk
4626077725,haypo
4871174127,nebxm
4590241732,hsalr
3530705633,soxbr
8308749097,pxncd
4627792744,hoxqb
6710399069,uwhom
9966027058,cqhbr
1818981131,drqks
1173612875,gbwqd
2911997341,csimj
8780651536,dippd
1796449332,vbusi
7807668365,lwovq
4610301418,hcvyb
2007367814,jgpyf
8175372608,ckgxf
1072715603,libcs
7228002086,yrkyu
1941485841,pllmw
9669316124,hsuvv
7651315258,tjyxf
2913269146,xfmdk
4140953596,vmxeu
2383232530,dvqjr
7788399715,ycgmt
3070859329,rdsox
9265989696,vvsvu
1627170555,nnkil
4588735465,dinod
7971347797,bfooq
7626616761,jjpao
9907393384,hcqte
4448947154,sfhlw
7316292557,xfarg
5905110806,nylmw
2387886930,tsnxf
1956610679,fskwl
1716097987,fcfgp
5694729824,dgmch
7301110310,jtvtf
3733897632,egnfh
8026307171,ynmlp
3864693064,yzjuc
4550203159,lbjvn
3975451713,ltzje
1752804111,wflki
5579157806,cgxil
2789177491,cufza
4834302651,gckae
7095437077,iqeyt
4471399539,ylgmk
8342945965,iqgoe
8796443403,gylyj
7411637467,oipwf
3595257223,tpbag
6451952125,sofsj
7669092416,udpte
4704360263,fdkvd
2596651035,knlcd
6197291959,gonee
3762989187,zeife
9779354882,euuie
1955739715,ujwwn
6294641545,jmxer
7132843849,xbhkq
4499406230,pgnjf
4757028163,ywjae
4282955810,eyhrh
9377113310,tzkmb
4179410430,gcrof
4536307579,rohem
2560141548,tlani
8581101740,lfebj
3560072613,gpigl
9311961296,uyqwt
8397810853,pjxlv
3780548175,sfkkd
6676572530,surca
8785038742,umksm
2297253882,hfzsv
9719135347,cxebm
1323099765,pofvm
3144621483,jaqab
3607704227,sndue
4445063171,gatzr
4901302854,kcbeh
5501947234,jridu
5076128154,pfsff
4273073038,zirce
3872225543,vwtmt
1994025874,jmibq
6881407300,erait
1922285532,mtvxs
2530496660,lcjpt
5218205433,dlqxc
7753437132,ltvdv
9886657419,wjkui
6337614784,xrlxf
2779696860,rdxvl
7943842872,dryyx
2002639605,lzvvu
7269240006,vdscu
7175827528,jxabq
2661511403,lfcsm
4808582243,rprfd
2042281909,rvoqv
6913077018,dspvq
8507617374,leadb
3708161636,hplin
4879815905,rrqdu
9344436738,cqmni
4732783622,hhizi
8146450666,otwgc
1235871320,mqpxm
1440015086,zspna
5166985325,xrnbb
6251145478,ywabr
4302291576,cmmlw
8590767915,iskha
4684123113,ufann
2312258615,vdmes
9102785552,uuvub
3016436797,crbji
5594490162,jzswh
1101317324,isvud
9447073934,wnnun
5401558363,tcpja
3173962853,fcfgi
6416057830,ikqng
2368592304,gyofo
7691209573,xlqbm
7710766972,osdsi
9386836966,kaezk
3465472072,tbzhb
6155062172,eiddm
9400426751,cdjik
9779688630,ameui
8375955688,dywen
6631305500,jciwb
5440963878,letju
9326412187,ndtkm
9472220236,puvfr
3722007997,qbwmo
7139140897,dcwpr
7580016086,jgjaw
8226324007,eaktf
6884786024,azfii
3823350839,uznqp
3936555659,frwtg
1621458746,rwamf
7028878956,deykz
2777420475,vrfvl
8630764718,xlvhx
9258327585,zhthn
5290925805,hagym
5592489392,ihfgr
9455759736,xrrtq
1232528721,qnbhm
4737028478,civkn
2322632319,dujwu
3381915336,runmi
8615629310,nyjke
7167201490,odtxp
7403617823,idamv
1374682581,wpwzk
3902627198,entsm
9118515028,iabyx
5231046966,ysqep
6484790610,uefqp
8719074183,xkpyn
3831552866,akgie
4707578226,motak
3141532186,qewcj
1304042122,pvllw
2533428645,szwqw
4975810800,duirh
3632426213,vyuoh
7489795455,cdffb
4032396850,ryens
6415231379,jsylr
6988128045,avlio
8474284228,mcvmk
4644433866,dxiia
9636844001,xqsah
6239595001,bzgey
4994416822,kictb
2351824682,wkyyl
9043909600,vbzof
9108420117,hjfik
4469766276,irysd
5171463718,uebor
5548393898,yupxj
3000142699,xohze
9359239039,jpvnq
6446522314,hodli
8799783688,pggfn
3969445202,pmrpi
4855107582,kqkzu
6248544168,rzfyp
4067204132,uevxe
3266266776,awffc
7370205061,vgfay
8925778530,priwu
8027503865,yyfev
7969107275,ooeul
3278556702,finfo
8262583286,dqdbu
9286085352,gasqp
8047138942,pitox
5559480926,jctjq
4851010349,ucben
4159531676,cuack
1382882467,rtvjm
8921157510,ytyer
6889751892,hrasa
4901556001,fhrin
4663850696,bjdke
5692608534,hpfxw
4793304077,ttpkq
1026966050,xsubx
6943313026,dbwvx
7680519625,hehus
5991453890,hiakt
6833182922,rdryb
5158937787,tgmnt
5465723656,vxcuw
6807315459,nqcjj
7178329829,eeahp
9541627261,jnylp
3373779703,drlnv
6223534996,ntqgd
7074810791,lylpl
2030937377,xwfmv
8521029193,uxyng
7752173290,mgugs
5172608177,wffgx
2407975469,bmgtp
3167568909,bkdfm
4926076358,wtxys
6774932873,wmeuy
8679323996,wlwqe
7275716119,ycqbk
1191656556,vbapu
7108981325,udjhc
7003454216,fswpv
2624208702,nwzwf
5548766929,kxghg
8618315159,ufkrp
1665974565,xssvd
8831335949,lohon
3554879432,mmwjd
1119161206,asozm
7945929686,crfrc
8217497316,ubggr
3617434744,xuagn
2785654429,mghme
8578741772,btghw
7980020524,ypdwt
6457275746,twwir
1280998824,yujer
6695577088,wnthw
5736998436,nqthc
2433826781,ojoio
2698946472,keqqs
7773482940,cypxp
6957892991,ujmyu
6038000920,pyero
3234166912,ijxrm
9586170444,ybpcr
3206423454,khcxj
1224107368,ariwq
4756447553,rujog
3834203746,qsbki
5576100409,brxzh
5342594298,vzdug
1926280147,qytiv
3074233874,xllvh
2240507818,blszl
3033585270,zbjve
8694196285,hevbs
1485597623,wjhxf
7615241757,jkldi
4880361124,wjixe
2984860289,kfwwf
7166209166,yoygy
7999607425,mrxix
3791223786,pqyfp
3492833518,nirch
4756774671,hlgwo
5247548814,lwuii
3140752160,sgsvy
6582820277,yvurq
8831114191,dkrft
4519334533,zdawr
1726727294,qdljd
8033349105,skuxe
9516837526,tlrsk
1172788644,hqumh
8578291669,mfcci
2143127938,wrrro
9143089019,zrlab
8834404477,mowhm
9062931124,xurzv
2311660626,gajrf
4347802284,sroix
7491573357,eqrgu
6072429367,yykqk
4455937361,sgoit
2114081253,ddujb
2398598547,qnrhy
9053816239,kozvb
4446024224,qdqwp
5844791722,yvyqo
9665725126,xvnkv
4247846231,gosps
5384376002,hgqii
9822131323,enkif
8891574406,sthjp
8538289055,keqgc
9259751645,avrmr
1698450579,cnmve
7623354007,rofpo
2551703382,hycrd
6556240439,pfalg
4138182525,ybbhz
9563875908,qhhry
8215626658,lianp
4537863564,wiimu
8039425672,rzkml
3935657898,cttkf
4635553112,oytyh
5151019127,tyopb
2719372272,kkali
4935650219,pwdzt
5305722545,fwgdh
3311583173,shjzt
9416025052,twnch
5932035782,fbxwi
6228891635,qzpod
7853208615,gliym
8849188440,rmvbo
7636803903,zyxfz
3613419223,rlilg
1711555793,dszso
6592438182,sdtuc
7152597011,qhfjr
1437399005,qexck
6821386632,eydgk
9608028903,flbsm
6550889345,ligqz
7026707749,kcigd
1888899748,cwvzi
9920532826,irqak
7779428252,duuyr
5718963625,qlvsi
8278509995,rzpyw
6174651798,qauxp
7721988631,fdjdr
8524623924,hhphn
1407101206,jnegp
4665604929,qtruq
9119333258,zorzs
8436231504,mshfl
1717477499,bbyui
1108202911,fsqwu
2819451078,lkytd
6544670301,vfwzz
9550602284,nwxem
6419499312,ooyye
7155604784,nsbug
6142710098,fbqmu
5745513961,ybppr
2898488903,pmonj
8767165263,jalxy
8069119373,ktzsx
4251548022,pcaen
2992444705,ldlxs
6296374127,qlkrf
1761763639,xdbwt
1081554542,ycric
8677207553,cmxip
1395918847,demkk
5360387359,ddtqx
7597328241,vkhqp
9880260943,wyolg
3104438744,ujlxv
9897882055,bacur
8706080478,zbclc
4103471899,xlswv
9757794446,tzphw
8371825024,hxcvv
5180081643,vsmwc
8340027106,gqeyj
1520675925,vtohj
6976710731,lofao
3211286237,ynkua
3600111525,jgdmy
4204964111,mcmbs
2906752300,kvpgj
6674123507,tkjvb
2818178880,lqdyy
3516086101,eqosm
5002637183,ocsbn
6720749228,olyuj
2597687636,xhgpl
4733814023,cdcai
2573021251,maoux
8914734955,ahfwh
9402990048,dolti
5886217675,ktzjq
9929565357,oeelc
5406255531,qskbt
7581561808,yzwhh
2047773187,hhsun
1225851202,hpckx
4938315435,lfrto
5324743897,sqkgk
4158258240,lnzzj
5720572393,pfktw
3192212847,bcgze
6341264252,adkqr
7605913174,qljxl
4167678591,crqxj
2126139532,ornlq
1850335425,xaznr
2190410401,netip
4827756969,whcvt
1766744575,ctjxl
2702803562,fmafm
3453687826,tbucx
6600992146,mtckq
7297003119,qpvhm
9484080601,bnfjf
5007913381,egavc
1981269766,sajoz
1941141863,wltpm
9203961272,zfiux
4697474714,wxupt
2758299127,qebui
7166190555,dhnxi
1933102480,vzrcl
2958018332,iujaz
8265788423,nvqor
5317036187,xsfpu
9966633630,gppmo
6220625449,xmtro
8513210219,lvpga
8280770238,buqtx
9825856832,phzpp
4287284736,bksfe
2341838544,psjrk
5098474109,tehmj
9818237158,oifzy
6149779945,wgppo
9492546993,qrsni
9325353209,nijme
9539058569,xrbwz
3754421063,yjrhy
7003641245,bdiii
6831381109,twexj
5192823052,aftgi
8489469938,sklyf
9157950956,xqtvl
1277503706,jqoqu
7807820740,yyohl
9424891409,bbygm
7397449658,qbcem
9968715640,qbyjw
5323577027,tykof
1866085109,lgrcq
3672988338,hjhkn
9878861756,fycgb
9845796068,tvcdw
1020157874,fmscx
4340280092,qunng
7392723621,mgyvn
1939253633,fjlyy
7844360014,eqcnq
2163146103,jshdz
8669267043,rdgxj
2466956995,brqec
8405282228,cvaxr
4934766773,jtady
4085349525,tsolg
1446291322,nrpwy
8581537071,mexif
8592268652,oxurx
7043110638,jatde
5770369647,ziizh
8113501962,jdnmx
2859737793,sshnz
6076144999,qkbnu
1078011042,mvgdd
1272054837,gesmh
2303628542,vhiyg
2764836957,gtgft
5641565153,vnpmh
5766879569,nvhiq
1253810195,yraly
9823278464,otlfl
2245344656,gieja
2124018059,ekntm
1074560309,surzt
9605688840,tldhp
6326216827,qkogs
3941977768,iurcr
5649005838,maqro
9720058106,pkcxf
8762549648,qifbr
9700848978,wwfyr
5253027978,ppkid
8842745546,pagng
4644601191,jiztr
9695427194,qobnp
8155716634,thalg
5380189943,srhdn
6948314638,zzyzl
2119154141,vmcti
4441667692,tacyi
6353435445,eetsd
3860488479,dfhzv
7675425393,hnygf
5537285224,szdvt
9951641019,ulpwk
9694017451,ujvql
8657902800,jxmdn
8761988277,hljrd
8911226179,ziodn
3091813569,pwpth
3793242421,pxxbj
2204288685,bqbjo
9044238356,toqvf
6739623116,iired
1435066839,jrryb
6677137142,vtffi
9665944852,cupgy
2996590035,uedfc
6815091683,urkep
1726180185,zpopi
9592011778,zvfss
5068357628,ajchy
1244238164,yqfuo
6483538617,cslmt
7436276408,bxloi
2036880056,vuvfr
5245537731,hylca
7765805248,jpqca
4148313792,expwp
2240209209,pcqtv
8411393629,hmsvq
2480942297,rnjna
8079704442,seeom
2318747601,xjncz
4316395648,gztbz
8931929831,xewxz
2559888809,enpuq
5322026759,nplpq
6951300097,aiscd
5740295658,kzhfo
6119225197,ttpfk
1967665511,xpqzc
9472072219,hkete
2808920920,cfkef
3196810362,fpovt
7768787847,ifhkf
9028926305,goeff
1973655115,lwclc
8247681612,ebhut
2691146378,joefk
7677371404,kvqde
1270697624,ookpg
2426491751,yobwn
7686042777,newed
3019740037,jnpsz
8205383747,cdfvq
5735251934,tptel
3981523641,bslby
3191705652,eszfj
4882432484,yqefx
2530854753,wqutb
6353090020,fyyfs
8814250747,fhpry
7626419630,kwmtc
4034449752,bkvdx
1745355842,fttsz
2088715024,fbhbn
5827308780,tuesg
3045259928,kkbxk
1440853577,rqazr
2092527184,skzsa
7563281146,bgpqp
1320355851,msfpe
1912016721,unjlo
4279758441,accik
9910503205,uuyqp
1339011124,xssak
6151616449,patsp
6792300429,rwops
2181140658,vmanj
5457680082,utzxi
4791145933,zayix
1170898665,rbaww
1267972071,hgegh
3374058556,evhro
6284711497,smmqe
7074019812,ylazg
7412046909,zsdze
5272462659,medvx
3724961409,rbibz
8585638144,kaylh
1067323760,zmfjh
2294218158,gfeoo
9642522339,iwwxe
4817956988,dswbx
2121774301,rnept
4588695887,cgltj
6591113826,xllvj
7574840139,kdrql
6707568696,mchnt
5753851565,wmesn
7004182500,dsesk
4543063927,yvina
9326423751,fghhi
9812585973,ifpfw
4685778037,gqfxy
4286285877,tizov
8568967301,mdjkp
4619183807,wlyuv
3314683169,roycs
6306029508,cuqzf
9254751717,guzva
1902177104,hvicx
3295401955,jalle
3497771003,hjdfo
7761861485,yziek
4826668872,csjjx
7273492801,lclvd
8380807305,zcqcr
9642246584,ctghi
4347509263,bqigf
8244844057,binuf
4103729989,ddyay
8351129595,kifkm
9282386217,rgogu
1158427229,tvmhd
7376642225,hydri
8023693283,sxcvn
7259338080,upuik
1352615840,akief
2337695949,fhild
6563462154,louwe
9047587723,geloj
8530407843,sxawz
2809103278,kzzzw
4978083305,riyzd
2941233614,tsfvh
8866448601,zewxu
2740236191,linvr
2765817130,twima
1228372865,btysc
8156658273,woljj
8116510198,ucors
1317977746,hgosd
1460780861,ieddf
6797072084,peant
6461661633,znurx
3694774820,lyhkt
3914452655,wiwgh
4898450735,ygqzs
8880380733,lufcv
7700867371,wckvs
5931944764,afyly
3981431182,dgnib
8542100324,dints
6049470387,cvaxm
1722891729,dutnb
8778210614,mfrda
1434653394,hbdpm
7765819750,thxbu
2944791084,ijlqq
6237702249,wfnyg
5389319725,moduc
9573314695,xcgey
6894999511,jrayu
2134478237,aiphy
8066305011,tvslo
9372226021,cujah
4505444860,bdrye
3966677847,xleeb
1206440185,nyuxm
9607770415,mcvct
6288612473,ywmtb
4709166455,qikza
8637508654,gqqij
4529165597,khygj
2015053856,omvfm
9366918800,fgjnp
6281727302,sqheo
9984269191,cwqts
1508830537,czudn
7289811180,ijlrl
3230116499,forhu
2604809988,iryak
6100022855,spmey
1897480106,qigpl
1103813690,qtutz
1827173462,pqbur
8499830719,dtkef
7707653093,mzgei
5039258680,xfjck
4602593657,uoepq
9660897109,aedaq
1708905853,gamxl
1477661324,rdrfm
1661057551,xabey
3717993947,psaxj
7314954324,apvmv
1037687005,xorji
2637865304,pufpi
9646334112,gardh
5553222245,mjimf
1934081830,gdzye
1715737269,qxmpk
3170179606,tjfpy
6144009409,hmqdq
8481747532,augzn
7678268755,hwtso
2547401689,lpjpu
6523799277,bwvfn
8288525783,mceht
8455077044,cnzhk
5062425236,szosv
4679315347,ryfvx
7929056133,vwigu
3931547037,vbijh
8738199947,iibxx
8278125971,tjwmy
8679465031,ldwcr
1393714951,zywla
8031468204,demqk
3465577039,aclln
8527272732,zigkr
4330803492,ujkpr
2783564028,vwytl
1539361466,htzhk
2465580537,paoml
3334887793,cbmht
9153873208,etbcd
7917872796,uvvhy
5919217922,nroqr
1833234018,pcbst
4168602733,fhplt
3566890486,dkhgg
7170016725,fqtev
7311600438,ixxtp
7421870593,afjmy
1028174229,dxihd
2446907402,dvqaw
3391884235,cpghf
2346358201,rubcc
2891169259,ntvow
4191439101,qzqfa
4766727457,xabvj
3963082831,olmjp
9754722648,lqxwy
9615146984,wnwha
9005742622,umfkl
8583972351,lyfrp
1034425067,ijjro
3803223266,rblrx
1768425984,owpuk
8981322880,oidaf
8390352459,pwjdc
1285429995,drbbl
8639006672,tpnxl
9441163693,lrbsr
2691130804,vgghh
3130807692,tkomg
7857553791,actqf
4037208232,pdoyf
7663735024,ltjfv
9835378222,gdwhx
3634799608,kidbj
1649287610,ksgkl
2033214035,jkapu
4950378344,doepl
3177056573,zzcxp
5146126393,zgjgg
1771275472,xmahb
3479446433,cvqef
6507552709,rpyvz
3448394397,alkro
1071491505,lqylg
5262565997,bujdl
7089820588,tihdg
4639212872,diazc
7982507859,pvldr
7403338298,slrfb
1189263584,bhmoq
1202612686,vqpkh
1531002848,uhjxs
6385848555,bapnm
6812731440,nbntl
9487920831,uwzxw
5056755305,hunxz
7065226089,zjwpy
3997566943,hhzjv
4852007754,coudp
8640076116,jzrjp
2902912572,chdoe
5844314678,qxlhf
5897981930,ooaob
5552479144,jwemj
3820460779,pioxx
6473518871,ozoiw
1364492947,zdbgd
2201278493,yceod
6325958394,msyga
2124189964,umqka
5802487333,pufmb
1814059472,hdpdp
9700732168,lmqwk
7078647938,wwkyd
9480293640,dqlgb
4503405258,zxxpp
6992439456,yvvig
9967878962,sqima
6949505577,pavzr
1124266257,zlmuv
2332631895,fgvyx
1640401644,jlhit
8725957637,bdgvw
2269307729,eollf
8711595501,ypqfl
9961354916,bqlhs
2288815996,htkfr
7946399296,vmanp
6597600170,gylhi
8538035622,kcnlc
1204263583,aawux
9007589725,xojkt
4081497805,dqpfv
6017620972,qngkp
3048894038,qxdrn
1791834390,qrpsk
8746897367,sbhcn
9778373366,wvxhj
4429079425,memwt
4678326991,fwzop
6540289843,qdnwz
6087677383,kxtwh
3473171364,pbnhj
7124255310,bruqf
9302999833,jbver
6398314728,qtsho
1087296748,tfatc
8906949594,dccgg
1780040265,dubvr
5959233238,dfvxw
3775106341,sfnkf
7981671287,tejbz
5615949305,ywaaz
6869021415,auvpm
9272433564,qniov
7361247571,aezdz
6907351350,ezpsx
9239847684,njzuw
5983836281,scbgt
9865439683,xfvaa
1967239150,whvni
2879006454,ernpz
4943023216,gvklt
8899512499,hihov
4882934823,mhmwu
9795021905,vgljk
1809273892,jipyh
1065909401,xpqii
9935109778,psqli
5181829648,tvoia
6696750553,ltamc
8346501460,jgfno
8884593375,owhzm
7166891583,whtbz
1827952683,zabzt
5546385179,mmkaz
2720896163,xoaae
2317295952,zkbew
2906190882,yqxgb
9575934874,rlfcu
6755559900,vfnfo
4947313755,cbjjr
8441702727,hwjsy
8794768389,ojnyq
2811393233,fjhch
2007942679,zurdv
2583621330,juebf
2216763188,vkitp
4976856956,fieek
5703924270,iepgq
1072887377,vxjfv
6421592612,jehmy
1661118691,yknyt
3284317916,zgiup
6631248397,bkhpu
7074735319,zqkum
8770673373,versy
1692208800,antcc
9778072232,opvev
1557019293,rqrma
9250287182,ynjed
8012753323,tyxwt
2816952944,panqa
4268272356,dglnt
2913316974,mgpeu
9726114337,krppt
7660161018,kyaee
6610344336,flybh
4859194620,rzlkr
9450098966,jxvpq
3201783648,dzehy
9268270822,uclox
7751801386,xhtpk
6644301529,fdmlk
8694886430,hrogy
5898246380,iisrf
5899692162,hdaum
7555637992,fdasg
5272318163,kqlat
1098318111,yrwzm
8604663243,iwpan
1217521425,pdqmj
4070412654,paqpc
4989698781,vseta
4076966120,plvaw
4311315650,xyqpr
9959908646,rdfhi
2489383194,jaxqf
7030111697,xxahl
9050096180,ducdw
5180529385,ntnlh
8521901378,sgxbf
6067559539,npihz
9063891814,yqgcc
4407991109,ffdiq
5808482647,oqlnu
1469723258,ocidf
2475817270,bskcu
2339589717,lftkm
7858770122,ozsmo
1706298258,pmvta
4080069190,jppys
8998488468,hnksv
8788893822,rnkwd
3722542017,bubkr
4576513210,cjhnt
1671669725,uymvk
8988680442,bjicl
8490345261,xvuhr
8917875008,lfpoa
2171122117,bycoj
6979447350,kuczf
5940552748,ktvkf
4853325153,wttet
8260590759,zvxtu
1900614921,abgyq
2847356204,hgmib
9041347233,drcyj
4174641169,usxyr
3183133590,ztuvt
4184451878,clnfd
6063519900,ohkzk
5264318237,hyoxa
3797978188,mkqga
4997205357,vovep
7784097769,ivkwc
1155331991,lgxev
8965329630,cppmz
1283326432,loivo
2565149587,ttdcf
3241674484,tqicw
6378039756,eefmd
7093573437,eqwym
6780260596,kzeqm
9957176851,ytyfj
1994861248,nvrhz
8339082209,vwuuj
6712411660,zsdcf
7673135289,vqmus
6293001706,wwpki
1211886672,bdcof
8276209311,ogouj
2742098988,hbwhf
3090724010,bkmcb
1475917134,xehik
6839132644,gugat
1342597162,gspto
8992053062,ntwvm
7376237501,pwfcl
6072811944,nzmwl
4016673769,kjaoz
6252603471,plztu
8250941708,mulrr
3213253205,oajah
9985452769,beesz
6274488490,axkmy
3039635871,gemhb
9451194255,brshx
5352465921,johlk
2453435713,sbfka
9270074410,knpwf
5108096834,uqjjh
2364587735,uescl
4692266400,fagte
6582867101,jtyqj
9254284970,uvfwb
1912705491,ovulm
1096940734,jpout
5891599725,pvznm
1251655211,tkhlz
5439145234,pepni
6247703747,vuufh
9090409907,jsyia
4763420280,mwsvc
9059267313,wascx
4129165152,upffk
1158191816,zfhux
7532921169,dsidk
2905401254,qvxdq
6616168341,wywvt
7474987646,tgwne
7048471505,hhxih
8779759192,ybdcm
2768742808,jxvqe
3774723166,ppwsg
5970573423,gepum
3586023209,ctgtb
8646851613,aacbn
2150624969,aveqk
3195435382,dqocv
9920267948,iabyl
5112131188,ntlan
7178374430,qiviz
3324900090,sjwld
4665847133,oihiy
5513804779,qcctu
1073548301,jmguy
1575256409,rcdjs
7945336577,seond
7716313575,kqjjv
2505506609,gszgv
2614133472,ldkgv
9703895358,yoxwi
4117803121,wccka
9643989948,dbphq
8840264012,dzkan
2116429669,xasmi
1773267137,pguyd
5369581085,uohnd
6837402487,yghkj
2195510477,zrxfe
1465154511,apwma
9168029090,gjycf
3720967758,opjez
4191329641,ysbli
6199173119,uejge
2749256045,yrphq
7238027584,gisyr
3327381095,nltik
5206389820,wchdu
3933844455,lbssz
9679142691,cradt
5656890629,ztcbx
7614671431,bthai
9982111061,wrmee
9464270037,pcnpn
5697788650,aljaw
6690334997,wavhg
5124702296,mvoyh
9692488709,djzzg
2995034676,ccqzi
8690836053,fjafg
1044285078,gktpl
5407745184,rthnf
4121849724,afgmi
5924226085,oiebd
9193894456,mpsog
5642431213,iuqhy
4366498142,ouvvy
3961475541,qowfb
2637420928,anhrn
8846464699,jhijl
1856151230,bvbrx
9181507594,iiqsv
3080554060,twovz
4677231470,kqbwn
3359173682,knhea
6072629408,bbesz
5053768873,nqmpi
5252810304,bsdjs
2485763660,kcafg
4188235732,kyjwx
9072113253,zkryq
8883327363,ckbrp
8131469291,wtcnv
6833934462,rtfhz
6200992599,qrcho
7199049704,gffoi
4307063025,sqcdu
5570974529,qntpm
1172341886,skuuf
5743584998,bmmor
6988672740,mxdis
4496373545,tkgxq
1286595711,cdxsd
4151358717,mwfnt
5405922674,amnfw
9266722015,cobfv
4279520888,jabfi
4975314153,kmavu
9197939531,jatke
1152890423,bltnj
3787794287,looij
8236657866,koqxs
7896931477,juuca
8653454253,tedzm
7862240514,vdkft
6853399072,hdidd
4030719620,pfjgo
9771708936,ldrqc
5145633326,pzaiw
4885744743,xppfd
8278334192,oljlp
8522574016,rvddi
4179259855,aclla
2712385266,wxpol
8937854212,snfjq
4765717746,pndwp
2897253682,gvzku
3882818716,zxede
3390548509,cvenk
7682849321,tvmgn
9639300944,gymbf
4415197108,dlwgo
8584122264,yudpe
6539115453,yzhiz
4712213252,kdkyz
4738792467,agiym
6863076749,czcvv
5016550256,ozxpt
9194750568,kxovz
7040849356,iyfbv
7360230805,ogbns
4279250660,kducj
4090413164,qhupg
4101246917,recbx
9438865626,dqfzo
3912043355,tqpbl
3544428489,zthak
6345025103,mfapy
2626860973,embny
4937210111,mwtfi
3558619859,tpbvt
4406005341,nmupd
2362543089,tcopg
5061198759,drpkd
5213414203,plwkz
6570529525,qopgk
8421292312,edzce
3370862153,cmuph
8851110921,qswyr
8351875651,gouzm
3271022731,kobln
4400294046,kthmq
6772801615,mvbss
8021321006,tbnpm
7971595429,snbne
2649985626,hrfvx
5861922681,dgjcc
8301823089,qzrws
7738300172,qkveo
7447769778,diovm
1853048060,cnhfl
7390625235,eobkp
8969506388,ygpln
2332527525,vqrwx
6671474193,kvtoy
9738139402,igycb
2731786408,mrbye
5001747859,ntboa
3835498072,ndlpw
9816452070,wvcnl
7561057790,dpuhf
5634961292,tbzwq
3321429667,mmyip
9410609541,psxui
9941941602,xikwm
3605175865,uwrqr
1127674787,fwnxr
6166679941,kfikp
7272646261,vhuui
2001260252,lhysu
5646069528,ibisd
4774502480,evxem
9044898244,ywtqv
6984565682,zkszk
5204843165,umedf
2978109248,xqoty
6087447123,kyhqz
6799276547,rodlu
3182908849,emwlx
6214232562,wqqkp
3039628679,qnqlm
7369825931,krryf
9437088403,mvsvv
9665728827,qbkrw
9610971809,yetsd
9616302301,nepgy
5521603527,wrbgd
7261986820,lsxyr
5580835472,iwcif
8701303781,tyyuo
2813354514,tbtsi
2342919265,xpxyp
6470127560,azlze
5088196592,kbuwv
1026825848,gkfws
3227071626,xhekj
2522319188,hmtal
3804204133,zdpxy
7212225533,rtlcj
9285070141,diatr
5296181008,tmphz
9210536713,plong
2350676200,jjmtj
6972819374,hfhgc
4923015663,cnmwp
2667639386,teipb
4254722792,digpu
1998277066,fydgp
6778387076,ravin
6878483692,dbhvx
4010279895,vqyvq
5533721571,wzqlm
1934088087,uqdgb
9321702286,thphr
3998566818,zuujv
9431571990,hljkq
3917548548,orhye
1479772073,bxhvm
3319732781,gtupp
2309792222,wgqga
5219969717,rreuk
9567773054,hodav
8926681358,ztdes
2224672635,kritg
4529366090,mjuzb
6721892286,chcgz
6537140183,nazan
1673469936,ilxgw
8898952944,ephhz
2131948365,prqap
9939727424,bcuns
9419855865,fwswg
6950510337,ldpaq
8875171051,tutqt
3729426674,zehpa
7425987866,rovpn
8442634825,oecqo
7854528838,sizbm
8032367214,ibnyx
1530419637,zcwcs
3063059815,dlkgz
5779687214,ahjki
9707868446,tnykk
8886115266,jjjqb
8958513975,enblj
9506660580,txcfk
3717818913,vdqth
7254791995,ejixk
4415052256,vffoz
4315774238,qjfuq
2543097509,eloqo
8297434808,cykea
7184705034,tgsin
1073806293,gbjeu
2928177137,movft
4671120805,evcfe
9627413485,grdjk
6124410034,vqmrt
8700507061,agrer
2080568377,ygzvz
1697276215,jdxop
1785990162,nfffm
9369538845,pnljb
3293797195,ilhqk
4589220673,ajbba
2039452210,viboc
5621405837,oytqh
5863690992,sgfzn
1336338933,dhupq
7533611004,pxryk
7071523950,fodke
4255229456,oyxxk
4578325529,yvdox
8562688858,nxbew
8919789272,pkbax
5557286710,puric
3442701458,phrgw
4830288925,tyngg
8540505753,tjqgb
8238884024,ycbpd
1452529995,mrtld
3547302758,gbdbg
2663339794,bwqju
6867912337,civdi
3656929715,ffetk
5643877998,nmhgs
7342535251,kvump
3608166104,dripf
5391471955,zoerk
8605071901,xqvlt
5888935736,rlcca
8883688230,qqilb
3253613733,amujf
5337991824,zvnxt
4875121954,ttyki
1318241062,idtwr
7949624010,mhtpm
5029727937,sikuk
7830700309,kzufg
9618196449,djrvd
1987395281,vojpu
2008313249,eizka
5101010063,fnpmn
7335352348,xxgii
6498779200,zcjeq
2635141794,sixfa
3543272369,rbpsd
9980573340,vfrfl
5787312105,oezec
6513829496,xmrcg
5920661091,tdzpb
4490964022,wszah
9549376280,gzwks
4505485356,uvnjx
3637983209,ggtcl
5396189080,ohnwi
5067915879,fyibr
1876891173,qvxjv
9063858075,evhqs
6695997239,uqdue
1875103328,lkeod
1086276047,hjccy
5807591144,wbajy
1316047411,qqurb
6264952117,xxwph
6618162602,jerbs
8538494996,byawj
7573739591,owkqw
5589542235,fymvm
6282919600,vfvvs
3432689977,jqhmo
3848087633,qnefo
5490816433,sgrxv
3392559980,hlfgp
8573096875,ujcst
4864479949,zuefn
2634596055,bqsrq
9238785786,jpbyd
4694230906,yhtrn
8856882518,nfpbb
1016037484,ftcag
6508864994,milpa
9388510816,oidsm
4972067425,lvhya
9955513181,iszik
5127561437,xwtri
2065548347,xhqsx
3582833381,jnskm
8230793947,tqipn
6884656704,qzgru
4602333443,bckfv
2876056674,widgo
8709640939,lhyvs
9714120591,suypf
9561786578,kxuxh
5140708931,uuvox
6459428705,pkblq
1631910857,dhwqo
8020646130,aztsc
9937833029,dielo
8433004259,oxrho
2010772055,otark
3076772015,dsxmk
9487929514,kxxmk
3390272263,oqank
6083285592,ywfij
2898938393,lkzsp
7727882934,orcui
8230263652,cvuth
6860479547,sfngw
8986868831,hwfsb
1619839371,friwc
8330184665,qkfci
4421528619,xfxbq
1862367386,ckanx
8054965407,nfyym
1686817160,crkyk
8451647652,hqwon
6731544000,jkoyx
2950136762,tvqkw
8137699968,viygd
7509055776,gpjxh
8569684171,huhwy
5313261932,mfdeg
4993037498,xfndc
3222653728,gshmq
5079115591,gvokx
4214781442,udpuj
4154953519,xsyam
3339989869,cacon
5734674449,btycm
7791339150,eveqv
3229638083,vfmdh
3060594215,rrfwe
6279595222,hwxwq
8638004618,iywds
9221317471,noujh
9547447167,dpxiq
2710761629,btvyc
5845344192,qekuq
6040059191,tonxf
7687953898,vyyhh
6331962963,jbtfp
5147710988,ejlin
2376176367,xtbqr
8823767212,cncdj
3715710452,jdwhp
1992622275,havku
3697711460,lregj
1968874143,fcutw
9700981113,vunby
1283363799,pgzpi
4016070027,lmqfr
4144307529,ykczn
3347556216,rbecv
8674170782,bmdxt
8283104162,lpvvs
8149912347,hojry
9700437691,jftrf
9299530867,urhsx
7067887929,snyzp
2632283605,dvffz
5108339571,upfxj
8041282644,sxlmc
3107821907,nnapx
3145007384,vpjua
8515993942,hzsto
6195826795,zlbzs
4132678724,waccs
3317944438,dxxmh
1987302850,jwmeg
6367928374,pityw
3209491635,qavzg
3943823976,nzdoy
2939944423,ymybs
8453357960,mdpnd
6645031635,lhsrb
9528836770,rblhi
7348670059,ivbnv
7157274300,kdimz
5450990605,aidrs
2735516549,wobmr
8997116182,vznza
9235608288,rbras
3892246722,efvbg
6557977901,uuksf
5021943037,gnqvi
9189732605,cehbq
4163448895,pkcuy
7479946153,emgtr
1692377900,igwxf
1220014691,cosny
9249252601,wztge
7246624093,ifgsm
9452410346,omdsc
4789332307,wxjcx
1136192874,hgrcs
2224956245,pelhk
5877679776,sixvm
3556946224,bixza
9997741414,soyfv
3285988620,ozxpl
5401356590,osihr
3602589060,htdty
2118880233,uacon
7957407067,aqdao
1516996315,vrfhy
2702521996,nsyru
5004542097,gjetc
1625745293,lyalw
3488335724,pljml
6649824654,xwpnw
2731247122,bzqsh
9950910888,naqch
8246663805,irfys
7146345274,uflgs
3611338197,uepaq
2224914128,nntjv
5820733973,cmdsc
9441360168,fupye
1422497020,vrwou
1055720604,flaro
1531243928,saysm
3242694780,kamfb
9543815914,hfmdi
5352383133,pfogt
2040120323,urhch
3257125495,mtakj
5750287334,bkkob
7425878306,gsrmc
4473426113,tobys
6476666738,slwnm
6692493804,lokxh
8791454957,arsyd
5581053337,jbbtd
6815599953,iuqez
9724605910,rodym
5499731740,dryyk
7592048165,ghbwc
7208917121,klcdh
6837088420,nsdhn
4919798296,ptmto
5140016325,eeskh
6352553807,uuklu
3498048344,xnkpz
3030286575,oovqz
7473552408,ooddk
9471961275,xqood
8647239129,dkafa
4400320377,ajcgd
8314833974,cpbci
2552703930,tpsfk
3534007517,felnl
9633140450,finzo
7351587248,pxxbl
1861920716,xokti
3191975264,covhk
5991172038,eeaop
1634401540,evrev
4041691250,txtft
5391913945,diaha
7614325004,cmulp
9324170232,esiui
1738397139,ojfqq
3552844598,uhyax
9683008290,rwago
5785863138,dzttp
3824678234,blbzd
2562729297,padfa
2694480588,pjtgr
9104811420,sogds
3222770943,prdad
7508967645,ganrv
4773517870,ylyja
7674130738,hbfbp
2340044666,fbtxa
6082334765,cjifd
3606309070,ijpip
5613813018,gdzch
8621617902,idmrk
6512794253,nffko
8432843843,gwlmz
3078271042,lndyf
8345820846,ysobh
6229177012,azlac
3886360757,yymgi
5858228531,spbjh
3271209676,pgghe
8824538145,ynctt
3003256363,feyrw
4996658608,jinjb
8786705560,yynug
5881005075,kgwsy
6798485297,bwagz
7407510464,iurdv
5841721136,nvtgm
7474711808,hixlp
7109620752,exkrr
2511785603,thewn
9489300841,noayw
2432948124,uqzmy
6761406737,vxfon
3241281610,rewms
4032101126,llyuu
3160317089,vbnsa
6924806170,lcujn
4081925395,evtdo
4914926195,fgssj
2704116909,gwupn
8432149999,wjpfg
9353807339,jipsd
6396584108,mtvkl
2283123209,kltzh
4672564340,sgkvy
9867449518,ahegy
3801734497,aywjh
6440439166,abpeo
9501002206,bqamd
9504990760,kqyci
1686649207,yzits
4995520324,chson
6826311238,xpjrt
8533120612,gvcrr
7692212767,dxclz
8373988299,caspw
6834552143,zzyvu
8064305802,wgbdf
7489478576,acxqj
8175603147,wjctc
7828883274,xhudp
1656200084,siewn
7130243666,drybc
3066510910,lwulu
5713110063,kykzo
5796872396,zrjle
4787769521,qioze
9258054294,yosay
1355430055,apxpa
7549244014,snyrh
6624406617,qpoce
1789756033,jwhod
2942295212,xcqpx
4496479164,oldqw
6069062758,hkiai
2180146321,otdkc
5178712780,ghkbn
4347348644,dyulv
3937320961,hpqhz
1279572409,fspnd
1471500407,zgidx
4027866537,qrnjl
6436080289,bntxe
7043262021,bslup
2557104898,kfoqe
7733538285,qvonr
8491243363,uljau
4993207757,hsazz
4697202564,dfpga
8466013034,gtuwk
3625896374,mdpic
9935887732,cptih
2516558866,qpxlk
5800531659,ijzqa
6243746033,fzkvg
9661022874,jrsah
9086974738,tzeei
6755806607,keddd
8556076448,eggfj
8162592659,dvngh
5071717800,skhqo
7907034747,cetwx
2211097787,bppwk
7732583245,yhtau
1747608123,gqoub
9254471787,pmlxc
9144805620,uwdxp
2531238640,nnyns
1509802699,scwiu
3124626460,hmnmr
7220620160,mtuyg
8886079966,wamwe
3409432344,ppnvz
6433437669,ircjc
9639356706,iallm
3315255443,bvkac
3130899734,yocai
9389018441,jkair
4787620905,zsynw
8609444840,grjdo
6706929283,znluf
7584350390,fmntp
4864929897,fvclh
7229317398,xxeio
2708688997,gbgys
3756736470,bispi
4970237918,cjnuf
6482444243,cietp
9297235662,agobv
7685737954,kfftz
7064225636,yhakn
6497723732,gpnbg
2901654088,trhhb
6711854129,owzsf
1153866943,yqpvf
8208923877,zpyia
8270104206,wmypz
9797079836,rvypt
5948311843,dilpg
2664688925,kmbyy
9817522304,yremq
9981306888,ikfty
8590616520,qmkpf
5265390335,ommrb
9882814366,lobem
3960883046,trqev
2459411821,expor
7297193939,xdobi
8418882134,lsqjp
9893185080,jayes
8395268720,hdlot
9783454354,oskvz
7220324949,hwtae
3380763057,ytiwh
2431121416,jigux
9144970319,zwjlg
4596307715,vyvyn
7914598772,hyzrp
8997866803,ibmkr
3563150975,xpafl
3788658616,zdghx
2819365277,xohgd
9711708093,djwua
1053008175,segyo
2766409283,fmvzp
6025424311,utrci
4763537013,uoafn
7087960791,zenel
9808946652,icifb
2573839815,ohjwe
2347810795,xyglr
5574638381,kxusz
9919656609,awjkt
8321421893,ttcca
9499640424,ojfjg
8471934198,ptjem
8842886689,uteiv
4364051736,jmyst
2375504285,okzqn
1010764749,loadz
6663079131,hokfj
1615772547,hdnlq
9855173957,mncew
6825130802,uzjlr
9064501167,nrfjv
1877063618,hvqgd
7533467280,vufez
7968178090,pqeki
2334776306,crbex
9248308956,ecwfu
7801516158,qvqow
8345632906,oehje
7059833837,feois
5742208006,yfktm
3240555616,wzogv
4986944038,szqiy
6048256003,thvem
3067430753,thwpj
2661072261,uhnzc
5200463005,mgvys
4023758134,ivqfo
4664838769,wokiq
6869961255,lhccs
4549177548,voasf
5880046544,wkkix
6991675866,wcwxv
7217577651,ihglq
7034103128,aiyag
2432517604,eybqy
2207313520,lepic
6697821376,tygyx
7721825642,ippzs
5156032003,zqpar
5294676688,pqvmb
6759605750,jlznv
7903881801,gyofl
6918847631,rfybi
8663479765,wqwqt
8241576922,gdcio
6003322060,iwocf
1819958794,qdgcj
8976609278,suzxk
8157884256,jdrox
7126414839,bvfdb
8942443863,csqli
7772692316,zjkqr
5187271454,kluna
5053664122,uimxt
6130447473,exttc
3056406676,uqnip
7600593274,kpttg
1048845601,ncwou
1155080036,glgba
5361678068,cflvg
6570653681,mwjuw
1423030705,hxhwb
8667791479,bcaiw
2203347194,qlhbe
8177122969,erbya
4943298145,wdmyb
8892853691,ezwcz
4060460240,bjxra
6237130341,tzobh
5404306741,wtdzj
9384784148,qukpr
1047728534,kllst
1698486020,atupx
8255815429,wdbaz
7675565178,oxyrk
7454569053,azowe
9188672169,lsybz
4611032222,yrzrl
2901613138,zspwl
3922189666,rfprt
2111329579,uydau
6831164247,dwkmy
4491924711,giwtz
1461639262,zywmk
3220427778,twcsi
3306977682,pdkjf
5894019486,cxdiy
2331115240,ylcre
5998624845,jjoat
1811344385,vouzz
3853354563,alugr
6678544385,tbtih
6055785510,fjuig
6169401599,knvvo
3187509985,fbwge
4249555890,ftrzz
4050810280,arjdv
1759058370,rurzr
6885172099,sojii
2408926092,bkexu
6273402606,tsbbg
7458884591,slene
8846499828,zrrtv
6282239464,nonvy
1832198777,ewvwm
2139418657,qvgcp
9661319603,ikguu
6232315269,kswtv
7647141643,fndbp
1322887606,hazsy
7848684049,dqimv
6601561625,fefop
6047687930,qhnkv
1557023932,lukmx
4584881044,zwkzh
8786513363,cdjgy
1527217273,ulsvb
4134154220,qlrmd
8934992759,wuxbx
9668286314,rynci
6932311801,tennt
5489909929,olcvp
3256156501,cwfbf
3736849868,woaje
3022004524,jbfpn
1913148219,vawrf
8573383906,ckruk
2451812816,wavwe
6582309102,iopjg
2662729326,guqxu
5543304292,cssxm
1421251216,kuzsi
2350960515,dmacf
4233765966,fyavm
9062730454,fnmjh
4359947962,nvnuy
4713241592,toqfy
3459629915,luekw
1639763556,yxcuo
8827525911,ebbpw
4767334572,iungy
5556900843,ybkcd
9033842754,dqidq
7739566573,chzhg
2404232583,psrst
1745685176,anmmp
9583409824,akjae
6432456044,cvcqr
6908915066,pigdt
4182823171,hjiyc
4688342188,wxqja
7721366040,amhbf
8074951102,jsbvv
3687671205,johqy
9581210197,iewlt
6085163762,rsujx
4766694069,stabd
4719505196,bxwfx
1190459641,jffxl
5361855710,kogjv
4983574800,ijugd
6168240732,raugq
4425848365,fkxdf
3050812306,zfria
5628477882,jarsk
2732307770,kmyrz
2521972854,ucrhp
8582554430,lhdvq
7796782003,hjpdq
4610908058,ebrvn
3284586690,wgsjt
8524225687,gjkti
3918188600,prjam
7541897777,hveod
6426531249,lwkqq
9978098590,xqeod
6451621322,rdotf
9595015271,xsdqi
4722330840,vrkss
2151475120,uxyeo
6209168177,qaugc
1785765304,ydwzr
5460258886,xcmzn
7194470268,fuaib
2943322515,jmxoy
4409463579,elnbk
7475407707,najop
5833466511,vnaup
6553762033,nzqvs
9905414500,jgrdz
3563393610,rtbea
1800421478,yvsqd
9082238554,tzqur
4158732153,ytzjk
5628461393,tzxxf
7719244672,rmsti
2788332544,lvqhu
8762234348,kgfiw
7292035909,wcnvb
1449663198,eczup
1362014749,lkphz
1915841857,veddm
2013247625,hdfte
1970218863,brhis
6936980824,uipzq
1682218534,rzkjt
6708529709,sgqou
9636730984,pqbhu
9929148595,dbonx
5726968238,bugpu
5100431795,ioqph
8667011773,ciltu
3395202938,ixhgb
3876090470,ehgcd
5438494874,rzrbw
7527780027,rmgwz
1987803504,irocv
5759864771,xswly
6859715378,xhkql
6779073433,lhhmc
6042997361,nrowo
7294696910,zmnxu
5533536682,eucpw
7465499015,jfutv
9288257393,kqhvs
1232892421,ynwhl
1029292891,vcmwz
8676504990,mucwz
4329151340,lnkxt
9806252092,jdnjf
4279489212,oxwls
7608784539,bjrpp
1585288580,uhudo
6537140462,pgxes
9809729256,fzdup
8098545075,hyvxq
4736489054,skmei
5953885192,gxudi
3469058540,grawv
7512579346,kmqck
1123656284,fupus
5743409512,ydery
1553284727,aifss
2771285814,lxweo
2535702939,zvjut
7153128186,fknja
5726020135,cdxfh
9655949580,julgj
4790643400,njzez
6510601197,vwujc
1473851831,drqeh
4885075484,ecexm
2647904393,xkeds
4464402161,cadmf
9152644664,nbnpk
5970134239,tmvnb
9602594630,xbdsz
6171626198,qljbz
9233078100,pypeu
6293271103,jaian
1821650709,manfw
2785224447,eaorf
8820014860,agrsu
9761371833,tslxi
8125455754,xhqqu
9647963666,mhsnh
8969068858,ikbeb
3569016807,vrffd
4950821792,umvpm
2236471230,ysgli
3907039229,sizps
1382959052,xknwg
3332145893,ifkpz
8640011469,oqmkc
9596296924,cmcjr
9719259885,alpne
8483469860,aslbw
5064788993,keuzo
5446345404,orclt
7154349003,fkgsk
6097687004,bfcrx
2685159056,xofmx
5050125590,ykyil
2862028429,dkxdh
5960703245,jaxly
8596649253,kjjew
8006487498,ljiis
8999527884,vdnlv
2645266300,izqhg
9375809427,wktku
5700175809,nzfwz
1768918155,bqfpv
1054236534,yejkq
6714604047,mwvpc
8678426243,mxfzj
6862956150,otrzb
7707384220,uvwbr
6394592497,ewjzv
7919260550,glmpm
2770992588,bsmyj
8130350358,thfzm
4831359696,ndvwn
7353673580,zatbe
2355735793,ctzmc
1086118801,ankhe
2807735400,jists
4671130986,mjmns
7621825167,lysim
5136559305,tlrho
2758098132,rhsdk
7053415368,gmtpo
6349753594,vsyxg
1610502220,waohx
9732283141,zhscq
5771126482,ydvdm
6769556940,dvbbt
8373964650,urfdh
3662497910,pvwkx
7713801051,zpkwk
8433968407,ntfqw
1501741493,otind
6285989069,ugdbu
1286398295,cijqu
5827226681,cyxis
1913982638,ttxlk
6075943798,vgprc
7575910345,zlnua
7110785292,uttbt
3986968834,wboob
3139439382,cmdfj
4758009454,svccl
4132503592,tytbi
5484105000,qzset
1712022071,vclzj
8513046225,slzml
8480633999,huvhx
7573730411,msjfw
2651157956,fdrfn
1315824334,kqoix
6759292280,jjaxg
5342703879,ypnar
2991306316,cecvr
1603049284,euafb
9597508700,jqvgf
4108228265,laeal
4688803122,zqfed
5275289023,srxpw
3194477490,hvykb
4396384221,hnbdf
8293111702,amodx
6751089241,goifb
4457013101,pxxjy
6012840716,zwwqc
4377845691,slwgv
2545666644,jydma
2196378281,siqqq
1821730202,zznei
3251398815,jfsir
8103029655,ixzow
7353473201,fnkfo
8602748255,bbkuv
4571089250,jgixk
9000389119,tljub
9763400351,sefub
7566240368,axvmc
7885415108,xkbor
9954434898,ottvw
4413199325,ltojf
2448296044,jrkmu
5993315330,ydubk
9167690650,uygzd
3520884808,sppbs
7036976482,cfiip
2799851906,crhfy
5863899388,hoctp
4864612888,sphku
7371786947,qussn
6467252486,mzfsd
7596029736,pffby
4258669113,fugbj
3008595580,prbkx
7472413309,imwyn
3177891413,ourdo
3475944791,ixgqx
8639583311,ahcif
5553612505,fnvwi
8852213991,giexc
6384285825,kguth
2284858045,noqml
4010143118,hnmxa
1283088123,fgnlx
1125733752,hpzri
6686741117,ngzjr
2992818979,gzfkd
4133551164,jaytb
7894084126,yqheg
4897097622,vhrvt
2169782588,xjjmy
7675522544,jnpox
5760589743,yzkqv
4178653285,ydayv
5578156918,jncrr
4239426198,udylh
5492711714,nrmjf
7966150861,dqpeh
6475515762,iuihu
2447543499,cdamw
8243196930,ekyax
9751285346,ywjnk
7823750227,jskns
2974335484,sqevl
4346757427,qaegj
8647517696,uzpyk
6115551547,mpvjn
4425505150,tdxny
3244493378,hiypo
6672653350,pxxhu
7660106556,pbczw
9628884630,izkww
3810187395,zehdl
6684879249,faowt
5102279519,yvtgx
3443794226,jwabr
3653120589,cifof
1984845836,nejaw
6644201759,bcbav
2486271799,lneyy
3254849102,rrsoo
4842954549,npdbm
5164708650,ezyyr
1687831041,fkkid
3260841707,fpmfq
6591340572,ketsc
6366926498,nsfod
2901538935,zrjlb
3760658448,zyelg
1058182712,eyovs
1011526903,ktwsi
4770511063,gbwsn
2633609796,ukcli
5951052998,pbfys
7425228700,gcemn
3881552456,zketx
7593651916,oovkf
5483441928,qdkdi
1483055785,faueh
1076301376,rjraq
2838428332,ddoqf
7549795449,bywzw
9701205958,kjbbm
9029403909,yaiiv
2006786009,uasoz
4507942794,wbcpy
2278381460,punmr
5565136590,mjnkl
8883511359,lkwuu
4404446066,vlgrp
1334717572,xfrrw
4740238760,fkfpj
8087886409,qbjco
8160887826,qdbme
6092957639,metrm
3180742085,dsxuj
3190265044,qhfvc
1724061553,bgeay
4004678732,mjjzs
1291819491,puwgm
1155307690,sthao
5539542175,jeggy
3877712032,cpsuj
8737231728,stoyc
5404335743,tonbs
9538732508,sagje
6694760105,qzfup
4358139570,tzdol
5488982450,tqltg
3974441709,iresk
5655925966,uulov
9894077295,bchmw
6853255935,azyql
9242187351,ggirz
8693094768,qbztx
2243901618,cxtws
2881450428,npjsp
2436552219,yvfnt
5562717033,gojtk
3153134234,xpngf
8996111041,imclk
8589983699,zwrtj
2280982093,fuoma
6952623407,tcxqt
7807932967,xkwhn
1971895653,vaxhe
8552570532,kavne
6141552962,semqj
4574178657,lzhdk
2017226055,lmcdj
5213128453,vqzke
7076245933,xyhri
3569617966,tndoq
8668758128,uhumq
8559594149,gqzim
1362551554,hhuis
2002122491,evuuk
5263891116,ifddd
3663458966,vpzrh
5209632278,dtvgo
3386908935,lfptx
8558370957,svqgz
2418869169,mwcct
2996583839,ufqtd
6243403149,ifweb
5180222136,cfqld
8352332495,pwlha
6817400488,bksnr
8979279752,illay
7168946228,himdg
5258064923,ogkgy
7914160897,taahh
9784227826,xihfz
3867630592,ikkmw
9348024997,ucbdo
7434694558,hfmxl
1993682735,ppnea
3484358541,dyruf
2877410519,nidaq
5681348265,srifa
3518585690,vuuqe
7497064214,jsbpc
6715082036,xglwi
3599065550,kkagu
2475689772,kqoji
4154722344,cvyyk
1360106061,devxo
9787462250,vypkc
1200261340,vinzu
2746454699,egpkc
4477307340,cyaeh
5049652919,fjsrp
6516275144,osjbb
7236866220,xdftu
9199566609,sryai
6858046599,jgxxx
4117233528,yjntn
4407412914,bnozi
4464137078,sksks
6172134384,wjjio
5765810201,xchpc
4351474620,stebl
1788912793,kavme
2244049981,azvjf
6918136592,oqvuk
5337038401,buiao
6342791678,fhctj
8065912538,xhiti
6856362707,mveef
2506928493,udrno
1738247512,zjbsf
3406879596,anoua
8959498461,khsui
3762519570,cfsdz
5601126721,jmbet
5559002638,vveju
6027469267,ymroa
8178577654,xudpi
6134010189,kqfio
9769313833,qryzq
1223053494,cvvkx
8195288229,ewjuw
8260150138,iazop
2225033085,xtiga
8051255231,odegb
6538576662,gubnr
8862912712,iarum
5162743676,akccn
5113744011,jxtvw
7761600082,ymsvc
9841432891,cmnhg
7540878353,falkc
8276382185,pyhrh
6465549066,rihzr
6774005258,jnqje
4870729454,mqlwe
5010351634,mqzwy
6519407573,zmcpw
8860528874,pgtvi
3037098794,qlgsz
3911739620,sbszi
3811579171,zziis
1869629527,yqffr
5854493804,kdjfm
2274137045,xteil
3305134889,ktajo
3554802393,jjkou
1277182337,xqzvp
2142995285,rbmlg
1916424417,bndmp
9656052545,suwrx
8899666888,utcym
8030607045,ebayh
5950630434,yzdpc
5337678302,hofbg
6518475013,ydtca
1707787898,zyeys
6846166353,sarmd
8927605905,mkbzp
7991144576,lygux
9662917959,efsbx
1143152740,randg
9292012938,eklin
4731665554,aaqbg
6571994987,uprrz
8840937073,rqmfd
1032894455,gusql
7030823096,dfcla
9971658247,nruqe
2982049014,bgemp
3331729429,bbrbi
7527577210,jmycf
4736781955,gfpza
3355040935,sgnrd
3192403996,oesos
4734682623,ekvhn
5346445528,qwkva
8486302450,ngpez
1012407964,hyqnc
5923541481,lghud
5757026559,rpfix
8540676182,epfcz
1394555828,igtyk
7407274352,ikbbl
9317534585,woqve
1738374338,avgwh
4281590998,jzuzu
6344086564,vixma
6899251710,nttvw
1964999837,myzuh
2673979091,nmjmw
9642329374,bbiqs
8337899746,wulyh
9518764269,vudna
3730433584,appuq
3201630005,wurhe
2928856387,ydghy
2667093585,nfmwn
5407315259,kzjuz
1669556042,qezab
3583664534,obofl
2157642169,cnyjb
3403594303,fqbpc
7658884328,rlznf
5992060981,nszyx
2648505834,ssoic
9449051044,gibjx
7887046689,ugcjm
8912090649,wpgay
8140649039,kyrpu
2886664359,orxna
3441827693,ekmde
7321041505,hwymx
3490055729,urjts
7968108920,lgnsd
3255496411,emzgh
4980477230,hwrsi
1390131860,cbjxu
9317476536,jadei
7169798112,duuvm
1984201531,kjwvd
2177942464,rsizy
9477877621,eurzt
3924475478,rkavc
4104301591,ukirw
5107044780,zyjpa
1199789922,arkhl
2546779433,zittc
3790201727,puyyh
4482139317,ciyvl
8301281577,cdbam
1206682702,yefbr
8886302703,gqruy
8280832662,kuwbn
1638940400,mnryf
6939513038,ptpkl
3703452405,yemgz
1423267659,wudif
3152667123,ifmbz
7831302372,hhqsk
2708240532,xemrm
8422079814,leixe
3387093102,kylbt
1386560625,vmxdq
4071572945,xjnmj
5244562345,vsulq
7719296830,ldcro
3533800644,opeid
1060060712,nydlu
7693657844,vrypx
7366322825,pzoel
7163678103,iahqt
8807518707,omaui
6260710839,uduqv
6637893516,mbknw
4093146179,uxonj
7163315926,aahgj
6982034533,jqbgj
8949032580,xtbsa
5962267946,jxikg
7954019939,jqfyi
2631449413,koqcz
9051932326,rhdja
9281480171,vezlr
2886319474,xjcgp
4060629735,scyvf
4373134122,relza
9885959510,rcyvf
5776238042,dswsz
5052354687,kuupd
4651431375,lhldu
8555522234,xumzd
6802639829,sndkz
8252430796,uzcqt
1950262827,sjkpp
1158726562,pxdtc
9107638650,rtipy
3260952308,dnxnu
3167357891,lxuuz
3855774342,lubvg
4794559155,mqvck
5201620199,nmkap
1844689269,jrmgv
1720433258,bekbk
9220296617,oahbc
2528118512,uowqf
4330895258,zrqad
5345175520,pubss
1676706174,wivno
2403743458,cxdzp
3071337083,qudxx
3076758722,itirq
1348725284,swrog
1294770603,dvhez
4007915559,fwfis
8040518598,suznu
8861242799,jqkvs
8192193400,olvsf
5890704977,ctvsl
1090052910,zmpjb
8728560594,hnoee
4589434629,hgnli
1120495844,cdwrm
3913832563,sqrde
9092740087,oraam
9973539626,fplba
3448311353,wnnyb
8782060576,zlspq
4687935995,dqyji
8860646395,ccstg
6269221692,urcdk
8172720545,dnstw
8892837116,guzin
7323371412,aodnc
4815371808,bpqkm
6974921899,jfvuq
3748997688,ocbka
4365987309,zgjnb
7068190250,mospa
1547148401,qeuhc
4227367086,ynhxk
9552144174,kgoum
7985987652,hfefg
8224763371,eohdt
3411360426,zaojv
5058164695,pthcr
7948116129,wgmpz
3413300642,hugne
8646738342,ofhsw
3863439329,sbbwc
6085471212,rygoa
3359112013,fwqwo
1226712822,dvato
7199749979,fsmca
4255700053,swwcu
4557615940,cpdmg
6610612705,jpfli
2332607540,cifzk
5909922272,deuxv
3655961809,zwxfe
8332513449,vuvzk
2729769874,dcjns
6853730652,mgtoy
9760359108,ujuev
5306894031,ihbms
7542245148,dviyr
7185613384,dwqso
7023194060,mxveu
3746465968,mrxiu
6295597664,dlvbb
2595527632,uxsaw
8098991259,cvwpm
9208574882,aigxx
2607249808,wpioh
3898314674,xbepz
5912121775,jlykt
4036259554,htbyl
1185307208,rfwmp
4198880650,fzxxy
3322975357,wwsyw
5586874915,wpoim
5446144089,thgkz
1946031019,kngsl
8324220130,jeduo
8598258949,tmcvz
3031584550,iadgp
3502377173,vrxup
8209322750,xosot
7955478151,yngmu
6157024768,bhbiv
1031785547,nbhdc
7557434748,kyyjg
3860296903,ejqxs
3449614624,qbtsw
7856497624,znrht
5907561671,vijqk
9261495618,ohuoj
4586787894,ngwgy
8813093649,hzwck
7162353245,tdpsh
4964965279,hrtyh
4070080383,pfzub
7602727859,ydngf
2829698369,nyynp
4453841263,opnkz
6856181989,aymjd
7008206126,oplum
1965153788,phabf
3879547181,totim
7001712099,jchsy
2292235456,qpejv
7442598032,jxlcg
5541847767,reymx
1863078397,rsdxh
2514250176,znqgk
4292111979,ncqzw
1509243167,evzst
2884111223,duyyn
3205933095,dvtmp
7582200064,hjrps
1813712157,kwnla
1243844694,nnadd
3327411714,kbbnj
6124486997,vhiou
7335081691,kkeec
7317634459,vxvew
3800990052,iqxot
2067449918,drbxg
3287870649,hthbt
1645532956,ukuzv
7042276807,tnmvv
2733148436,ricpi
9829875709,sikdy
4840909417,fpuaq
9680795045,awwtc
2674339631,znoxz
3518946014,sjsak
7495281651,vxfil
2329585552,picze
9210692966,thxvz
4785763348,mxowd
2188393694,pepnf
4593727353,edajt
9820867274,mvgub
4070809926,khman
3297490482,redsu
9402098322,chhhe
5300359447,zyfyu
1390786303,dehho
6146185335,lkoql
7989600520,tkmzp
8091654000,pclgq
2273073025,xqeql
8785085227,hbxzh
2518853435,zkkjq
1325068962,ibqdl
6515933108,cwmzf
9182562149,rknnh
3252423719,bzvve
8454763135,xueou
6155358666,mgala
5239536102,civad
8661419968,ptiha
2817893148,mjjyl
9284039412,jjcgh
3713585517,pnpzs
4199229791,ymzys
3470501026,ywknm
9415868957,hvmxz
7386870974,filuf
3984147305,zpeji
4780657844,kqxea
5633114123,kdmve
6695458498,mketj
8208107746,xbmzz
1853222157,kqres
9909084516,oibos
5416743001,noyex
7045786198,oxsdm
9399766689,vbcbj
7694608510,ckgnt
4687223039,aifen
6371692629,duiph
1122292721,dubqd
6446881327,zygsd
3983782048,eihak
2993623355,akymh
1551721834,zwpwp
4913292055,tvtwc
2570073919,jdliv
6425594298,igpaa
5408482222,khlkm
9117719021,kdckt
8743980740,pmfoi
5850872056,nlhpg
7829948325,vzcdh
7732476389,zfrzk
5749641028,kmifn
2616008217,zjykb
7788615171,lbhot
2770541583,jtrou
9676374079,jgwko
3270003010,pvcpx
6062703772,befil
7845201970,aapek
5803924115,dyirj
9899211390,xiczm
8430316506,lenem
3022990981,onafe
4082007608,lrpkh
4710331366,bboks
6329735764,ckfiw
1470892358,pjrus
8700796640,fwltq
6716332401,lbcmz
3112664406,tbifo
5164250527,fizcy
5507556423,xaevh
6060021679,anvfx
1892373757,ilrgz
2932885401,yfdvg
5256001395,prtjm
8656093473,dgurk
3585034295,lknic
6617637656,xdypg
8542980000,lfhmc
2448383957,bsneu
9458754661,iwpdl
8824510375,hoxoy
7591260429,ppead
5430053418,xgsyq
2452415558,rpade
9645371742,tgddq
9163939941,byfjv
4564049392,citbm
2804531858,zeact
5632844248,dnsgc
5240182235,lnvhg
7584664768,pmtlp
2559753262,tushy
1168627022,kfglq
7846895631,jkcsb
3631056756,dvqih
6379804031,wunyx
2542857820,gkvmy
4004708931,xzdxj
6851651883,whlgq
7965441173,wlzdu
3484060550,skbxn
9117476179,pgxlr
1317877781,hicoz
6682272000,bmtly
7369744072,wgynf
3727665806,imdzu
6140800517,ggkwm
8985001548,fuyxy
6658898477,wizhd
6007303681,adain
7622943056,agvrn
4363973417,aaqdn
2459958790,vdukb
1861859279,cjtmi
7042300741,bpvzf
2080388292,gdhzy
3096809600,lqdsz
6014985290,dtexy
4262716445,dzflr
4309713624,idyns
2646519371,wbajf
6946564182,smvsv
8846571569,uitbz
5224975245,mfkus
7375006376,lftsb
9164229958,anxij
7557501675,srglf
8219567386,lwdek
1988015784,swiog
5428942728,ahbhp
5269910252,hphbm
8325149149,exinu
5196078296,zrdlk
6000757231,xmdkf
5272197574,nudmq
7236629841,mfjpj
8648451381,oizet
9458876966,cwqzl
3869552149,hevdw
4451697621,zybbg
4163357318,dcmba
7770321972,luigo
2390344699,htdls
6070485182,eakxy
3863162812,gdfdy
1977948711,kxmtk
7227228300,qpnlg
4791950280,lwqzt
2001341256,xsjtd
2817594511,lzhbo
2114530191,sskvx
2174618767,yuuvy
9647380381,bbyjh
1806963251,eyknw
9058643319,kpepw
9493697027,xhvqc
2201754341,kkvwh
5561386585,cjwxy
3249546865,nrgas
1254403132,kkwif
8841010218,uespc
3403328889,verpn
2807831265,lhyrb
6209257679,airze
5693257105,tnggx
4412485742,zzvpr
4216931019,ezrri
4428937012,wctpn
8905843386,qollm
2879296148,zinif
1340301367,fxgkq
9315171434,agpab
7548084427,rutto
6413323002,aegbz
1967203430,mzrmy
7771888031,uuvol
2789805088,kphui
1339371524,dmvup
7560013794,yqdcl
2857838055,uioil
6694283330,gauox
2580517115,yrcor
8979693077,mejss
8485549312,wgmgy
2442015012,ksulx
5429741868,vcdlm
1819518569,osumd
4478167570,iopbs
7075709602,juazs
3034870367,ljazj
1249604636,otenj
1765364106,tuxsx
4588149108,hdpdn
3111266490,qwzyy
1148905496,beqcm
1357249945,cszhi
2496276567,aosai
2597949610,uueju
6477922345,ceeib
2991018825,nrflg
6188188901,ytvqd
4861829648,avupw
4064310037,nsawu
6134415588,hqgka
9754045026,crxbc
7186891587,xvltf
2944546642,acffa
7692745943,yfceh
5750866614,okjpb
1786843991,rsuhq
5275736696,nxekv
1834092803,xivvg
8675393562,eyiji
2564553283,nojlz
1007997147,uatlo
6794645322,pwhig
2876965188,xdboa
5524117342,tlnau
3529819892,biamm
9801549337,apkax
5283449460,mfudo
7148583270,bykrt
4893784222,oigrk
4902735196,yvilf
6212659294,kusmv
6552883270,wegzk
3475490194,vaoko
7048617914,xxthp
3536486974,llwkr
3197288493,ewalb
4053193619,ggmjw
8315053958,ecnxu
6227152379,zgiqf
4694843669,yfrbw
4446301359,tbjnj
7105220538,ercst
6728765461,xylsv
7312579558,gmfck
3529280465,qofty
7206042154,oexoj
3308378417,qkiqq
6682617833,xbgac
4887819149,shqyr
7535735841,yanzk
4560449843,tpcnq
6823622772,jworg
5491750030,hlkki
1053385794,lbdrp
4582880777,nlsdi
2264524364,bdxqv
8357432311,scmvm
3796573081,jrhyz
1689736218,mymqc
7609779300,udphy
9953144173,etofc
5386618462,qvtqb
4136768749,whmhu
8273401597,dsurk
2498440031,gkqaa
1968073711,nocwu
1280875738,ymljd
5324603963,vtics
8509598602,qrmrf
8590729682,aoxan
4803660716,vaigw
7992360293,piuka
1954027926,plzpm
5109412674,wcwhp
8289364463,zegxc
8842593006,mhygn
5049573353,giykv
6710371129,isnxd
3811534784,xeynx
9275092597,yhfli
7354139092,rzamo
4970533340,nqzxe
4295855898,odhyn
4693602252,hgptv
4990919521,hwfiz
6519082215,qqvxl
7767685952,efiit
5391130778,aamxu
7812827427,pedqz
1234025117,wwuns
6733697077,zmupc
7787768598,pwtcr
1190265231,rsgpm
8190234386,xfdcw
7007769929,icrkc
9847388328,rwgwz
3322944706,rofwc
4159470344,biscc
4686018533,uwhon
9066673569,vqoim
3786887498,hpvwi
4396054001,bhhuc
7158048762,surhz
8643189197,ggvzw
5335398950,aykfp
3642690445,lremz
3201846957,ehhue
6712054457,xiwsv
4143057508,vfmwl
8101256498,jakni
3184739858,pyzcj
4224184101,pvefe
7074740831,ebrav
5209610609,diutq
9785791796,oajbw
6928760889,melgc
2201363663,aldvi
1754953314,fotim
6456433271,xzjyx
7652678321,tfyph
3241921771,ldckd
1482550483,koaga
9840896115,jtbzk
5151949352,wdmbz
6017400526,kindk
4540094271,pznhf
5392253499,edbpk
8715051975,lntnw
5243341276,bdzyv
3567021920,pffon
6499822146,tjisr
9833414056,iigcu
2303009680,hqyhi
1154083046,leace
7570348188,eppxy
4121500139,iejfo
4181449465,gpbfc
9804249841,vylub
4073294852,xczmj
3455075318,jhplo
2818276653,xvgcu
7705866657,txjmj
4096739093,utqnj
1348169741,dztlg
3948346770,edgam
3146791713,sfdsc
6891539726,qdpch
6519591883,jxcrb
2597204193,gksdv
1659342614,lofjt
4045439680,tjkfa
2738815938,jxgos
3171229740,ehmyl
9720701935,kyyqa
6861067401,kefbv
2407790783,mmkbp
1684082569,fiwfx
7441750175,rpmra
9403569760,hysjy
7942049549,ooczd
7805247760,wskpq
3893905023,kviid
4692179817,bswfq
1343005413,vqszw
2594749417,zkuoy
7244392242,cywdq
7648650822,anbng
8593451196,dntzj
3780318844,kookq
2426532682,yolgv
7270243382,tjhgf
1752354995,nuacm
6804613326,zzqkn
8577529313,fqqeo
7109659450,luoab
7555251686,eoohj
4628196348,knqpv
9103396141,jdlid
6046503817,vyvli
2304877919,tpbba
9515109168,xdqpx
7138978550,tiyzs
2234375142,ipxwk
5063541852,kmmwy
9062876984,qsdcv
3248409106,ojvnw
3364766450,blopq
3404947838,owrbg
2830733800,yqwqh
1674452046,jrkay
8460208067,exvdy
6932606190,delyn
