4874730477,ihviw
9514432060,uijms
6078021957,tieey
6124486997,vhiou
5260453076,mmkfc
3036555694,rnplf
4624209223,vbziw
3626114079,eapak
6396443198,zjazd
1851231975,aeerq
7458321988,ogbbd
5337578532,caqig
8822655116,gjkuh
5601935970,vyldq
7663022910,frrcz
9696485664,kvsyn
1414040111,cyjeb
9271727121,woppi
6915446772,krueq
3628864966,pqioe
5264403707,lshkf
9256545434,qtfue
7341438990,jbsdd
1879003749,ytfub
4873693229,jokpd
1785525360,xgomv
3181291916,iitqw
1817300242,ccrmt
3869859943,laknt
4854094680,mfbxm
9215270886,qertr
7765871229,uotyd
4653535171,oggsq
1814211618,njprl
6166687593,mhdxi
7771888031,uuvol
8840937073,rqmfd
4186344296,uvkii
8842872517,mxepo
9999405665,kqojo
8888153670,niqiu
6863478759,jzkyl
5308285753,cdeix
2212761891,rwdtg
3323194254,gvfnq
9580633001,ymixh
8667222657,wsgbo
4663535432,vxazv
1824194600,kdtin
6378546761,olhqz
3075834105,agyoq
7262109856,pybxp
5247113486,axzmd
8775529257,asnov
4335404054,yvpqe
7886520091,ygiyd
1357629270,fgcjf
8250764250,xarpn
1623962950,nmfnr
8753771427,kcmbo
2357966345,rdxsm
1770612090,uwjhl
3602653401,yavsn
3013726546,xqvlu
3638788357,hczin
9190301560,dldwl
5957163095,rbtsj
2757237402,yrzwj
6757793682,zkfuk
8129119396,ygejv
6561767400,evgwu
5787669491,csene
7117522903,lmblb
5338470699,fkumx
1809273892,jipyh
8634649186,hhwei
4629522106,wugwy
4438457539,tjbbb
1538337960,unnnn
4780316444,ubglu
4157100327,jeuno
5497860476,czcqe
1821219343,jpyok
7529452603,amnrz
9563537750,hnmuk
6151795712,xkehc
8849674548,tojnj
1773729443,gjfgj
9250364456,enbws
7205642381,ovesy
1800858126,gdhee
9716059738,uzvau
8740457620,shalw
2758734615,mlsgh
8920612450,rmlag
4132503592,tytbi
5798299862,nodcv
7212064444,bwurz
4970935404,ffogj
3315098004,lbwgi
9579311811,ssymu
8151573052,mdikz
4613396678,ilbkf
6880486066,rkugg
9215819263,nyuaf
1381737443,tmqsd
4654549506,odwvk
9841882939,iigav
2933205681,yejer
2620198043,nqeck
9615484121,jnltv
6882947585,devzj
9782181502,czwgp
1709014405,ddgvf
2352037945,geqjw
8355044097,mfvjs
8875884752,irhrz
5100298615,ygock
1963173818,ayvgj
9435214869,qjvse
3861305519,ndtrn
6404957598,dhrgv
9665944852,cupgy
7839582215,pgnaf
8532682685,meazj
4000270491,oihus
4065613715,yuiwt
8698574443,zumvo
2470179685,zejth
5428998027,dmxjy
7596020229,dtwvo
9402946324,ecezf
2013247625,hdfte
7879469027,dmels
9546961295,veznz
8666108745,vikks
8136233558,hkjcs
6408774566,qywml
9449203026,hdvrg
9492809544,dkkzk
8741396605,sclsx
2890103970,xrxwl
6455404121,fgugm
2702111501,suanh
2022094985,neygh
7886372919,vyfzp
7429405813,wkxse
2498744925,sosbh
8718813674,fxofg
8330988146,wsacu
5920296839,rpjvx
9205848686,oomaj
4173933516,cwyfh
4572139762,zjzlp
7348831819,ngoet
6446595569,rhkxa
7133831985,lvbpf
5887913673,ivujf
3176171027,vkjjj
6570913882,tqkna
5063875413,wrulm
7194751249,yuyrc
2490865704,puodb
5614583406,iezbc
6046390353,svgnv
6365217197,hgnem
9853689210,jfehi
6987706892,xvjox
6210634821,obuhh
6465896581,cmnle
5980473446,tkxed
5952442211,gtbaj
9547555544,vjavm
2414759927,hzemc
8176834084,fidsp
6946398007,jdqok
4371078335,jgbhp
1267972071,hgegh
4473592490,rzbbq
5579311446,aeorq
6765973018,phdvj
1969774357,vcslm
5203372679,hqxig
4716624427,egcqy
8037060362,ulzda
7255393773,ehoko
2789544193,psvrg
5440707801,xywhk
6316534778,ikyyy
2439416522,gpcgx
3988359264,mfqpi
1936753653,qlhjx
6117352421,rqjdj
4559182360,iifow
4999477147,nnlte
6869486170,lnier
3437326664,okjdj
5376696945,erwzj
5128537442,ciorr
3429244744,sxdax
8285343929,kvode
5326733073,djaac
6642600406,hemcd
1455563557,crgix
2257989973,pxpqu
3271082466,xebmk
3262041204,qgzhz
1191898774,qlzrq
7072112479,utbta
9569309619,pqgaj
3872697058,sizyk
7392143657,wcnme
5873674675,ckwry
7072799879,oiwqj
7430628789,galyg
6573966661,isagc
2608859195,eofss
3250006000,qerzy
5379488473,vrpsb
3137964161,mcbqa
5034414019,qjmet
2549888450,ezyfj
9301305574,ksdue
8643189197,ggvzw
8552877185,moqii
5537834357,ybqau
4366357107,gzhqb
2025171108,opksh
7753123966,raaar
7065164334,udczm
9410609541,psxui
3734620287,pyado
4381755887,grumo
3351668485,emgdq
2172543408,kfaep
7199160947,adnkk
6855160646,izgdn
4185225378,polcz
7215540339,wfwoa
7733230579,hpxaf
6472195162,vmgpt
9431103603,ubkem
4767334572,iungy
5994671340,rumnf
5734730278,rsoom
6408045112,ocvhq
7270243382,tjhgf
6128022326,uozvi
2198720342,uxcxy
4747419877,plujs
4917335262,ehpcl
9154304895,erbiy
3644370841,tooax
8824603729,ldnle
9598488800,dnesz
5323712106,wzqsn
9970597327,ljmlo
7921007979,efhsc
6508898939,dbrxk
5565715074,usphp
1893681821,kllma
3231030061,afczm
9016344564,hlzqb
4805847226,rurfh
5819410909,expvg
1711895478,kmlvf
9208644159,hvurc
4121500139,iejfo
3624580850,nnogn
8029338738,ljetj
3686780400,tkide
7282907864,jpsnu
4943399944,zrphz
2532167367,zyzzr
9577503571,ojijh
8949088308,kijsb
8196822129,occnc
4151614227,afuqb
7017098415,wtjnu
1360855540,xealp
2276741017,hhgji
6488775235,ojayd
8171305552,avxmj
7828698057,rginm
5745674426,asylp
5211724472,lyroz
9000389119,tljub
4637427947,jatnv
9489351303,dkcgh
9979286550,bzgjc
8849645863,ywqni
9162183006,rhjnp
4592819021,eqesw
6932611902,cnwbb
6475204352,wlyhb
4424580557,hajrl
3007666272,kzffi
9853348721,qnrys
3742345315,cifcd
3304765844,kojnf
8060662593,amydd
4970263505,lspfh
7984350240,qaftt
3717993947,psaxj
1456218776,mmguw
9838374410,jbcqr
7768787847,ifhkf
3567049810,dydts
6605566080,cnsjv
7375596783,jjdwm
2464497097,uaqsw
2343452551,zgdha
3159637903,izmzf
6847252625,sasjv
7820284584,zatdv
1838174464,eqgfu
4072190655,ukavb
9564990854,bccpl
1964999837,myzuh
5155547264,comck
5806362621,mvrcr
6404926013,modvk
3553615214,nbyry
9358896995,guxfz
6835407317,gkbxa
3862145764,hendd
3016018168,ujuic
5176957899,uievd
1596067952,qwetg
3256091062,immap
1491498236,zrwgr
4019812759,npcab
4473732822,afngi
9800447586,sbcuq
7256680074,rpdzc
7521110799,jswie
7646815980,rvggs
5918338767,qouwh
2887281627,cjreu
1988032744,qnecs
6441005396,lcpkn
8802672197,aelqf
9248412430,cmwrd
1269549872,lgjni
3281446450,tswln
7711354648,mqbkg
1320542471,dfzzt
2447776568,aiwec
3559669512,onftw
1818407458,fqbmi
1983360929,onvxm
6836160484,osjzj
8668046067,cmbwn
9638031522,feryv
6391414568,rtqnh
1213594537,lehbf
9148536118,oxqes
6827075477,yugqc
5777814036,daeyf
9420486984,yksga
3326004643,oqncd
6560886461,ihmyu
2568085004,utwsa
4568449138,qaeri
3543303852,dyisi
6385943822,grvva
7056314204,myahi
1635931213,wyldn
5822083647,mwobg
8492098044,csozz
7355661288,qtinh
7780535744,icxrb
6026434693,owtrg
6143757387,mqrpx
6190206142,doiiy
1671022527,wvbvj
5337444062,ickmw
3994927819,yhvts
2404232583,psrst
1698069070,xheoo
6565731621,xwznn
4649012632,aqunn
3147917926,wmbmx
2230992884,wwyfh
5752080943,sgxzl
3471553795,urvmf
8483912371,hwwma
3347397251,tyeir
5684410980,oytve
5656433040,uegwx
1304196521,rcpws
4680433752,ogxai
8726493297,lbivf
3295586698,oqwju
9858336882,xnwxc
3234745283,xbslb
3218756720,onuwr
9699995081,baysi
2609777239,daneg
2752377797,hbkbr
2030790016,zuvpi
6135201404,vctqa
1175543046,xmdnx
7661085161,ugkep
6346057872,vtyso
2642961287,efozp
9518221816,xsccx
1447729349,stten
9360377151,jqtkx
9655318864,sfocp
5537285224,szdvt
7840724045,zwxuh
1488081208,oserg
5951802106,gnmfm
9998927961,irsat
1775456891,lqcqu
2044802136,kumxz
5209610609,diutq
4930471044,keyyg
5738287890,fnjbq
6911319525,whqts
3488630863,zhabv
9917944531,raium
7296895474,glsjl
4508025235,dtbic
2408029806,fnftm
6524862539,qmzwe
1333307377,ekmxe
1592050223,qxqzs
3497595462,herib
9172731011,qtnfi
5099465198,lknes
5901858837,nqolj
1728127598,fpxcr
6177454012,btaax
5469554131,bfxle
3617986287,apcag
9572851995,xdurv
4565359112,dipbw
3798594305,qpvad
5337678302,hofbg
9865789419,ufenl
9386213971,ksabj
1498739249,skavh
8573769800,gyiqp
6402282801,dbsky
6727041383,gieir
4370812325,ejroa
7527780027,rmgwz
2552999899,moqcg
8540011838,jewhc
4373213170,cbcou
1464986385,gqkjq
5015063838,xirlq
4749486182,gvwjr
8811171008,rocqv
6163066675,aczla
4889146210,xqoho
6706570972,pidsz
4446301359,tbjnj
2402778282,wvedl
3034870367,ljazj
5569920069,pzuao
8514213735,drgmw
1278134509,esxfr
2615027082,cmrlg
8518022095,ujves
4661668370,aavda
2097617549,lvopj
2187191434,jbihz
7981870378,xmrlr
3816891486,dhcls
5132891182,rmiow
6965900387,nlvxg
1616576994,opmqd
5640159076,rahwe
9373702634,wdgki
2331772354,njukp
8477249061,gxxdu
8143243825,kmfqw
4965098820,zlwsc
4905941024,kgqwp
7103120978,yywdl
7697532312,hrgze
3205933095,dvtmp
1317977746,hgosd
4321130239,ejcfe
2354495877,vvtxf
6177792242,enpdm
8167143664,mzvvd
2053008063,kfqaj
2773555470,koscv
7879179015,rzzqg
7408850630,zucwh
1873491961,bvpdj
9886452407,kxcuh
7991551816,zfjco
8252767543,fdzrm
3554802393,jjkou
4569944799,chcjw
3003390073,wgtdf
2695241366,mxvtz
8905336809,nmxls
6811994637,ydors
1015885532,iusbs
1396021156,fdmoi
6295691889,hdhro
3303289434,bkddb
2903052046,zfpgx
1539015006,ouraw
4685083140,gudgq
7583691047,vojdk
4169091776,kxngh
5714931671,nwuio
8439688833,jvqpq
8741714554,ncity
9392655602,rnakb
8208583880,ajbnz
2766431204,moepe
5086620756,qgdtp
8130350358,thfzm
5081946656,patej
7140307504,flelf
3425189089,qqoox
1488164883,tseiy
2020829714,pkxza
5490816433,sgrxv
8679838431,wgedw
7598645518,mmdma
5667610811,ktdbc
6623682563,dtotg
6882749711,eqfxv
7922101367,xqaxx
4361459769,nzfba
2214221008,aykau
6153279760,efdgy
6020375252,osnod
8403407570,xeklm
9837800618,djuwi
6862956150,otrzb
8268905716,dgxvd
4521960006,azfqz
7594394183,uhfvm
1870178221,npanb
1382959052,xknwg
3166024229,hcgoq
2516558866,qpxlk
7749149161,qaqwq
7239895664,dxhoa
7056308354,xqvgc
4917524088,prizr
6049071288,cnwen
2611691175,xohwu
9327516767,birmh
7574384943,kjypo
1365974726,unvqb
2811346107,eevqf
7773675155,jgyda
2674581611,uegbr
6476254642,vxjca
8045419970,dzngj
2726868099,bwfpa
7929678546,eyyzp
1338035760,wdose
7097484797,etozy
5021943037,gnqvi
2712226679,ftiwu
7783791438,hmeoi
4199120066,zqpdr
9864630300,zlizl
2550435894,bxwri
6002354895,dwrdv
3724011057,ovocy
7794091498,uxuof
3938330636,pgbgq
6733779073,geaov
7990239835,pifcz
9736631351,obdfv
2481473744,dwcsf
9776742424,pjqvq
9167246303,ncwzi
3766776546,fizzi
8618404099,pkzsc
9097224441,vkmho
3076758722,itirq
9462593500,dczbt
1252257198,iadjg
9575910509,grfuv
6194861515,gakez
9616827880,pjewk
7469454082,mghpa
6578147753,bgqpr
1090299382,chqbh
4395834644,kfgaf
5399136454,qmzhx
5317009254,phokq
3405710180,nvvin
9230165042,gzaaf
7601193772,zlvqg
8158713512,fytau
1033937968,baejb
8660639826,zsxjo
7598216144,ccsbr
7546283025,obani
4667622841,ahmvy
3717760637,fwwtr
6656402690,liiix
8765945998,omydy
7072365649,zrcso
4284322391,hkmfa
1445862131,hefzr
6441799522,ndbrd
8909934120,phzoy
5639740973,zaxlg
1078141809,pafke
1258305043,daydq
1087795149,mreim
7315581877,zyvkb
9389315814,kskir
7648650878,dnbzl
7291814353,zdbga
3617809655,cyxbq
7969151704,pwtpl
7371938464,ybhsu
7982864470,ohhnn
7016563091,govap
2803526356,dsprm
9343993261,gngrv
6499271940,jydps
9758568459,ijtio
8102255400,hifxu
2610809901,rxnjg
6385848555,bapnm
6363222452,fmano
9531673786,mpfwy
2571998949,taiyu
6484790610,uefqp
6053084022,epebe
6408024367,kbqgq
4261143479,cbxut
4899828622,eldfy
7618503222,ykfqs
2153500868,ufywa
1206726714,rkdra
5598073109,eyzmd
5078955813,jzosi
7143866095,sejwy
5920948212,skakl
6974224574,bryjg
9880778549,ridkp
5179440196,dcedu
1384341526,xjdls
6576990645,pbzaa
9228358816,vdddm
5029866487,zcltt
4170260696,gjfkn
3761733026,yfkrb
9985246233,nbkct
6135562583,jefkh
5863207719,ewkeb
2671194374,jlzmn
6228456756,lkmox
4258830264,nurpc
1318241062,idtwr
6063055279,phxng
3197273446,iebby
2551949885,enlcb
2792735360,anxro
6648921585,lotfd
4707391451,puway
1631874415,bkxce
7938638081,thvzr
6087825788,aodwp
5874451211,cvxkj
9308848912,hishp
4268316562,xenwm
8123147388,xnate
3653367937,skmsm
4827756969,whcvt
5231652360,dtzlp
1781791941,ediuw
6236154218,vwhvk
1496561256,lvivi
8436452031,kkssn
1015053399,eidwi
1425228030,pqkin
8223855353,mvxkz
3781578155,rummr
7175755254,cghxk
9842750237,mukwd
3677805775,thqwg
6015852305,nivrj
7891678502,kighq
2553473004,tslec
1126063474,ryvxr
4138766194,ltgzx
1068954778,popvy
6881407300,erait
8667790251,wbhuu
9211746756,iftdw
5727083290,ctwez
9182172167,tmqbp
4570564918,jtvng
8525809877,xnlox
9237413830,lihny
1926670053,xryge
8410193436,owjua
5458438120,iwuji
6640197833,mqcps
4025183856,vicin
7937057843,mhxav
7591301405,kaudx
2405014418,kuqqz
4412954768,htdov
7420885487,ccpds
2468208193,xngfk
6744850716,kuuex
1892598573,omxmp
7391310463,twpdz
1974019606,feuwx
4191937540,rhvnv
4645692534,lqsrs
7985810849,zlhdc
2328577342,txqcz
9044064434,bxpda
5928810006,fvitt
4697287855,bgtfv
5560478024,cvvwl
7666993239,xully
8390032995,sqrnx
9406719881,bfmjt
8181609929,qvivs
2181140658,vmanj
5656495930,rqytv
9268470240,kuwfv
8437569728,nqhcd
8253466638,njzhk
8496955569,pxfxv
9836410157,yujuf
8086428142,jmwrg
7280680438,ykyip
4615099068,qdkei
3226174847,qxqgx
5452118483,otefk
2308227523,ipkqa
4893974054,hjvxc
5648768742,afpvk
3818657120,zphgm
5910405728,ejwhn
8687802216,jinim
9601374584,byzys
3397057970,qmzru
4546732281,lclhw
4375595369,qrvgt
4420160001,pwvll
8191206713,fqunt
4191423683,myqyr
6068378152,ghtym
8852653201,cprly
8899636397,jwfgy
9667997260,pivig
7631199885,fmkox
8241984305,eqqjr
8423533554,bgaiz
5387532850,okncz
5652441195,wpmqq
5866923555,brsyx
6661264540,xrqxl
6492282321,qosuu
8137034885,cmdxl
9118920435,kwudo
8937657545,fuace
9812585973,ifpfw
2834967499,gxaeg
3766513043,nejzi
4271145470,nlrek
1973659427,vsjyr
2598614182,aripb
6470395979,rudsk
2447022673,mqcau
4175432346,axcnx
2918673333,kcucq
8569882516,anebz
9977374459,ttykt
2814755949,golxe
1475712728,sgfwz
5122483195,aatsq
8730010814,lvgaa
8600368665,rtpuq
4338009601,vopzq
9079730276,gqrkx
8605606786,okhbe
6993809676,uezdf
5261486493,tibop
2318640755,nyrlm
2111294183,uqmqz
9079752502,xtqkp
8269289057,gsrmr
1055391300,sogva
2170814215,wbbnn
2570091990,lwkci
9107903559,djtvg
5528900152,fioyh
9558951829,darfk
5971725071,yqpfe
7300106512,ldxdq
8653112251,aosib
8357513186,rryyy
9689722046,myjva
4665604929,qtruq
5466277259,zzbsl
1533631905,xfdrv
9485776056,equuh
6078152898,ojhaj
5711781117,wayhh
9479675605,ngeoe
2774942296,sipfw
4290470521,ukysa
4019545193,xdrzu
6218917146,sqfeq
3533800644,opeid
8028532082,uyibn
7662598651,mvlua
7166763305,mtuyv
8323263528,tgjvh
2026304534,uvaoe
3418392698,bvvvk
1863917616,yorrg
2506999242,xvifi
1040266558,erfvv
2521095839,scqjt
5160132320,oslth
2876965188,xdboa
4926831729,nhrxf
5180616954,rfbfi
6384510908,frbkr
4298230680,acvgb
9444593543,uaooc
4051101379,qrqsi
8785085227,hbxzh
9716723402,bnxzt
3465952285,drciw
9989044171,xvhtl
3253485989,pzdwg
4783138165,lbrix
3614436328,owxln
7244392242,cywdq
9983175021,ojjog
9857959289,pdqzk
9172737966,gjutj
3228686214,xbfxe
3725171439,qnwrk
7189747681,niczf
2607208162,hdudy
7971595429,snbne
9406971779,tjrby
5722890367,aokgb
3339989869,cacon
3263791717,ojoaa
9294372952,gzzgo
4717602463,wxfcx
7962950706,gwkew
6486496431,msadc
8672255234,nvaie
6821220393,haikz
1143299195,ffwzt
4884549749,xzfbr
1662803768,ziduf
9700112804,exzno
9515943044,efgwg
1034153638,qsiyu
3542892973,knnof
1699995249,ptgak
7675425393,hnygf
6616042733,azreo
5932801311,imeew
3276151906,aptnq
8202540495,jpmif
8569700957,zrzxr
1148905496,beqcm
7792278743,yajxy
4380117967,nikzy
5633722020,zqyxq
1990864180,jcziy
7809349899,gjlba
7576559481,jwoec
7705958553,mjjfc
9434110784,cccyy
1238775135,hrgdk
4274732675,srgfk
2017854375,fukwa
9916354924,luscn
8247443999,ytrcm
6304631783,rtatg
4388537323,fpivn
1016101603,itpya
9399041223,rbcbb
3653032725,owcos
3196719731,uxitn
4099096664,obdch
6598335437,zglid
1878248192,fpeql
5587339685,rvnvz
4027369249,kdyzx
4799654704,ufsmd
6221751201,jkklk
1034194714,mmewr
2426143441,jrstn
7857617540,okbmo
1579724483,xoevw
8837934528,smlut
4293007399,klvpp
4253789087,kvcxn
9109538310,daaex
4596571475,emeir
1799789435,oyfky
2515693113,azvkk
4238736804,rdndd
8671348451,gfpfn
1470892358,pjrus
3780318844,kookq
1280875738,ymljd
4314211842,xabok
3085895684,fslhc
8593265706,kplrd
8489469938,sklyf
4855825204,hixhe
7754107025,nebzu
4273429844,xvnos
2279764116,dacae
7545088435,myvxr
7727612770,bctjp
1649564466,ubdzt
9041739124,jxfyv
7785365799,giose
5485648504,hqaya
1583225970,qstsw
3830272758,uexfh
2451829528,qpfmw
6482502867,jmots
6979447350,kuczf
2506334948,xqiri
7007565736,rqblj
6092957639,metrm
1729362484,ycxtj
4178371264,kkatn
9317402033,ckpma
7343256976,dehix
3788658616,zdghx
3249546865,nrgas
1568430067,dxboz
5310769850,rjhdw
3649904672,bojuv
1858818726,ifypv
2430639219,ljaev
1466042617,pzqza
3760001906,hhtwi
6429736188,xhmzm
6579457712,ghlqv
9896895830,bkver
1963101069,ppzgg
1344352917,hwndb
9544469201,fedhd
7291471991,cfmaq
8635100544,iyeor
2232025770,nmfdq
6507531123,dbhku
4754950869,wfbrc
3152787010,xkhdd
3469903605,dhcqu
6812001854,brnlv
8806222113,jfgty
5305428740,ozhgp
4445063171,gatzr
5806295708,cvajd
6359011749,kqatn
7792779665,qgeuy
7390652423,djvkd
2120292243,ahlit
6822634930,fnpiv
1617255935,xlurj
7777650662,ibecs
9886906959,rlqif
1723980956,plugu
4890451160,yjuug
7407652937,kxean
8478331836,hxoeo
5583569036,uectc
5767397763,cyucc
2711676387,osyia
1229445697,znrku
2210332850,bipke
4179520607,mppmr
9518317540,niayz
3179005347,qkmcg
4354142000,mpdxg
1109379477,epsbg
4903707050,aebpu
4834302651,gckae
6858570784,ueuxr
6976470264,plszo
4027511375,krlwe
6922032703,cbczi
7710069180,yqlej
5440015801,qmcdn
3313876814,gqkie
1945923691,relpp
8098545075,hyvxq
4998919803,kqevt
3464538067,rhspy
1654564556,ppfgl
8204609884,lekvj
2896151079,aiyck
7939941014,lqntb
7635450664,lhvpr
1158427229,tvmhd
4626131777,fwkrx
2269952109,vcgvh
3951281144,lqgll
2341193554,fqdue
9144970319,zwjlg
4949845382,wbwzb
5863965211,gplyt
8880708406,mbpxk
9468267887,uqwgz
9755361849,lyasy
7899974460,wqeuz
2445969821,ojysq
3390548509,cvenk
3366243873,rtvff
3162929666,ozdjf
7950979025,mupwi
7246666082,olrbl
1603825009,ulnlv
2816747034,krjdk
3887171110,mjlew
3746562781,idmet
5803788233,gvuny
4311626619,fwndf
6296741799,bjmek
1451535893,xlwsm
2734898230,kodut
2215155439,yodai
2757870418,cbgdl
9866982462,zoevu
7885415108,xkbor
1246775332,ftoip
8396334820,ygrmr
1301710335,aktps
9467645950,dhdkl
5510347067,floyn
6446522314,hodli
8919002666,rcpit
5509590622,svxmv
7302376390,xunrv
9233078100,pypeu
2890538932,pkszm
1676975174,ovnqh
3661625429,wsneg
2847107927,ovmbp
3842669148,murny
9317491707,annko
3403940801,ysich
4773325014,ehyiz
5526784190,mvyyk
5572766105,anidp
6880336743,mbdbc
2527732003,dvdem
3998321163,fistl
5281829482,ntxfu
5600889016,nkjpl
1770346071,ljpog
8155798397,uthgg
8645027232,eacxt
9657501804,rerca
3668575289,wozvp
4853967120,vxhnx
5747370035,zxzmq
3480823702,pehra
5177148126,ghlfu
6113550934,tbgjm
2217846278,ahkzc
2572284948,hyfes
1458847010,qtwyu
5033771398,qmovf
5792205101,gesuk
1408094570,ngsjq
2977216722,lurih
2043902737,zqwhe
2075191975,roevr
2217918601,yybev
4265208335,fptpn
9565483496,tppdb
9201181533,zmnfo
2861188073,fqcki
7153365158,fqfng
7272760391,lrrmw
7386870974,filuf
7705410860,qyfmf
6596801687,xrrnc
6130447473,exttc
4968373714,yikyn
4967266009,krhef
9297235662,agobv
5392275079,qxnzg
5617586561,cwlmi
5213247107,qfuny
8725132124,agnac
9659890073,edoxr
6247223374,fqnur
3640164063,ttnqw
7667382307,vvnqi
2330130815,wenls
5614989441,oxodz
3551925174,rrtcj
2160027023,aqwcl
6139523722,kkcyp
3341803733,tutqj
1977599295,tyloj
8729422761,ufsvq
2940134625,nkipy
5763733828,wmnyg
9814883813,qhgqt
2589735433,jjrqu
4859855058,lkbpt
2233678576,paaiu
9309399662,bmygv
8446129268,xvhiz
5452710009,ihkch
9479710110,mjezs
2322069899,rpeet
3141634592,icmcm
8232821690,fvtzg
9587700962,bqinh
6139640717,hptly
9559655085,hbgwr
8773568113,civhy
4368064353,gkwuy
7677865022,yhfst
8282363252,vdeoc
8464335307,euout
5382315678,ajnjn
5128355095,heciz
6713069222,orwgw
6168550742,xmjan
1142336432,uhmii
4475452822,qhdud
7979818783,jrhib
2801600325,rebhu
4222590202,lxcjl
9317592507,jbdtx
6329735764,ckfiw
1636798847,ntrzy
1618073699,nhdps
1057805656,lhgij
6740618073,nolcx
5058027157,aqhzu
5988354597,apeuv
2780709285,iuatq
5344738905,lkttg
9336917907,lfqni
8895631067,guoib
2191043227,wvmul
9257486711,hzgiq
3365303395,cvdwv
6822176465,leosa
2843001011,rlkif
6901891239,iizsn
3562911734,kockp
5322329538,hripl
3871600319,ezpei
3366500220,vbccg
5244468496,zkwrn
3728643780,cktje
1765364106,tuxsx
7848678623,gcmuh
8055362447,psqch
5182857737,ziarv
1730589303,vyvmz
2608020002,thact
5923541481,lghud
2132930124,mrtpp
6475767597,kpevy
4185159627,qvjpx
3354110135,ltrcj
2327154959,jgxvl
5392253499,edbpk
9277208716,ugeok
6243718074,mjoqn
3775557684,nvbym
7030172144,qsheh
7911329727,leusw
9763295952,phtqp
6225613636,xmdtj
5807771937,kigdn
4455934559,ddbbs
1682225805,zjaml
7455835773,lfzlx
1872088812,dmgmc
6118824716,bxyme
4438559282,qunhb
9959686882,pxlrt
6931986839,lgalo
3923183985,unkns
8441149141,pajvi
4846654215,zymxs
1588881118,gmiqd
5297612656,qzynm
8472861550,cdhkr
5424711526,wpdkv
8061557016,ayrvj
8509166653,nqebe
9845813267,wxwss
1642621347,nqrco
8959833776,bbxkd
6214194639,jrlms
6896525176,bsmkv
9969604482,xlsoe
9063858075,evhqs
6922923676,urnoc
6038255335,vztdu
8995564982,nieig
6335606464,invxw
5290925805,hagym
3368909793,alinh
9315786387,zkvbc
6392350226,kurlc
8979796537,ydvns
2638852358,qrjwx
3338466365,qfoqt
5742587181,ckolr
8754934585,lrwkm
1089877455,iauck
9914096474,wznup
2694330633,ypiaq
8618982831,dzjrz
6818162809,zwnqn
3649851319,xckbe
7530732199,megpa
2822617290,gqlxd
2483560291,guzuw
4288161629,pnvcq
1425575927,ayrsd
1461163605,jaghv
2997494036,buthn
7497718576,dlpvd
5011444009,ltjcb
3347103984,tiepy
7901512003,kkqvb
9341307696,vwtum
1971445393,kpyib
4977831129,mppnw
6761268725,gevip
8176081750,qhsbj
3344097115,ycmfh
6636215365,muphp
1271637206,balwm
9540435433,fboqv
1173764529,geggi
4072805002,dnccy
6576213912,dyrij
7629291537,vflof
4635301035,ailhy
4316375712,ilnds
9323132143,pvghj
3075655445,hxxek
7638077811,qadcy
6525143708,manng
2059101925,zbmcd
2323401745,bipey
6360082202,haqli
7923869441,ukfrk
6366926498,nsfod
5083356166,oiwuo
5870719881,fxjfi
1760546242,mnwwg
4011109526,pgjbd
3460602730,oxvpp
2076321794,mrffo
2660342710,xpvcz
6236491276,ekgsx
4973061656,hrjiz
7225377390,rrriy
5525326247,aagdb
3028182862,klybv
3068155861,bgrom
1985573963,tdfsd
4762466366,pzlcv
2957061263,slnbc
1202505367,wrvat
8412911044,rqbeb
5221266532,khjby
8393906720,wdjou
4418728245,gakiq
6037350431,qbghv
7408042116,aeqon
4275030088,zmwju
1248731022,ktnji
7948094545,nblhb
8733504007,lszmn
4016713879,djzsu
7335081691,kkeec
4384569575,zfzsg
4214125620,egbvd
7371553949,xzews
4887719109,wziou
2608286996,sfpsq
1721411387,bsxlj
1969777163,umesm
8064988952,oyklj
1574629095,uftot
7293109848,mqnyl
1044285078,gktpl
7533905212,ppjmz
2337824476,yozpr
1709621466,twhlv
6776110813,mjzpg
2672975838,dmfoe
2241891932,kcofj
4572330969,tdeom
3566991393,ibjcf
9392063177,nuseu
4541756881,yvnzv
6950210051,cveel
7520059869,rmhfw
3483395018,bkdpv
7298082547,kjicp
7094761839,nuvxz
8085607651,cdnmq
7581887159,psrqk
6895615575,pjtdp
4881196834,nkxap
9748728183,fhqvi
5435122589,simon
1983119361,rwsql
4478275867,fqhkh
3282556148,aynkv
3160832191,llebo
5029096201,xupyn
1712347913,pvcak
3501262118,dyena
9881313006,jdbxd
8793044201,voylu
2182634617,rdymd
7653056321,oyeeo
1018656579,yyhvj
3303942449,uzewg
5617689536,eymld
6776484925,ztxee
1939452264,houmj
9391441538,rrvkx
1729510321,bpssm
1677444128,umyuq
1699242614,xuxlq
2511785603,thewn
3516797530,bkhvj
8498306198,vlfxk
2159563518,qweiu
3275459867,fjafn
1703180716,ftdpx
2084541951,hskng
2415702859,rqopq
7585460224,donkc
5809991604,ofaws
6924610475,bgtxv
1185307208,rfwmp
8414741585,jxkrw
6558674199,aimtv
1076453645,pvvjo
7299018130,ojdok
3272735062,cxisw
3018539705,cxcws
1556403712,lrjxn
6955096414,muxlq
9087129989,qywkb
4555844343,lvcwe
2799619572,sahmg
4203047419,oczoq
8188091428,cgoar
3892123401,igpmb
5084221782,opyut
7099861071,gnyov
1913384710,rivue
6315721927,yapoj
9968715640,qbyjw
2559822358,ietta
6531896854,guavd
5902544335,qmlmj
6217215354,ncmgq
3339966230,rzstg
9868939447,jpute
3310836838,bphga
9517996524,tuqdt
3432689977,jqhmo
3122067599,bommn
3820488153,tibjo
9986197372,ldrnx
9046264971,xpvwe
2651786706,wslup
4111751467,xpqij
8453610275,jchee
8141720101,cxjfj
8262779638,vghxr
2666634379,akffc
8861581078,oxbbb
9049046239,nmwnj
4389903254,grcet
7227528860,szbaw
4547062876,xzzdl
6972116242,murhi
8960597122,cjami
9412564795,hamnd
9412296461,beftu
5533703030,urgzp
7980316302,lpxhh
3867721218,sttdc
1485862110,kivpr
7131128893,abdmo
8503214940,tajve
8592268652,oxurx
1339085444,elvqx
3221990551,xzsfz
4179349756,uvzxs
3106796512,qmrmq
7730657974,xcehk
4049145360,orrih
9442905748,scggn
3736849868,woaje
1698508313,nevrh
2317109135,phhpb
5244791433,ctlkb
8209686173,pvdai
3558459846,aqdqm
6422961262,hbdxb
3609085285,ppatz
8268139785,yrdda
4131125547,ymgkv
9749453406,gzhfn
9449095003,omrjc
1668377599,yhjko
1211515149,iwccr
9583820627,uwmit
2850060008,srtxt
9718120772,hbgia
4261134969,zrsuf
6551385981,wjhcq
2666210873,xugsy
4698485543,khzpu
9941941602,xikwm
6176881567,afhhc
6851293093,rrrwi
2746432881,hbxbq
5774306141,dfxcp
5788382522,oyclj
6952623407,tcxqt
8308333919,qiwym
2702521996,nsyru
2101050818,bbbfu
3932229224,qwinf
2644088154,jfyxh
9417641167,wofrc
3031530698,hfhpa
4908927332,zccif
3923536163,mumpk
3284041791,iyvew
2779456016,nfcce
8546335582,nepoi
7011464385,safnq
1488630291,grlxw
1254173290,tqavk
8996421795,eqsuo
4602593657,uoepq
3294246476,kjoqw
3509916923,vvyrz
7762825191,wxbrk
9175929766,kolzw
4027544693,wdftv
2200997306,graog
7529137390,rhcdm
3193370915,vbsjd
6912078542,wshzc
7844134859,qqwxq
2508718820,yffiv
7625714891,khazt
3022740515,fftwj
7883075983,siqui
5474635497,ledmq
4027816283,ssedk
3721882378,xtyay
2793384837,zpwsv
9707203330,zgbbi
8163343434,eeueb
5584473667,yadmi
8512453471,sszwx
8003922648,setde
6258382311,wqrjk
8409407830,bwqiu
4808372736,jlyom
7932522876,ztfnr
9053593726,kbwms
2666824396,nwlom
9425158243,sngjh
6285797506,apwoz
5428490863,vwree
8311726261,yrndh
1956610679,fskwl
7861575436,ekdob
1663872039,opujo
9356718868,rtmga
2000196805,mpuxs
8921590476,pahwa
8152090807,iuhwq
3717317650,frkhs
3089517790,bpowy
9854886290,pswvq
1000095054,fgowf
9088073100,beqes
6269572480,daeeh
8492121069,goeqt
2525062570,iwmry
7921951413,xfwvc
1722727951,zzfje
6884557373,hgawh
6109301758,vztkl
6544882238,nupmw
8824460946,qagjm
4525328913,bqdxe
1606803475,zwnrz
7228452479,teejm
7198528587,ottto
4302883025,jpxug
5012347770,wcpkl
1320740907,gpwbo
2765987838,ihzlh
1172133617,guech
9389719797,dgsee
4997205357,vovep
3488021102,hjbdz
7704361790,axmio
4077361929,jbmbh
5366406343,gsmco
6180475549,eewhu
3088311406,psvow
4764873971,snvrw
6889229559,acrrc
3076329235,rqopo
2815387879,uuetr
3476711816,mdbvv
4825354810,tbaod
5679575420,jfeoj
8552570532,kavne
3728441214,xefqe
2941074287,uazbn
8480633999,huvhx
3890723346,zrjtf
9938213643,tlyux
7747142034,mapjx
6170546172,xledh
5858769070,ajdyy
1613317066,wkyll
5494128349,ztaqf
6441095745,gkaxi
7386670180,pfksk
2329413303,hdufs
2817893148,mjjyl
6339764852,lampc
1878987040,qkpjt
6866008418,wdfhj
5608552102,mpdhz
3906753591,ackkd
6463796168,urtwk
6775687381,xnnos
9344190886,pmirq
6064030988,jihod
9728777060,ovgqi
5071717800,skhqo
6639260362,cnbhd
9389018441,jkair
5187271454,kluna
1498898584,jqpou
8295457860,rfqzz
9766763086,sgslz
2205509014,smcmb
6313721734,sglgs
2493314794,cnoyq
9100477654,skbsc
6726531114,jmifo
7304798307,ytuuu
5601144832,qcwco
2214659715,tlnvs
9612823765,vbabp
9114414689,qmeor
5588522034,ttaro
7905408088,khmxv
6210878707,zycpx
2693083267,dgeap
7535296462,gwyan
5258912601,svmcp
4504310993,pfxka
4776010215,unded
3859612356,ijmal
9250287182,ynjed
4565532521,xjxxb
2732946286,ebmmc
7178796265,cmpup
5995654274,ffrsp
9980056021,lecxx
7642985616,cnokp
4450948318,nxdas
2401957142,xuraq
9925588189,uynny
5438307065,qdgfr
1119521123,rclvs
8866271794,tgmif
8162992594,krwoy
5100282820,hthzg
6109157070,isdvx
5258064923,ogkgy
5870905666,wkfpz
3793108289,sboul
3954913711,xfhrx
5320372959,cpmjf
4578325529,yvdox
3205233328,pxcdb
3742723389,vnhml
6248544168,rzfyp
1505219478,juvfa
6326765014,khtfe
8206725690,owndt
9818237158,oifzy
7636927477,nbbpj
4621832761,xjgaf
8988582661,zavmj
1316089233,rqmmn
5930260154,rstmc
8561071935,tpufd
4000076277,nendb
6339098924,qrupt
7481123320,bsthg
5475967238,vfyvu
3118966321,euyhj
8502972033,ruagk
1072497569,vkhge
2264905978,xijae
4790162095,kstaf
7287046127,ntvoy
7819378048,wnhno
3360790618,ijmhw
3040400873,dspeq
5501776348,vnmxa
9796995556,fvzjn
7305094543,zghny
8301823089,qzrws
5152233049,ofgxm
4529777781,ajzdy
2985884654,fdead
2455314474,qspco
2692629007,bnyvw
7670527193,xtyeq
1471500407,zgidx
9873444872,xtdxu
6879263997,aegrn
1108556291,tabon
6062228548,dgbsg
2763100318,ouuqt
3160564966,qzzem
1960431674,akdoz
6873504585,envdb
2050693630,eyqwa
4059101559,wvlnf
5513804779,qcctu
3581917405,pcgtr
3425069127,vcmkx
2409459725,kocbf
9932876231,ktaky
4509465668,mkvla
9258578519,sgsyg
5009032663,xsuax
4684123113,ufann
2612562135,qsugy
5833227914,puxgt
2161660628,qctzp
4675504016,nvpdy
2581796983,iqjeo
4899971840,dbqab
7727169939,ztvpn
6349753594,vsyxg
5768770284,qyptm
9839343604,kyicg
8399880507,mxwnt
3689661728,wtxbt
7900492144,jvpdy
4304152219,fkzrf
1795712102,knwwl
2978109248,xqoty
4233870917,kyyue
6362268518,ggeml
3088554853,aimid
1606416501,qektm
4218979555,krlzx
8742170001,lneeo
8831412837,glqkg
9086435154,homyy
4800884960,kjrwz
3761646245,ktwao
6318857076,wamiy
2651157956,fdrfn
5263691785,zqzay
8862488884,klwqt
2043942821,vtsne
9708118039,xhgai
3123135174,qbetc
8811597023,bjjwp
8399028696,vwnpa
4272112141,ctfsi
8897292889,mzowm
1009731775,nrmaa
2566024065,ypkcq
4292474535,dlcna
9849550776,xwxqn
2862450507,tfonk
6122954470,pknsk
7561925600,chhdp
6223716217,nrhdy
2541445845,vtmxu
8985001548,fuyxy
6406580443,jfyax
5746052748,rqjzo
1434653394,hbdpm
2073951812,nsqyh
1781641714,eqfph
9648158774,adpeu
5068250157,ffxlz
3833809438,sfbqo
6830095397,xnatv
2785739638,nmuts
4261468672,rpemj
3505091864,ckgaw
9429951783,quibf
5030455955,dehvl
6120123470,srqqz
5619171893,tjncw
4992176125,ykipp
3400127727,luypx
3184739858,pyzcj
8466013034,gtuwk
5813129983,xcbli
6347219893,kkilm
1810273832,wkfwg
7010966245,ksdvp
1615591674,uxanf
1185968970,guyfl
2090186455,mtyjq
7324209134,votau
2879543725,dtmix
7761600082,ymsvc
3576087279,jjppm
8617042843,ofyji
6461541378,tpsam
7947447352,fqvni
6570529525,qopgk
3739377048,aunoo
2069551651,hudwi
5225377630,cssmq
2002122491,evuuk
1044806975,jmmne
5999975055,hdumi
5855221573,dnsye
8576780073,zrmsg
6331092327,elkct
3375387887,yibjw
6051698255,zsvlc
6893966969,cksci
4335076587,dhcek
4641209091,llaln
5145951188,npydq
8545896712,sksjw
3292702281,tqvrn
4430780750,xlnnk
3038430015,lhiip
9085179817,lfvou
2700086812,fjhpa
9746555360,kzscy
7181946428,uzaqz
9051005120,tkmmx
1497926853,jawqm
5014050656,dpzrv
6741108598,zttpt
9915986998,zjjof
8571288848,yukcm
1342484417,gytym
9407966069,bnqzy
3233759831,bwzaw
7211130589,kkggb
1170747503,foqyu
8592169034,ogekz
9399766689,vbcbj
6782787283,nqqbf
9765429744,tfjfn
6121535775,lovim
8540538474,mjebj
2493157494,wzisy
2516742482,xiprw
9435461972,sdaxj
9106716653,vebza
9888868128,hihrs
4977235608,toekq
8509071469,nnruu
6783829499,slyvs
1669162182,mzdrj
6913900504,aehnf
3197483099,diowu
8547339617,lzepc
1364673355,zdmjq
2656030192,zufod
7235872194,qikgw
8043637848,fcewx
3496347777,fhgbp
8341212264,bujap
3868091501,xvvfe
6827272758,wvlss
2745160640,krbes
1178594013,vgwew
3720806709,qhrnx
8021661361,sqabj
7159498814,tsczi
8371114425,tnhsi
5423817129,rnfsn
1827257481,uuvqn
5735549836,ekqbj
8351074112,mudfa
6324400287,anift
8786513363,cdjgy
3376831965,lijms
1617443907,gbfyh
9330787409,mbnlc
5849241725,dmexa
9413437716,lldoa
1014737042,dygkc
5940761307,uqwnt
1138138670,rwtrq
3972829215,ktkyz
1914588201,qognv
1992259682,ekyns
8161336847,bwxlq
7160752871,owwex
8018641597,whcmn
4806296938,osrep
9192397115,xacxo
1252709715,mivvj
1638198932,hctji
1475571482,jvrdg
6695240698,qjhws
1604975562,dtsuu
8654261708,ytsan
9874302375,jgotr
9526357549,izuwp
4542178219,fidsn
8372421445,fdazk
4380779984,ddbcu
5101556434,cktew
4264995919,ikmqj
7970380890,drtju
4693245246,khutp
6468285497,nwxly
7689140735,feygn
2386504185,lqbei
7652546630,dyzxe
8744939192,dzaqe
6189249970,eqbwl
7014085132,lcdow
4361295627,ynqxk
5291873266,obphb
6528179445,khtjk
2871512034,sctal
4479464979,gsplv
1141112449,hbqmo
9672565696,pgivv
2560696618,fwmsa
9277802117,nrhtn
8788893822,rnkwd
1123924093,mpizo
5951919185,bthzx
7999715040,hnbir
4774569320,qucwj
7509055776,gpjxh
8483676193,ustkq
8105996857,rbapd
6645610298,tlxhb
5087893511,gsltc
1370572756,mkger
1053382713,puaxu
2676314435,reork
6766122247,vyzou
2429407953,qssqt
4882409690,qveum
7101677575,byeig
6183013532,dekqz
6421732395,rqpbu
3418982245,rtrhn
1492777488,nluvd
1682419882,rwvqp
2547973869,pplnt
5490577100,gudir
1313115259,ebbmw
8855020665,uzrwr
5247643886,msggc
9771828255,jgeii
1067028208,wngey
8770421227,dwxmf
1516022603,mfiwg
5048650146,eiwpf
4666098441,yrcwd
7932414781,kzxhr
8454368616,cfyph
9529889222,bjcpz
1926232752,hqqjj
5992608891,htghr
1922304288,wdobc
7460783173,rhcmz
4691898570,rtyre
3632456685,jghzz
4756774671,hlgwo
6366760756,medfb
4099319045,muxhj
6781398051,fosot
1173930299,xdibl
4460523198,xmyxt
3333212073,szzas
6082059560,hhmnw
7655892036,gafxu
5815215999,soioi
3227246181,njsbj
4990612702,wcbtp
4134980273,rvbqo
7262108013,zdyqk
2228272696,wdork
7341263289,brixo
1109616681,dejrh
8834404477,mowhm
5108628141,idxik
1558888920,ithtt
7663194778,wxgkb
8131885732,gnyce
7018703993,ffuyi
6557674067,vkvvi
8742193614,reemk
6867912337,civdi
6998063768,mwcjj
6374900666,bqvbj
6397655361,cqpjb
2917474601,szlqr
3701309933,boixs
1099293960,wfgtu
5292081615,wzvjq
7236801472,qbgdd
1742982829,olvwr
3857260147,nkjlw
9077660557,jntjx
8701303781,tyyuo
8982168652,rptne
3192848220,aecho
5431522289,tvcpv
7691985779,kybgb
2533916451,fccca
9209686923,rnydl
4245912261,uuooc
4884081196,olybd
7569611253,gbhkv
2530854753,wqutb
6843458385,fbpxj
8189143324,opyrr
5319872981,pxsjb
9490953001,qggsi
5408498026,tjjxn
8879631303,uxuua
5943060883,cuklt
4811925641,derfh
5403894909,hvwmg
6979667942,rhcgz
6652046394,tbdav
5734062168,pqdhf
1479772073,bxhvm
3697140611,yawbp
6152117191,ehoto
4749083290,qvtyn
6724970272,xhxob
5975432520,pbdrt
3692304903,zybsa
1732358650,budgi
6800286706,zdbvo
9306224964,uavrc
4128361216,uekhg
8393233592,mzdql
7638361374,lmqyp
9223160260,nfgyb
3937799438,flqza
2537577908,fcnwf
5885220878,rsndb
4152882839,fpphy
9357668416,ccuvb
5858168615,rurvl
8412083631,dfnhz
4844656312,nwkjn
3584476308,hrwgp
7058763898,mssbt
1859007798,zbneg
3686696699,kelwx
1863078397,rsdxh
5572399087,uwiun
6269227403,rfbci
1922624204,xtofd
8541142841,ttrqa
2902850141,hvklf
3143163822,pceuy
8807546068,bqzjk
6980533227,fbshf
3408106700,oslvp
6826292532,yzrlj
9925055008,ywciq
8044516483,igdeo
2391576659,oxfkd
8675393562,eyiji
1360505279,pbnnr
2103267422,peroc
8487741391,daccq
7759483756,dnnch
3691559517,zaeky
3258838051,jgmkr
3705095269,gboug
6631683335,rktlf
6830486706,iadgt
7964797485,tdhjl
3364766450,blopq
3011579893,ncfse
9640068286,inzmp
7780375194,gsqit
6899811637,znfxy
9114725471,embck
2650333099,ktwis
3721335358,ekpof
7213175451,klfwv
9437510997,qculy
9637080920,yqcim
6813423449,lvhck
9737786795,riwwe
5172824996,npkeg
5830500096,machn
5174204174,sejul
8838118126,xuhmv
5891843387,lcmbn
4451044319,eiebl
2875314762,wodzq
2008144323,wqbdv
3952112272,ubbqo
7901901436,zxzxu
8230793947,tqipn
6393984424,nizib
5871816925,vepwj
8951828853,mxmgt
7110925301,astio
5561386585,cjwxy
6658491948,rlwia
2757429461,olmjb
6530818388,evauv
2478357388,tkmld
9734415562,qvkwi
1408119646,xbxgu
4519764206,uvgtw
3073664778,tukhp
6249843371,frnmt
5954277448,nzpsc
5908116223,qxlwf
3408512036,xpnzb
7960206762,mwnqp
3591520319,irhvx
1841247392,etadh
7797807320,uapuj
9408980946,kocqj
7768458098,ldosk
4627218778,odhgh
8618150162,hlwkj
2501756090,dpelz
3947557009,lqrkx
5017859059,wnzja
1556144515,dpljp
9213293576,zcsmu
6773436037,oompu
5002066533,luyuu
8078119427,krqxg
7714459720,hobsr
5358168966,yrbyo
4945191830,xjrwm
4681508161,ovwcc
8403497073,svtqg
1752777928,neccn
5282314326,imwni
1052150359,tnbjq
9934097289,sishv
5949664010,soiwc
6660981674,ysqvf
9724347439,xksig
6200557982,bddkg
3478319391,jpboo
1455247870,ukook
9080190378,gxipf
1970896213,zmubo
1863766859,eaeus
1528904544,jcpby
6795115858,hfrib
7682692025,ijubc
1684079050,gzahd
3746123540,xjqds
7693906909,hsgin
6775379962,nixxj
1062029719,uhddf
7714247959,exqgr
7890513240,kfozd
5102279519,yvtgx
3619406848,acrwg
1731487055,affii
7889601932,sorgb
2326472463,yxhti
3433242444,jbttv
3161847476,fbyrc
1574383403,wgwtv
9783039356,yihwf
7331436117,sjebj
1644409884,zviso
2492332447,zqmgj
2332841014,wwqki
9154640133,yxpxx
8056222540,hmqpf
3947009420,nqmrr
3848835183,dgkjs
5145633326,pzaiw
4200054462,lybmm
4254192982,jvpxt
9954434898,ottvw
6736356029,xkgbz
4401104676,ybius
9692162633,lstll
8576623543,hncme
2517831949,ttkpg
7710399236,ckosy
4111029829,nryes
8212204109,lxeas
5677853976,xtvlp
3331836136,omhcf
7166891583,whtbz
7053888461,tgbds
2659823305,erxrl
9094758046,qvfgp
7813522107,zeucu
2325572796,htuxo
9707536860,ivitz
4966685022,shmif
3608834590,zwyht
8648475838,ijtmu
4294096540,yrhur
8149272453,relgx
9230887875,cbqph
9608028903,flbsm
3684263443,icamc
7203307443,jrxpf
4658971415,uczfb
4610652223,jxejj
7013914360,nzzwu
6076801929,nvuji
9449051044,gibjx
6104926443,ymrqz
4214735640,jujdz
3631437578,xjbax
9404421803,rsoll
4827838473,hdrlr
4194822632,sihgb
9620875854,tplcp
4022873162,plvte
5059694494,wjery
5959763622,ncvpv
8784431675,nnghc
1530938187,dxvba
9631076654,qxymi
3160671284,eudnh
3284572176,nmxzz
9235608288,rbras
2225988539,yhepx
8431734472,uupyw
5710752993,deqrq
7146275799,iwiwn
4752195870,jzpim
6765514076,lmtxw
6581924861,nftlg
9223268559,lqkso
8300156317,svwqv
7659882243,bqgpx
2156716762,ouous
7125638109,oppcs
4628196348,knqpv
4912994803,nnztb
3217077759,vvetf
5156819887,drnox
4479007233,vdwep
9404399020,tvkiz
9395516857,xjnfw
6982583960,quqwl
1418411327,hhjin
2784337859,bpbqp
6646225517,crdsr
9415821240,zkudu
9868244553,zybjp
9784895974,bunkf
1649736115,vhucv
2678902243,jqtzh
5485583909,gkcze
3300203898,azlxp
4377497756,renwi
8357432311,scmvm
3553009123,sarvr
7828032365,vxjjd
3071913918,eyuhw
4001170280,otgtt
2879160171,rioaa
2341166991,dhryw
5212061868,yofva
3694774820,lyhkt
2293120373,fchvp
5010195125,abyog
5122932270,rgfao
1281983740,njvpc
3622315473,edlyv
1841628588,bqakd
1540752454,xaqcc
3619807305,makpq
4538659404,yavtz
5223074780,msehd
5875469323,jtjku
6832948916,jgedm
8974625237,zrsvb
6974671414,jkjvl
4713957211,tbpxn
4005807000,nyylv
8876300232,rhmdn
5889253159,dgtbi
6206905345,pplsb
9246440154,wwchp
6403761837,zxukq
3942426379,omieg
1144679940,nzdrh
5391283100,laiuw
2970522288,krxkf
5498454368,jonga
7799679057,mtwwn
3071951635,mrzfn
3550273081,nmoqw
1724355602,ztjrm
6742586240,tgaif
3443313160,jrdwb
5832786048,ohggp
8081307525,ukrea
8183459310,tikpn
1156683098,jiokc
4453255409,ovfnl
1741301225,jnjac
6244773080,tsamz
8150192525,arrdo
5375570180,cezue
8120806974,qdltz
4108301740,kryaw
9027206859,rchpu
5922782231,srglc
8425970759,fsytt
6991846133,fajdy
2102669170,pxnkm
3458280641,slsjk
4498160317,hfchf
2010772055,otark
2968987545,kzrwe
5156338060,hvkza
8926626173,cupwe
4889494782,endea
9341245983,wjyhd
4893083408,rwkgf
4227757775,wnwqf
9925749608,ngerf
9481340808,ufciu
5953885192,gxudi
8464059472,elhwl
2363838863,wyrmk
5550117796,fnirp
7313624708,lnnro
6374418404,ecyru
8534417723,qmxbg
4098520498,lcjgj
4556534282,ytnck
6149836160,yvfsa
6277377254,ybhlz
4802489306,dbkds
6574182425,dntmz
7852573155,pketa
2862271321,buwuk
1543606395,skyig
3464658051,whihs
3308553865,ghlzt
8646096070,yfyzx
9189912897,nipar
5555618170,qmrvz
6625629163,gqgoj
5526007883,wryqn
1781520022,iewjh
2733148436,ricpi
6440006219,igssi
2252927501,nrfod
7948116129,wgmpz
4034307632,aypud
9450098966,jxvpq
5340176629,ngjst
7304482128,rksvk
5138454904,jeqvf
1633831714,lwfhb
8849831544,vwutf
6244392953,rnxxv
3495601032,hnagd
7406793334,wmxqu
5992752434,qdiip
8802170620,diddy
7135421069,wkfzk
6134415588,hqgka
4235680300,iytqf
6503330303,ovazs
3391185079,ofjtx
7871261767,mttfz
5199314436,tjzbs
2743935507,jytnq
4556950037,iqbcr
4776239704,egugg
7484584205,jowwc
4766618380,ngfez
9625960489,qbaks
2914954184,zbsqf
4552862561,scrrq
3166718426,rgwph
4455177008,yxbet
9394924468,cyedm
4503405258,zxxpp
7308532671,naiqh
6049639591,ubrtx
2856181054,clxtc
9661022874,jrsah
9989692745,neerr
2940971879,tzzdp
9118510438,fdnrh
6109749461,mqxze
4676600257,xdpjk
3510400961,nzedq
2935654319,kpxmd
5363388408,aztra
3095039438,zwscc
9326423751,fghhi
3598282892,hhsaj
3703104508,puyyn
3390058877,jytkg
6196325655,qbkml
3662834437,cngmn
8284183695,ifcyr
2267920180,vqszs
8113235399,uueai
2872489636,wxaab
5536209612,dnnbk
7233222054,redhg
1247111099,sbprv
1640904062,lbggd
5648834027,oduma
5807313544,lfusd
8999199797,vqach
9619293005,mflzh
8595948453,hgqif
8658684109,pvlpm
5346429425,rofvh
1446313836,deeog
3751047976,eroin
2114966262,jdgkw
4404879877,gpuru
6517738954,lzvge
2470376577,sbqnv
2368948762,mnbyg
1942240910,ocapz
6769663814,tutkt
7189355026,vgxsh
9886627863,lgokk
6501438187,rjjgo
2911023593,gxcqx
5690331722,igcyt
9485401857,ghixj
7080479942,lzzvt
8356112128,rqttd
3231171752,kkgta
8625452443,jphnh
1571218726,zdssg
2625940672,mwsih
6028946339,omllo
2236471230,ysgli
2332886946,vqllj
6753240277,rgizr
7258483517,ydvsi
2168342831,diexj
4531580044,qxazp
8391931356,ecusm
4312765813,ojuxc
4498921999,tkkvy
3366052936,vhiqq
8930514869,uhkmd
1409907807,cyjvz
8398388368,fvcgb
9046504588,sosyw
7939088187,giqyl
5345221843,vfaqi
2056464813,lnidd
7637869663,miebi
8724885541,zftjx
5708747321,ntlkf
6700963093,nekvs
6307051758,gcazu
9227193408,fjmwy
4026615667,wwnun
3321473191,xpeaz
9390820366,xzxap
6671255141,olenh
1359361285,xgtrs
8439119631,wacqw
5637047068,ducfd
3342576970,dprqd
8921157510,ytyer
7166012237,npske
6546188411,psyti
5533479893,zvgkr
1514359776,dhxti
1974860855,nvryh
9217978742,dgdjy
7021718855,voylr
1726926101,xgmme
7937070066,gvxqc
3973496348,fzhqa
5052265232,gmfav
1113511453,pibyn
4250057540,fcxec
1447011919,pucvk
2223864677,xjxnv
3790051298,legbe
9825830993,jcujp
9295193163,tqrpb
3332116685,avapj
2545116758,swkfs
4705398993,uovmc
5231947833,skzqh
3405514931,rtwab
6259087152,efhwc
5927313501,tippj
6432855006,cswxw
9397907310,fsgbq
3601058349,wcdhr
7763015290,hiuwe
9571405301,anedl
4528258907,zhmre
9544313792,pznmf
3415660123,wzzxk
2590371177,jwcqe
8542592900,atlbn
4921907832,ldoin
9053118278,xrmmk
1325068962,ibqdl
6486646717,toicj
5338785008,lyoyh
6576228330,ngbuk
3536597436,zulhw
2759611331,ylyef
6592593421,mhfas
2517280672,domvq
1293805828,ujbyk
7454264260,tetjg
8225480662,qazmr
3236459441,ikmja
1010943593,artij
3231219733,bqzyo
3755088799,btxro
7701017355,pjerk
5203200052,jvymu
6788681491,jyzfz
5215180123,rcfyw
4027100261,eupgu
7236866220,xdftu
6780352203,mxodj
5400351042,zswok
3165748648,wrlsn
7867703491,qnclp
4409931567,uqgud
2852931326,wuhln
2216763188,vkitp
1410285337,cbhql
4815087464,sufej
8259492383,ynxfy
4314940779,dvydh
2197241021,kfgkn
9350298383,nehuw
2948857455,pqiwz
1070382715,rkvyw
8222661241,zdohj
2143117403,ztrza
8447687710,qnucm
6127929383,wwfor
6602987885,rwdlv
4646819610,cdsgg
1696140682,qjdyp
6121076791,rmmro
4505077109,apivu
8917875008,lfpoa
7761861856,cwvrz
6613932573,yxqxn
6597621853,fjzoo
1909203412,kjcxk
6447193401,xakok
7184705034,tgsin
7990639290,qzxvr
3251624400,tytgs
9362712415,smtwk
6742799420,aeggg
5230683653,brejl
9373293820,decyz
2527929060,fvgkv
1205711320,dbwdn
2343580383,tofaf
6374924402,psdeg
3238192971,fjxev
4038459664,lskit
8074741591,ahqtb
8112120901,tyzth
9654287764,yanyx
6134875365,alkbj
9463988862,rvhgw
7524527196,vxpgp
1435066839,jrryb
4775832590,ibyet
6019959143,vnmnj
5982223360,ooiyn
9822088361,qsjog
3636202620,jyngu
2962966395,erlpy
2992851575,uutue
4085359712,xsztc
9176507259,pkfiu
7785291468,settw
5776751410,ogiyr
9275837751,whkwp
4157290224,epnfp
2759428582,dkaqz
8758990741,rbswo
9668780244,djtbl
2932411711,qegeb
6840287713,rjuel
6540089919,wafss
5153932267,kxpxv
5216258735,uvsun
2077657161,bfhto
8139710344,wbqhh
7785598442,lhund
6986589197,vdyal
1337359272,gqols
7969032138,rsvrd
6173237537,hrqdb
5311963741,miirt
5846469609,jjwwh
8930121514,dwtab
2908850467,jntai
9786825125,dnefq
5206105742,hqjby
6750987589,bptzg
4074377602,tpqzh
9309141248,djcqv
2321977369,ukemq
2817594511,lzhbo
4120802239,cuhaq
6559757883,vwdjr
9452749883,mtnwb
2575371267,xnqne
7893551330,mtkkt
9032554923,lzmgt
8311137054,wavtp
8506070111,wykzj
1382661131,svxuc
9521142749,idvaa
4565985425,umhck
7031136901,mjkvy
4289939529,jiann
5629386709,duzso
4065566948,oisfn
7680945704,ibolv
3319576279,yiuai
5389380162,uazmt
4337238788,ragrc
9953427889,rbesq
2902218240,yhlun
3945532286,urulm
4037055032,kcxse
7879431206,urpis
7367050608,esjdo
6209413881,iwhex
2459236263,robtt
1215784803,elqtn
4906139147,zgmjk
2903969679,hvwqb
4028031874,wwnsb
2967689831,eemcm
8706436453,iesnr
2685458201,detrn
4212575014,pelca
1022363635,nvjtb
7461930938,ocazf
9085379092,yhyjt
4767950767,yffgd
9796378276,gbmwe
9882851621,dxpfz
8032463399,dyckb
4223421181,szlls
4459657495,xqzem
5005772915,wgugu
3763054237,incpi
4332858217,qqwpr
9483697360,xkpit
8786664401,fkvmu
6746792969,svyld
6733697077,zmupc
8265232737,jcjca
4492837873,hlxbv
3276606817,kpgze
8855700577,nsmje
3703926612,xesif
3007346771,zyzfl
9753312756,qstww
3791223786,pqyfp
7524959201,jhugz
9282172310,ppaoz
9070182287,jumek
6443137270,mmpui
1280438606,nwalq
9990335843,xvohc
7766702037,zakax
1151463676,gjjgp
1788998284,ztecf
5388865141,grjlz
1931666843,yrfhu
4851398045,jhefi
1480936180,lmzuj
1212109542,qwtzp
2088174032,ybxpl
5741361329,lhwtj
8010717974,xpbyd
8694420558,oqfxp
9714120591,suypf
6700165305,rflja
9076658682,npewx
3592621752,qpfbe
1698409605,ofjon
5416884182,zvtnx
5102123102,wivhp
7774165880,rwhqe
8703951386,kckmf
6976079383,zjuaa
2986088069,otbfb
1799705764,nqypw
8371196960,eqtmm
1281192265,vabvo
4821723872,dgvsu
3998566818,zuujv
1508730361,tjkus
7939548867,eqlif
7566664999,jvsio
2747512426,imzhc
8249413605,fjvkq
5846020809,uqizw
9922383569,djoqk
7244343976,zvuwy
5091470664,figph
6427571605,cyaei
6585143998,krlie
9506870027,equdn
8438059246,wxfgq
3583795976,nxrer
3499626151,haacx
6054255923,pcbup
2228607655,hurws
9576074450,zunyp
3144794461,tniee
3042326169,irqic
7543903430,uuewq
4323326082,xbpfy
4681920424,rsxky
5430886815,mcjtb
1995561115,qdyrz
5202302686,vfyrx
5948099966,ldiru
7738109699,lytxu
7107574355,ykoxp
4701177029,vhcgl
9648797578,feoxu
7144138448,cpwji
3649492438,pklzr
3281065975,troui
6178032676,dvoam
3844544290,xlizl
7680727371,mzhjv
8767379124,lzgfr
7772660584,ytuxb
9787462250,vypkc
8081770341,iyjga
3184965098,jxelh
6530437069,udqok
4414669627,fcjex
9406710815,wnfnw
5324843784,eubio
4390384478,vtrlv
6158512955,strof
3852591247,acmzo
7686538151,nxhbg
1073932170,rswkj
8480969379,lcdbn
5917886657,mrung
4536559487,anaqo
3996369833,qglav
8278839126,epkvv
1513659461,rddbp
5948941843,rkoui
5746911562,kempv
8340343088,aifbl
1134255354,tljwq
7738631240,adpku
1250094438,ztahh
8144466805,jlfuw
7470352665,sgxzl
1578373703,shdtn
7912951977,tmxfo
5644605717,ftxgh
5627486134,zjpol
4065596911,eyatp
4023053071,yucek
8067082735,zgqvd
1522194349,mvqld
7569047167,ocuzk
6085657969,myagx
7477444170,ipbyc
2927275602,rwxgv
8866591787,bbfyu
9195573913,yoewr
7582200064,hjrps
9730951455,umbda
2784452247,wxmcj
8899666888,utcym
9598190612,nilxl
6714190840,rfmlk
7468984846,tnebe
1898993341,xgnkm
1357094395,ldhoe
7031122504,onhvj
4118239459,aeqhb
9603363424,fldqf
9774047842,pxelc
8988507784,hxomx
1791520179,gccai
6534307382,trznp
9400774478,bxywg
9316478562,znhkh
1468501815,rhhhw
5043097065,xhrpa
7527338833,jrwbi
1504226537,xnlsh
2762963646,fuiys
7018695825,jvvqd
8919659827,bsrfy
7073194284,paupx
6346039525,dxxcv
1079124592,podxm
2767604961,gjlgq
9710567108,ahofx
5447785406,xmxkm
6173319395,xygaq
5943986022,byzks
4709166455,qikza
5051050403,vlrdy
2605144189,xypmy
1286398295,cijqu
7671725502,igvcb
4346757427,qaegj
5087809128,tuzgn
5736202785,zuwts
7646168953,wmzix
9087614272,fkxvw
2468533962,jbyvv
4365457494,uizxk
7785266432,yevgg
1796537308,gtpbw
2099770294,ffpwj
4178923739,qxuas
1255756086,jntao
6650467612,pzkfm
4877721482,oprso
6244773263,qmkwj
2614553475,esyvk
8447898171,indrq
8935186088,wozse
5296186387,jynjb
7093534684,xelbf
4006556331,axzdp
4016942487,cnaby
2516325110,opotp
3007018196,fldiz
8411233971,qilsf
7313286154,ckkwk
2472476055,gialq
6226355858,vvbws
3804419495,pricf
1974350793,lhbpn
5507071302,zkcsf
9053291645,vigoa
7985944148,agazl
5648815699,efjlv
9257423157,jaabs
9245804710,dgpco
8554756068,vbvhv
8403878120,gzlqx
8899512499,hihov
8345666649,ufkby
4378446477,medle
1727156429,tzjsm
5718809101,knwsv
7412665780,cdpyt
8828175157,kunsf
3727301222,emrid
1114698373,tntkt
2485710947,nphpd
4853805712,igwbp
4867261095,hhpzi
9131658514,owpif
5384393485,oudcg
4618263959,gnecf
4498297153,qceib
7896931477,juuca
8233659345,ocskz
3524101349,tjiru
2228523468,yvlfx
4306993572,yejga
3552744015,qoxnz
2195355181,duxkq
9563085373,icqzt
1690446517,oszom
7356247740,galsl
3490055729,urjts
6174651798,qauxp
2240629806,ssayp
7392032826,rhslb
7195185248,lvvrk
8294057728,xlbns
8566805836,plscv
2559753262,tushy
6116370545,recuw
1170957044,efygx
4956834940,bkstc
3335530311,ihehz
6943964018,hvfwq
8501588880,uqkby
1028596286,jkhra
9080247585,cocui
9718458970,cqkmv
7913661311,akywa
5271762760,bqfwc
5541019505,nmcln
6874455908,wdawx
2006786009,uasoz
8425486909,vucxd
8570682568,cymmt
1204158039,ywmed
5029411460,tkbpy
7619260561,pirbb
2612462145,krdli
7126978780,ukqdy
2011846276,hjxlg
7576828077,sbaby
3382375725,fyyjk
5550615396,twehh
2873117314,rchik
7636195052,foimi
9328196405,uxtzw
5428834495,ouluw
8673294440,jbxid
4001370653,qtkpu
4285158538,dticf
4342025363,uhooi
8188565097,dsjvb
5168099293,juldi
1340304954,hewpi
7086813721,hjhzu
1614166730,gedva
7131130690,awqud
4095750098,araku
2907011300,bpgzw
7686347219,rxkrk
3790096316,ycjvz
2691859128,ihcrb
5910496106,bpsqh
7920874528,ebyim
3162017208,sjbrg
5624593804,xrrie
3295401955,jalle
6749928244,qvjcw
8051942264,talpp
6659822055,bxegn
5191732836,irpkc
2666324412,pjkzu
7607356049,dinsy
7870625057,hgfgc
2607753982,tklgg
9747840614,xxfrm
1169856693,mygqs
4326035858,zqwap
4814824942,suolw
6457208199,imnnd
2785654429,mghme
5468090694,avisb
9295991682,pigoh
4900617770,cegqo
7441061434,nckat
2425796662,ntosw
1546915765,wtspy
6210609204,sqnif
3792318551,wntuy
2827601202,ijrjx
9735662819,atymu
9642202337,ybios
7943842872,dryyx
6342553486,obibw
8202689882,svulk
3520884808,sppbs
5683833711,aroye
1003410809,sxurc
6398194681,iydpi
7836932605,onsgj
1520124418,mznex
7156836172,ylbbr
1342915887,ssbwc
8978566664,keell
8582554430,lhdvq
6296064841,tirxm
4786879529,yuczk
2393353649,kknvq
4985427583,bcjez
3646465527,ymynl
2889259365,clpsq
2411909748,hoezp
6973812666,fkbll
1268415237,fgrzm
6492077651,scfth
2503892857,zjxnl
6213512239,pnpsf
1251505213,jzshr
1795480732,pocsf
1275210614,htzba
4898512304,latpf
3280339265,mxgdl
5410181780,rgrhn
9390384095,oqgeb
4167678591,crqxj
2194624302,julug
5469681988,snvwt
7416565765,taupx
2576665310,yrfhr
2607147611,gokgg
3544113451,tfqzv
3071233509,eaxef
5652199500,hmmqe
6986470941,aexwa
7770348033,bnwiy
7603835061,ygzni
9972092706,csgcg
3923340149,xqgja
4447654459,hngbv
9813133354,rbiku
5086788090,szdex
7864649398,yzjpj
4644389326,vbfxk
6362730958,mvyiz
2376387498,chwwc
3712573657,okwnt
4173616677,ltguc
4087331816,qnchk
3743007278,xhfjf
2093553701,ibkyv
1783144826,vnqlv
4515113043,amdsr
1154083046,leace
7359222848,srpoa
8609530512,rilcs
9023591102,zqbvz
9415122942,bthbb
1847437829,gijbp
3617282235,lghrl
1392343007,palzw
2994364715,pqewk
5551413731,dkzdy
8657902800,jxmdn
1195441922,yoanw
9501002206,bqamd
1014721806,fwhnw
4163080867,nuaco
5780114712,mdfqn
1054236534,yejkq
6687438429,smsut
8312741756,afuhk
1708051297,fmydf
8067025332,thatu
3115924676,cdlav
2303628542,vhiyg
6710160689,qkuss
4441727441,zwqhf
2420550277,yzkqf
2328828782,fzhfj
1620533171,zcztj
9142923638,sjdcq
4481800443,vnkbs
1600297412,vhueo
1061261429,housk
2220116358,cgnvv
4556826678,hjimg
9427040243,gspjn
3945856038,jnllb
1067749867,xvwnl
4631162837,jbaeh
6783614313,znuhk
3419076880,yruub
7926079765,zjjha
5967674769,yjqgd
9883978520,ssxyy
8002717949,sdzsh
5541353008,nfbgk
9423253118,jvbhf
5586242936,ybmki
9460712572,fuevt
2567255272,yevnr
2098136135,irlba
4360355589,avlsa
7979206551,pacqs
4688303286,sbhpq
8524173885,scfhk
9714351117,fvqnn
9358230746,mjcnj
7158134195,nmzvd
3574396977,ftess
1869371495,ndvrq
8776888003,qsfif
6034018438,sffwz
8451844693,pvsdz
8332228991,zdbcs
2102907349,zvlpb
3083736772,fmbjp
5396253232,fixbb
7605155117,unimz
4260591928,kcbsq
9047725691,bvavf
8900518533,njhxa
5211127368,merwd
5388412212,opkfn
7221478775,pgtfv
8938284480,rbiue
9670801595,nxvvd
1557831468,hzkus
8308624923,sdedj
2840900732,sbcwe
6691873486,nplnb
8027669920,zdloc
8165940091,dqzpz
3725190786,kuavl
5633114123,kdmve
7791339150,eveqv
5316179924,shlto
8569368815,qzqrt
2776772868,rkqfi
5853509001,navpx
3544965262,etjse
2354037706,moltf
2933807119,easqn
6831990732,dmksz
1311915025,yelgb
9550230850,puzdz
9627417461,tgzng
8408807793,sqhux
4275321966,fljny
5568769631,gbiwo
3138198350,tncyo
4997109569,zqhvj
7856775240,latjl
3592866686,szosg
4502970641,xmarf
1284864487,lnuhu
6556240439,pfalg
7967650159,txuru
3748874195,asonn
4629909470,novof
1249425081,ytotk
2876388636,dadru
9951407679,xifir
4167114662,nftkn
8851230569,dberw
8609357077,opdyt
6625653202,bmcey
4701628410,qfldz
5617157547,bvwtw
1493525801,rbixy
5645297161,zfzrn
3593178564,mvdpk
3177910334,uisym
7632948785,ldjjf
2549363517,vxlip
4271398204,nmdry
2920808001,jirun
1305375231,vtubf
8326803971,kthxc
7945248307,srsop
7650618563,krcpk
4236505498,vxoct
4789342890,zeisx
8842593006,mhygn
9247036410,njwyv
6053106402,cqhjx
2654103620,nphqq
4208967760,knowz
8617468204,uktvg
5846952448,nnpra
4338755896,wimnj
2765818604,bmntv
4477370641,nmooh
7968108920,lgnsd
9729174739,lrqlj
5576100409,brxzh
5958760077,ugivo
5593119738,rsxvy
6713630387,hvubb
5019553904,eydwm
9604476985,fyaww
5969042525,nhkie
5692608534,hpfxw
5946156664,tvyce
7570187821,mwwzz
1111276290,ruycc
7748737241,kpxue
4160716184,nzgod
2621989009,hcvru
4328633382,wfbuz
2003049278,wybkm
7200653620,mlofi
6213175736,rxuuk
6036734985,rdjhx
3969445202,pmrpi
7330890073,qkzmn
3822256173,pzued
2178719016,pyiac
1052434707,ijcug
1852294038,vxxhe
6942079519,lezyl
6254895115,mfsus
7718335462,touye
5717610788,pobne
4900971620,zenfg
4185768370,hdkib
8951212550,oovqg
3019453694,hzcyk
2248793179,rkany
4706555483,querv
2402749950,tbytw
6606162368,updma
1984001136,lxoax
9889049132,vfqwv
4878555650,rooqb
5035202076,nipfk
2801354217,onwwa
3073024657,xcbcc
7963876049,bgacy
5941989680,mgzeb
1077569216,eykjp
4583835778,mvmiy
8779082689,vzzeu
2091221006,zomwn
7169983560,xhfra
8032703041,fuxav
7910986555,ywkfp
2553865718,ltsvv
5096086617,xcwjt
2873043872,cswnw
3720117901,dsphm
4545337474,kusep
3149134437,tloxg
6156045912,hgiat
9479559797,evbeq
2943002451,buqrl
5894158379,eghyv
5498480875,eauqk
6913077018,dspvq
1121792061,psxzf
4990744419,lgpcd
1061843231,cknrp
8012153268,pluog
1406153131,lxxku
5849542679,gxyax
4743834927,hgbre
7586995570,jevjt
6997534108,wdllp
6605412744,ueebg
6304711030,nzeqb
8622865580,xrgxy
5641325414,jeaty
5802331951,jxhdi
3956079113,kjptb
2952951400,rgzay
1804698794,qspuo
9583218361,zlzxe
6341903910,baayz
4787296142,kedrk
6153798312,tnvlx
2868253679,uhwbv
8469196203,qwuji
5525433863,jouiq
7082892800,nnctr
2374788079,dmhnd
8403790060,nutxh
4706482264,zraqd
9547447167,dpxiq
2540956645,qrjei
6809709793,rxbuz
9405819383,skydp
3731809159,bxmkv
1610331564,tegpt
4798370642,pvjbw
6922416318,laeqg
8925484753,scalc
2430039136,vcmev
6727224049,cpaxn
2568447567,xhdzo
4696589280,qsvcg
1451618916,herqo
5774537542,dqqyb
4582862030,rykdz
9114395317,ongxm
2470685760,bsnmb
7825959568,mlqcd
4297560646,kilyx
9326412187,ndtkm
3835380050,pncrx
6803962683,cckeo
3462992107,wmnpm
8917484383,kiyek
1615772547,hdnlq
3347360525,clban
9763400351,sefub
4409257833,jzpxh
8191911682,klemh
7769422602,lgdqb
1050121669,hvont
7473552408,ooddk
9201065908,ihjoa
3667691455,skyit
3165996129,zyljr
3690429307,pgxet
6610930305,vstts
9439645265,stkak
6823622772,jworg
4327439790,ppufx
5041385897,xdzyb
3688988272,lwwzb
7544965833,thkrt
6458290655,gbxpy
7686243218,qknaa
4257272064,wrvnn
4651719325,alwnl
7376237501,pwfcl
2747901706,tebtg
3160208443,eigul
8045683281,vzeor
8332714985,admws
3054787007,bjmnn
8614832343,nahtt
7716036359,wbqqr
3983782048,eihak
6451637095,ajzgn
2614606212,hvkce
3470544228,dhfgt
6459722800,jjuqh
1037483902,gylwp
6139522975,bfdzu
4823500150,efrnh
8237120663,qnfyk
8194448606,hmiqf
8851110921,qswyr
8156658273,woljj
7479946153,emgtr
6089588935,pgtol
3999638459,kdryb
9260889572,tnlep
2795936446,pmsjq
3040113967,tmvpu
9913179733,bvrkp
5471892985,czeww
3102202906,pgepz
7529020711,uwivy
5352948799,pjtvx
5604686669,xmbqz
3920681358,frjqv
3745401934,crwdf
1360106061,devxo
2352966274,pmgep
6375604882,wuypf
9149297304,urkcm
7810113852,futde
4024274511,uuyke
6222777659,rquwq
4496803929,nuwyb
6903088445,upmtd
2844890280,mcvsx
9191533331,rzdhd
1238633740,pfzbt
5462064955,lnmsf
8966979107,qoaxg
1398926043,hkddc
9094864362,wnhca
4052027287,xsasb
6660970178,fgezd
8838564343,vbwmh
8395391114,vfzpe
4952664170,xrduk
5033917894,wstlc
2992635934,wqsye
6169401599,knvvo
1230467236,ggpry
8229846777,upglg
9811926200,geyog
8461838932,gqitt
7332733825,bnvki
3365045681,zqknn
2356204709,mzybz
4940902486,nzwmh
6586627638,vrngy
6965382474,jwpbc
7060822002,llisd
9995609371,pzdfl
2509881722,sznmm
5562379441,svpzz
9572101513,idnjo
9614784582,bryqj
4514767267,mapxh
7751939714,qasxn
9475647048,jcofd
7904317147,pqiqm
3365307567,fzbyu
3954706024,eiooe
9875348433,lzwlr
5149846274,zscjs
2131440759,clgty
5061900175,dxnfy
7864526148,ytxum
8052151688,cmseu
8873871304,zkura
9553043722,qkhpt
8655445259,crrdn
7118163439,bufyz
3666107355,yvtri
7096686122,trznf
5208811192,warxd
4116822354,vcdmg
9660597964,uldtb
3911073416,kmogy
5444683453,xxmdw
6460125950,xgvbg
5219857479,abydq
3407117920,leyjw
1130233597,nwdbx
5530250094,kuvum
2273055760,zfnii
7615671338,yfxzt
3610501525,ayavf
3193144526,qmzne
9663675329,vrdjm
1748276638,caocb
5764270151,gfzxg
3359173682,knhea
7868030690,syqwd
1964088305,qqdck
9734384290,zpifu
6834782063,nnpnl
5945938193,tpxjy
4204263747,mexuw
1458075448,noxjg
8673998034,wpgnz
6269038824,juyks
7149305317,udpsi
2809092307,dlunz
1485717346,onzyq
6229260143,qllgx
2505814048,ytqvn
3095735675,vukdh
3701932396,ddeqg
4915012036,vujte
7049314101,aewus
8299769389,qrquk
1072887377,vxjfv
7877719099,cdxtf
5712268895,ojqdb
6223534996,ntqgd
9781665831,ovaob
3435617055,dmjil
8358016645,pbdwa
7361741293,hecmw
1975711293,yhpvj
6739667346,zfxzp
3501043905,yboql
7611925727,tfzqd
8892280535,jtswg
6485876868,zfbyb
3574229671,myffx
2160207218,sfmqq
5559583789,saaew
5264318237,hyoxa
2728059565,ulyre
5869130188,xhqbq
1143023354,kcviz
6770298854,apbcf
8434981588,lrpgx
1979696528,smwtd
6137203477,bojpx
6949019716,ngvvr
2795326987,pidye
5411787077,uibdr
4135285071,bdtbq
1579225204,mokwj
1205352175,mjmnu
3315255443,bvkac
9080805652,lreap
5466463497,numbb
9148933201,fuyhf
5860955997,jfkow
3209279931,qxeos
2790832879,xbutm
9258054294,yosay
3118850154,iuuhd
2347717210,yzvfl
6993189245,otsds
4151358717,mwfnt
7268022976,wcdww
7081779497,udpuz
4311315650,xyqpr
9214157299,lkipj
4877002864,buxdl
6771716111,yqstz
4337528806,cxwuc
6261891335,cghqk
1605971906,oqmjm
8161930893,pdqwd
3444664187,nwjfl
9700576949,zzehl
7943512810,bkfcl
9994142137,pmtxb
1600087782,izzoo
7114761621,qlegl
3215010158,grhjn
2237216353,qgutf
6616805212,domzx
3632426213,vyuoh
4752815122,rhrsx
4680513723,sqtci
8080770602,beoqr
5572519710,vnokj
6578730697,siiwk
2552323115,bncjp
2783564028,vwytl
5355578261,aszvi
2760358518,fxzjt
5736289421,duvfv
8174865733,qyagn
9843836436,laypn
6337614784,xrlxf
2447628530,wnuzs
2317841999,lyngm
4439318239,eypfr
1577117023,cjexw
6680790846,lnxhe
7635339000,jjkxa
4327146026,ifxlg
9188873479,dxuwf
8369776469,sddvx
2376838325,hejao
1448033257,trssh
9095879055,zdpio
9978154914,ocdfw
9514008908,bcoms
2273265171,txhlu
2423954528,sidzo
2931977825,eyzfh
5227566459,evekr
1219292891,awqim
9644702580,zshth
4843381161,rscfa
6644898768,wufdo
5318902001,lxxlj
8705135822,riubv
1663214136,sajhl
4465868038,bvfjm
3886497221,gvifb
5453149294,nrgvi
3495618104,scmkv
2550967461,qeaoe
7695329453,gicvc
8863141512,ukobc
5226873619,jlbxk
7066914838,yyjau
5142912724,xhyaq
7903907703,wxfoz
3798447388,mdcyd
6144674786,xbdbm
3522688805,zxajr
7116208405,lwrwi
7028917284,uejsj
6139306420,igjpi
2902135852,glgaz
2016089908,mhiyl
8001930164,sggun
7212964220,tggkn
2725381972,jznet
9937569306,ukjdo
9936706683,spwav
8256418576,aipdz
1939932879,bevbe
9666643530,scpbr
9225066570,xfinz
5676868436,koepc
5558578426,kncvt
5909151298,lprpd
6006361429,lqmxc
8207015677,tldzf
6004256118,isfez
2074112003,ypjeq
9584843955,wwxhf
5486260674,kacgd
7362999458,ojdru
1996954639,fhyrl
4583713559,lvoek
9209584099,uhrrp
2670923173,jjwey
8804790341,rmeem
2431912159,wlcbm
1580936544,wcirk
1152340149,gxdhl
8688415574,elboq
8496048725,jtodq
9944365411,yqgjc
1095615855,wrfwp
1972880706,bnivf
4398870659,rginr
3579302850,pnfqb
3753183094,odvfe
9278953611,sawbo
5153662609,blhwl
9225552738,bwihe
9996516145,alran
7675564790,byahq
6899879281,gnfbz
5402900151,xndqo
9939550794,yxtwf
5534925920,wmwsa
7724160691,beoik
9534048208,stlgv
9434922647,cucow
4529671048,umruo
7285972090,zkpow
8679315454,ueqor
4041461213,pchaf
2293469056,pqzvr
4496221805,sftfw
6806420230,grogs
7743249092,aqygq
8638004618,iywds
1429428831,yzpte
9581274544,hlhdm
9272527993,owiva
1913111799,valyk
8267082060,kceex
5950619082,emxjt
1969434364,sqqku
9480293640,dqlgb
7915094409,sorsr
6349101498,vvbog
1388624581,eqjmz
6892480787,gbnvo
6846862630,bcnol
2439484540,vnuwg
4033756312,unuvp
6195228766,kuyhu
9188909272,nupaa
5221278480,qoryv
7858770122,ozsmo
9984269191,cwqts
2626464205,wfbth
9882948806,mjgxr
6053228383,eudto
5105536543,bjcoa
8870903349,gzlpw
1749840047,yajde
7901266076,ecwqw
7059932750,jtena
2522460508,lqmvu
4469120749,qcswv
5737578502,lreoh
8348714151,uvjyr
7110922932,tjoto
3853462070,hiqmn
7696348158,gskal
8523402190,xitft
8494050896,zicbu
2507817906,jdnvp
3348025492,klitz
3902131360,xtxrg
9984558795,vemav
7791896607,bvaqh
2835142232,esrnl
2108088211,izhuw
9727226466,dhyth
9157034513,pxdch
4733588063,wpahu
8073959856,flbyi
6088143032,eduzq
3982728380,qufrm
8421538790,oktue
9719959271,ujfqi
9620074360,dtfnu
2127181861,socup
1472555211,xqorh
5398448279,jfzxj
6428465495,hwahb
5295583669,urcdo
2614179017,vwdgy
7085223487,gphsv
3765754170,dptxb
3425291973,vqzrf
1143729054,zinrs
9219116691,zztwe
2019886144,lcgbp
5915383581,ljgwo
4841340822,xlrhq
5958575362,wncej
2351745216,nbvuk
7096248554,ihwlq
2698946472,keqqs
8137192243,uxjtl
1502868209,moith
3350694878,pftvl
2319013865,mlqlo
8900116126,ehsri
4861315109,ngceu
4931196965,yljhu
2910341941,vwydg
7078067534,bqgjs
3005176598,mteln
3152978625,pjskh
9322581228,blqqw
5067915879,fyibr
6322588487,hfezm
1721058867,ltmxc
4037208232,pdoyf
6590571703,xnycy
8784047050,wbyyy
2131098022,oisnq
7311340961,szkpg
2555904397,vrcgg
7792756824,zohoc
4468760760,qfxkp
2556459057,ncohy
2623490040,lkujz
3992163172,dauek
4770511063,gbwsn
2286169699,eqrhq
1903339592,kotbh
8668513588,ferdh
9808877834,lbyqu
1129265550,yyitb
1270402799,vukrh
7494575712,ovpih
3441285244,pgmce
9351182896,tngml
9693641414,wdygb
8841156115,hhfec
2123574397,ffjce
6348702752,onhot
9864134500,qbxgp
2264514556,xcech
7765369235,foczr
3112886831,ybqkj
8028327865,xgdli
5990161940,ubbzy
5962233307,xtjdc
2635425559,wfzoi
4821177880,kcysl
4632507835,qbpnn
9583214254,vlekg
7520976390,ytggs
2973053962,rxckk
4058480501,lklow
8313156895,sibtl
9612942616,lpgbb
2573838684,jamtt
9645715875,cfsqv
3816529159,yuaas
7848684049,dqimv
5232971089,hhkoc
1645532956,ukuzv
2616135429,isncw
3394622984,dyfmx
1424540009,alrcq
6813261499,yuqbj
9018658081,msftn
7400074448,fwdym
8684372100,frkhx
7351587248,pxxbl
6072629408,bbesz
6347683925,eopys
8929828150,kqxjr
7328922354,clczq
5038985621,bwbhu
8439421066,mbhvk
9908695455,owbgc
4250830728,sriig
5687665350,pirdn
3428294827,fxcyh
7561270718,orsej
6399589226,ztipy
7877520720,stynk
6516569055,frirs
7536345625,izriq
9380857696,sekfi
7020794156,oryxp
2313092837,bgfhi
9930474951,ikwrd
3824415319,ugliu
3006545285,idxcn
4479922492,ufver
6082075482,aillk
2100476607,sohyt
2312534999,nuylv
1316047411,qqurb
7950034285,apefj
1365012842,wjrnn
8301480043,xpgfc
6755282073,zeydh
7147612580,dofjn
5928718405,cuekr
7910185883,cgbxn
5390855643,wisdl
3918452854,adfji
5816064951,vblao
4129897495,mpznz
9166928517,lbzfp
6224948695,ficey
3986719126,ypbgc
5786933282,phtdf
4320881962,uifpm
4397119793,sugot
8269321244,zyxsm
9558883364,oddos
6169980118,wxdjr
4938678430,evagw
4922332988,wzzob
7523542457,ncpqi
9011223121,bamal
2915157610,hpatv
7182021007,lqszw
5138441218,aqdwo
7457210254,mlrxm
8934992759,wuxbx
5236082258,tahzt
5651555274,zeymo
5232454305,okhxf
3492501188,beodw
2859737793,sshnz
9408200560,zqcos
9996721883,coyoy
6159517377,kinos
5314784284,ikecg
8577054772,wllbw
2821906158,bojwd
6565072012,fwhjv
9244120501,kwwsv
8039504737,vjebm
1327181175,glwkc
8706080478,zbclc
4632192048,deofx
5110789424,inppt
2012616354,xcwsh
7197100195,ygtzn
7952446754,rigck
8307693567,lzrky
7474372308,ppzzc
5182592714,qkuuc
3789572913,michv
8486206293,fabgl
8453016541,filmw
5479631723,xeccv
6450164375,cxpzm
4866871292,yiwii
9885429618,ptkvs
2670323398,srhmz
8599109789,ejbug
1832291795,xqyiu
9615861315,fbaik
9899211390,xiczm
2241063558,qklxb
2521972854,ucrhp
5733415732,jmpho
6140931560,zidlw
4652662987,rbygt
6896283378,cuiue
5600160419,cdgqc
1622745261,vgmoe
6719470820,mjzkd
8835527684,mmrel
4475318623,qabce
6496526762,pruun
8978236308,svjkf
3330413870,pwatb
8119255713,ikwin
7219502709,lytww
8712843440,impjb
2377186318,mzbrd
2368923344,xjbbi
9550524859,ktaqy
4118989878,vsvxh
3933057762,wzuef
8573645133,hqbhr
7608784539,bjrpp
1833458481,bsgre
7939064103,bcjok
5538705987,mbcmz
4198679097,nxqsa
8451759775,ypqyb
9114570122,iyqbv
4122606892,ypbte
4397219786,fudwg
8749250192,grwkx
6162081870,kzrjn
8444050492,hvxgf
9067137260,kjbln
1390212016,kuoie
9826137041,blxsi
4464137078,sksks
6725736127,mwofw
5707758077,kdchk
7399382586,tapmz
9267631979,atsfe
1164230649,xqdnv
4545147698,psxts
6705365995,rcspw
4890150126,qmcdy
8158537739,uhppu
8669193382,gunxi
3444841511,xvnmg
2627304059,hxhkg
8470685259,dfgcb
7527577210,jmycf
3520927940,ehlnb
1873271242,toomb
1267929212,ftrjz
5578258288,ytphr
3214145809,lkcrd
7505088576,glmwc
9294313229,fgeoo
7679261245,tsnzm
1130326467,vcdoc
2273786041,wrxez
7298689644,jqyin
6440382012,rppfd
2310683289,glnkv
5390207029,cndlb
2950136762,tvqkw
6607529223,lpwse
4190075949,tltco
1354167019,gansu
7596478122,zsruz
5053181167,yfrsl
2327900395,vusso
4708498502,fheqq
4577057100,zsfxd
3472803553,poxfo
3611136542,plebe
4071291274,vsosx
2689747329,kheyd
6001965121,zrvea
3992824079,cneho
5548948010,qfccl
7342693850,xvweb
5995432204,syyte
8907246495,xzgtc
1592603692,xylck
1502843278,ukinb
1399950367,rhrua
2070858366,pqxrj
9776074784,amutt
6199802274,gdqbk
8848458424,vixah
8787970008,depav
6204365333,fvhpo
1396385769,gaedv
3930987176,gsxpr
4989075632,pokxi
4648815039,xxbeu
6402832989,akjui
1529833778,qbhle
1155080036,glgba
1138964440,iquvz
5976480528,maser
2963995703,yawfv
4314404734,maaxj
3963296676,acbdq
6082628737,zwosx
1784229156,fvszi
7184573531,hnjgg
5874220302,fjrou
8154699835,aoziq
3622204321,qbssg
3335460640,wovvg
2003133592,juapj
3657219204,rskaq
7251441473,gllmi
6151472210,pgufa
8359403297,bfyun
2520833457,ssryf
6102799527,epmkb
6967783616,kqfze
2114839515,dguuo
3629987845,fziwj
1638823665,uamfm
5682574429,tjqtk
2167307120,ceuom
5101106590,yowgo
9935477761,amyhd
5549222327,qjocv
5263306499,ohvcn
7719219194,afspd
4778005007,shkav
7786003932,ccpvh
2595568413,vuolw
5660995594,beatc
4468926424,iduyw
3376820064,zejge
7051387691,lphpl
8647932349,vyohk
3773381397,oxrjr
8704043811,oxjuf
8713039319,danfj
2053412538,wzdke
1314485709,wiiwe
7344165744,slrny
7136160825,xfczn
6485190302,pefmq
7035431120,naryg
4328102668,fdmbe
6351428867,hnhlw
3722419699,jvdsy
1699347494,dqzoo
3016436797,crbji
1004025433,qyehr
7312510432,tnjcc
7253942341,diizp
1686907556,okgug
9935887732,cptih
7557434748,kyyjg
1410244572,yvexb
8349065427,bwdps
8465382038,yjosx
3019331928,hnueq
1242569967,hidcj
8556156165,wnqvr
5734368285,dzcub
4685778037,gqfxy
7580683621,oikjk
4404619226,zjuqs
4538973575,agpcc
1717604190,xeqqa
6590014401,wssfv
2004677672,aeqdo
4015085343,eiald
9920770195,efhph
2891169259,ntvow
6017847635,nbksf
5776741435,rlyhj
9472485677,ihjtr
1945852935,vmfeh
4064068479,jbxzx
7695514921,gmwwn
5588881634,pfmzs
1292025525,gqjze
2091132279,gpuwf
4969753639,bvtsw
9556036195,oggdc
3504370819,ppcrw
8621375319,zrlez
9809729256,fzdup
7351990081,wqqqo
5925539777,igzuk
7401060959,nwrgi
1971686187,bsfzx
8531674110,huxbe
7745033834,nzdxx
8460208067,exvdy
4008445604,getzy
3187509985,fbwge
1158901774,zwgjy
6801831783,wjqsl
3756736470,bispi
5693049368,zwaae
7801821427,laejl
9177669502,eicia
9243785566,pstdk
9413005554,xcfgg
1385523824,fpwto
3851713453,nxsuh
6431521103,tqorq
1413929838,zlxbr
9430683117,tkgbe
7520975898,dhybc
2518505560,pgchj
5983879093,eoxdw
6860628233,bonqh
9644701801,nwvxr
3428498946,cgujw
2743736433,nayvi
4112809576,svktk
4391802620,frblx
6953842209,nxubo
4324579846,mspzv
7035778930,hgmzw
1443081729,vrjhh
8420698571,sntqd
3306977682,pdkjf
4939060018,uztrd
6472809484,zrhcp
1086102715,kmava
8765327772,zzuqr
4136701643,otxlf
7350502901,flyxi
3533815511,qxulu
2403356696,nqsoq
4875171295,ddvbj
8622145453,qrgfp
1349314410,smsui
1656437602,xogcz
5844547336,zphfd
7359138943,caang
2686503029,ntvti
5432623757,bojpy
4924652309,fxbsg
1669509904,zmwxd
7418754054,aypbh
3585034295,lknic
4087766130,gzsxs
8137459952,hyfkh
7927634663,ptcuk
8788242585,jndqt
4194529199,iyvkc
3172109728,mslzy
1018217395,xoduo
6495556609,qojsm
4724281171,lmvyc
4873133848,sagyq
3253074790,kkita
7968620612,wktvm
5351256335,lxngs
8105808713,pdzzi
2348482105,nfxav
4720104691,steid
8312959789,iryun
7845201970,aapek
5349382671,sdzin
3542726337,rwoqt
3841962906,oscki
9181157962,czivd
6825392731,ixadr
9425385756,vobdu
3972979413,oetim
6961479925,bvvuq
4260011191,smrgf
2127348517,bmdkr
9384784148,qukpr
5723841622,snaun
8644913943,gwvzu
8482820851,xwsrm
3292121183,kitom
6901681980,jrznf
4225987238,unomk
7952497098,prxev
8528236678,cgkzq
2643560019,dwepb
5589665730,iyban
9952699314,ilpea
5171463718,uebor
5919497089,ovkfi
6942627089,dvhrl
7445782190,hegfa
8362456227,hqstl
6046918137,jlwul
6591340572,ketsc
1339371524,dmvup
6528198776,ctvds
3765536934,uitfn
8312424656,aamdg
9271703288,nnrzi
9357101843,utumy
3007482343,hsyzm
7692124415,rykvo
7535735841,yanzk
9561186389,xignk
6693782565,vdlzd
1790171811,nvijb
6878005171,cvwsw
3026316170,qzeyy
5662516097,bbvzb
8275736320,wrlxn
7755554842,fvima
1591580822,zdgas
4938103814,mszwu
4032676479,mvzla
3566853703,gtxvv
4222338136,kzexa
4967994172,azdvh
2917434383,xnuvd
5825322581,dlbqa
6169299733,ecnhz
8337001567,pdoyc
3688487796,yriby
4127124315,lrlha
9483337637,mnqji
5082010835,ihqep
8101779370,tgqgj
4323822523,giqcs
6102601262,thoek
4129136729,iflcs
2396675146,eqxbe
2188069503,ejjzj
6945595045,iqpvn
6465801371,nlxkq
2628431534,mlrjh
2775615196,jtxjz
1424329036,kbylp
6874377771,jrfem
5820494474,kvcdn
2564911632,lcsxb
7186891587,xvltf
6829940245,ibdks
8520896191,ckiva
5765961540,egdbf
3893905023,kviid
4365500019,ggftn
6419112430,sfvoo
8519581036,ihrit
4689029615,ebfrd
3513308723,lqxaw
9375724237,kkmiv
4596821687,pijha
5422736194,fpjru
1540409978,brshc
7178329829,eeahp
9462686946,dqiii
3081380056,jajyb
1325224830,ckhhn
5399626649,madlw
4993240687,yzoue
2925392911,mdvin
6428239869,eyhyn
1330323622,qwdap
7485022816,stxrd
5407443614,xympl
1457774094,dqgfa
5148020674,lyrqp
5269803585,vssqo
8412520894,fskds
6906953064,ubnyx
6279863218,mwoqw
9807775523,vkwna
3703294746,ngsyi
9267724547,jmbei
2233319380,xjfda
6752379824,rxslh
3770481581,vigfx
2510095324,zuvst
6288612473,ywmtb
1118511906,mfpjq
3832721370,sakxv
2055244711,rllxi
2399464286,tqdsn
2244422432,zztkt
9779354882,euuie
9258355105,gppdk
9352960096,qcsmi
9588293275,wtdxt
1714534260,kwhew
8362274610,hsizo
5018671677,lctgd
1466649830,nzhba
7723114430,fduqv
9796402757,ksrzo
1437653699,falxg
8087722253,hvxag
7814124767,xfblq
7030871910,njtsj
4286447965,vajib
9364216809,yvsji
1728375997,zznpy
2626404949,abflj
2601749786,suuez
7331719912,urdks
3448606537,kuwbo
8145891482,wdrpy
4395559992,gflzx
8174863987,zwzho
2179427395,rwgiw
1348725284,swrog
6861067401,kefbv
7361112175,otfqf
5143062126,berga
4415464797,epocb
2439027031,wknsa
8407618775,irvgq
8636459786,nnhns
9430870774,wrhem
7713246213,oeesm
1882390075,optdq
2010333713,ungkc
2677069613,zqymq
8590127583,znvmm
8251912178,boxuh
9633140450,finzo
6876274792,upjpb
1317877781,hicoz
2632283605,dvffz
2647692335,ghxew
2376538357,xwffv
3808699292,fvkip
8738278920,tdrde
1953896393,ypqlg
6730310224,bcair
3182657167,vnrsq
5050125590,ykyil
1374682581,wpwzk
3958568017,spbqe
3709247614,jqpfr
9883557447,kldzz
7428109065,bqcxx
1956787739,vaobb
6534743769,migjs
3552926820,nudjt
2785422263,vynfq
8451830131,qtaks
5328370644,wvntu
9894077295,bchmw
4555848812,krxhv
7835889061,uzhlw
2570073919,jdliv
8412473330,akicy
1493548515,jydsc
7671489202,dnmuo
3616871978,xocff
9753483594,wqdih
6032023609,cyysi
5229333805,hfixe
4457367429,llqqt
8810868996,nbvft
1149131120,cfbbv
4222625407,udzml
9329411161,wqqag
9577391388,pgqwm
6163250084,nkckr
5108142473,qnnki
2440493057,wqioc
8067887238,naiiq
9828340113,snvja
3870356490,gzklq
4673988419,ilvco
3179276923,mhpvz
4448939038,zklew
7282751436,oyyek
1482372183,pccza
4799199022,votfz
9053336769,fvlii
5251311113,blxit
6964462216,odgse
1485597623,wjhxf
5435964078,vedrs
8809129089,kqxrh
2017981750,yphxl
2889425561,rwsyv
4967487457,uwycw
9515109168,xdqpx
7189139321,jcjgn
7548689150,xbnrm
3096553014,jewgc
6735613473,ussrf
3751684277,ggull
7718961862,kvuel
1879036964,eiize
1319350370,fjwlk
5522782202,ymbip
5593197471,qnjbt
8772464112,uaduq
3403413864,ojudg
1909489713,wgchp
6124724933,glvoy
4253771358,tmhpk
8829350126,llxup
7475212112,npamp
5251551500,umpqj
6175319727,ksnix
6731560401,mnsef
6438648310,vqmvs
1495526135,ptfey
4893146970,ynraz
7866335135,zvefx
4750930630,htxnp
7553147853,jipzg
3226646542,qsurk
9313122260,ulatj
2617296372,ztvhu
9713884684,hjdmx
2971565078,jnnvd
6579415390,tvwld
5780831626,wqcup
7620574584,arliu
7032636252,ylkil
3271570466,luqin
5880650542,vdqpq
3885519398,wwrkf
5737962465,ycfhw
6932502912,smzmf
1243352318,ymmqq
1184241950,czste
4171008380,aocct
8032367214,ibnyx
5215461637,bqghy
3215461615,zqvuq
4835304436,jauvn
4141622993,dppbc
7380454424,eobyu
4304154947,flkaj
5491198000,dsnqv
9669413678,mjhqf
5399321694,otkdh
5881829252,bcubl
3956958415,tvfyn
5879269788,ntqbi
3278806782,dwyip
9668286314,rynci
9991337477,scxkp
4467567073,prcep
8231761951,didsq
2560654943,asych
2727138022,luivx
9192933603,wbqip
4789776276,hpsee
3283375713,wewbk
6016400886,uhncv
6255228325,lysyn
9892658833,gavgo
9340086101,issct
9485864655,qaqmp
1492108087,ienot
1144252721,fkdea
5439938338,ximur
2711368695,vaaja
6891617367,jqmyo
7333102707,rrbfl
4120734555,dyfux
6144011041,kjtrf
8329653199,rbrbu
7272344128,ocfla
3149353739,dadid
5330132022,bibgz
8591094584,cynro
8543724455,gvnnh
8195428534,hygqw
3467611463,zlayw
9530419290,huppa
3535645235,cjnvc
2154641049,ukskk
5158571673,txdas
2874476540,zgycl
7684418737,scizj
7592185681,zqrxd
8371390485,muryw
8603205121,zjzpb
9833741131,ogtyn
8738665746,sqmya
7164779153,taiwa
8712971616,lynnb
6372372497,slant
4810460082,tsgam
3192477860,iasha
8346501460,jgfno
3650237177,mvhyi
9946300918,rhdjn
3559308362,zrngv
9493887164,mpxea
2817407086,rmklb
9467118638,bgpru
4142557792,lrzmt
1509243114,yeznj
5597198482,kkzhq
9988809342,rscwh
6859715378,xhkql
6149278245,mpvzh
9459109470,hrjph
9298515646,ebclb
6974992296,mvggi
7915368592,xfaby
1784265900,wixyz
6929985495,qthgy
9127295606,bgqok
2080546652,oqrbi
5466360823,qzncy
3694015633,frscg
1033835744,tuspi
3319604250,xuqer
6813666096,cblzd
8286477784,rgajl
1664515892,cxygi
5627691864,mqjeo
1975362062,sokwx
8883343400,lsyps
5382370179,aixhi
7268102124,lsrpi
1613049953,jvivi
3238720382,lsfzf
9786376797,zhtcb
2158418975,aesrw
6508814694,cisdq
5672053650,mgoss
2879269346,cgxzc
3038100303,ttjfy
1204524577,aucdj
4485426427,dylvu
6592438182,sdtuc
9301243631,xhdfs
3048894038,qxdrn
5134295194,haora
7673135289,vqmus
8879761226,rrytm
9055416167,nazpl
2308930151,nhoap
8997585403,uuxsm
1544118913,gncjo
5283730467,csjxn
5247096425,duzbm
1767962028,orwmq
1738830241,oyvjj
2965355262,tdtdk
2345909066,hsdkj
7925092998,bhxrt
9719728852,zwbrw
7196975355,tkdxb
5565136590,mjnkl
4977384142,versw
6348979706,pxndf
2952019789,jbgyq
7865297106,jkhjq
3712497292,buimo
2692310609,hmnaj
1401924507,jxnim
2023394384,escyy
3078128260,gpeon
6173566474,pdpcn
6517124202,qvahl
9852221563,qoqtc
4660958813,nbres
8362917468,tevub
7024122205,giiya
5744938184,aneuz
3110326766,kloyb
6819337760,msoho
5146006239,drxmf
2147548157,lhymg
7736933200,xwdvv
4870450980,aquoy
6190076281,trchf
1222380259,hdcbk
7253235285,tbhdu
3394069054,pzvox
5681933351,gmzau
2163183780,nxvzs
7223995603,kwwje
1222606608,qnkrc
5625965500,mggco
8600413970,dpgfv
3795479464,rajdl
9154243990,ktxjo
2587932045,cjcza
3006065570,xoleb
7241437597,jiubz
4421237898,klalf
8067162425,pxxkx
4093099248,qsszy
8676720245,zqbmx
9740778424,nfxvw
4529893812,fusrl
7058806545,muuyj
4286285877,tizov
7407284745,wujof
4413799555,oybja
5536942464,edeiu
8974116290,ppkva
3964230365,bqviy
6519407573,zmcpw
2456494970,ceyzb
7332617268,nemnm
9459450168,ndpxn
3141251060,zssxv
5910739092,xxmuu
5299489631,nsnsq
7596107324,xiocm
8375539340,toibf
4354832069,felzx
7461871707,irakw
9400873408,edhra
7238703731,kvlgr
8639697350,gpvhf
3282357477,lnora
3524558352,dzdtj
3005700385,ounkx
9889532417,rabmh
1216584837,iudrr
7269240006,vdscu
8556643713,emzrn
1081554542,ycric
8237190252,tiknb
3835651462,bikiu
7084708210,coifh
5733738154,mrrje
9273537189,tgygq
1676544366,ogbwo
9105241676,ytaeh
1533057023,owtbr
4437482066,obohj
2814808420,goykv
1263772028,luagx
6676323175,akota
2753104436,dbqxw
8610174896,djggj
2410508033,zxnpn
4969655882,suhgq
9215637930,nvwry
6279637463,uplki
7327927918,zqzqi
6661552190,xlspb
8433004259,oxrho
5765371186,jsbsd
8062945379,snwzi
6913969966,exdgl
3568387427,ehlpi
2901880638,nshld
1871827369,mwdlr
5043406461,xzqdr
2415504077,abeje
6617355269,orjsz
2128101077,muxne
9890114080,ufjfu
1554878278,dignj
6147630717,nfooa
3035198235,tuccl
1386715260,kunsx
7084461641,mfunq
5004984574,adbiu
6973794894,vpqfx
7485494247,ajgyt
7888864881,wjeml
1731956671,butvu
8816652367,iybwh
3707249369,gciay
6702679398,rmowk
5410595010,etgwo
9335516330,cxtwa
5718748295,vjzuz
6313880715,vbqvi
7848935291,wptwe
5173082916,rpele
5677181844,bzufm
8919594099,avjqn
9963722241,hwhnh
5299757858,ydvkn
7029019856,dihgj
9904102939,cogaw
2154027771,teouo
9090792804,hupre
4846718709,dtobs
2613008176,fvglf
9253765646,asvmb
1375668675,dktxx
1697373786,mhuty
8970625079,amefb
4802078558,zgchu
6856655365,iycrr
3386976645,noccl
4009825465,wbtos
5620030919,hrquq
5037325929,ckmqr
1813470124,drqrj
1354491000,orogi
1461880899,yyeuu
1294141824,mtmnu
4328389636,hxowb
4635574284,zznsj
3986968834,wboob
4717829527,juvgm
7172089888,dxvru
2716292161,dulmn
4261331099,ucvgg
4719220796,bmxla
4706552975,mfcsu
2998063265,nocld
9001494337,cldaf
5470163579,uioro
2288869075,fbkip
1767057170,qvsks
2680789345,zuhrd
9060259656,clync
1279436395,nzlrs
7509261315,wzfiq
1394008424,wnbdg
6527620219,zicen
1300234099,qbpfl
9403236619,fwvdd
7476474065,lcazr
5794395484,ohqmc
2431752083,sfwov
2462659029,fktmu
6216032575,lbfwi
1476777189,aphda
4919330292,ylckq
8234187058,wjvja
6035969931,jfgdq
7751028293,bavni
2192858951,ddjll
4354898592,qkdin
8267938169,tlurf
5633299124,coczb
4629820983,pjbwy
2949174833,jokuf
8376652150,wbibf
7300106218,rhfdd
3066510910,lwulu
1164863241,iiynq
7463532216,mhzkb
9388211021,ggxyf
8343915073,zpnmq
4964229834,xtwxj
1070986291,nfhro
6109402896,lftdu
4836461756,cmjzl
6712090830,fwqeb
7156857789,pxrat
5153322491,cribf
3044911680,eoqka
9402990048,dolti
4723448227,wqwey
2400504951,mewaf
1478224872,hhwya
9548717336,bmtjh
1661626403,rzcpu
7130335946,mdmzf
6355514765,rycmz
9941750432,nngew
4107047243,iplwo
9963233344,dqbcc
2959134398,jjaex
8311003943,oqizp
3605970543,yccad
8301098288,pumco
5186259708,syhpp
9281145250,rovff
5118966413,qyiwu
8551691202,mbrer
2355389789,qmysh
8836211155,zsoku
1511859333,blxvw
6622681150,chnmz
3668382656,pyhsq
3184395099,suxvr
6341087653,wfaro
8038075235,erewh
5819856873,zpjsb
9856846430,ouucv
8644627616,lzpgv
6950901646,redpl
3830830011,xdbiz
7546245633,uyxov
2867215468,yesvb
4967233889,ehvmf
3123440849,hzqmi
4249015103,omalr
6737685696,skibw
6578010663,hqhvw
3473341190,qqedg
5324603963,vtics
7926250170,bxbma
5530804519,eoqsr
7464916392,yoero
6096757586,gqumo
5248956056,mdlhs
9847182274,xmlem
7593747120,pwvop
1790542506,sclfm
1438744755,emwcb
7719244672,rmsti
6190259034,xkhzm
6316314472,uloob
9006598913,kxvzh
4006047159,mnajh
2434180967,rfcvl
3096321791,bewxk
3584598208,pyagi
9115852980,aksbc
3787794287,looij
6950995750,owdcr
1681174687,svowu
2332116746,mmcpi
7154847904,tsajk
9446114432,gjcuf
4954641226,adizd
1015130385,evnke
5062330199,pcorx
3095572658,ajipv
2928177137,movft
6275998032,lstjr
9826796154,kmukx
3091665854,qvlna
1202950783,oabmt
7708626872,nkqhz
6492700254,aniyl
2353823303,lixjj
6562295044,ukmbx
4393663057,wktjt
8087951773,dzjsm
7789651271,urkck
1644248458,nezxs
9824280879,loeyr
2926990385,fakjy
5866127966,tvcyd
9842470340,avvzw
7826857002,byrik
4623207053,mqhrt
9952885117,zmiji
7957532027,khend
3120282724,uzqos
7047968745,urqgu
2815936031,ogwxy
1436135909,ylmfu
8328362398,oqnqt
3736952031,wjjmc
9210692966,thxvz
4443588624,whfza
8782060576,zlspq
9277754342,ocaor
7494986950,nwbwo
6970508841,potle
1630869617,yermc
1359648388,usyip
9273347339,ixfvg
4404271618,cllep
2220824259,qlpin
6232356001,qdqkc
9236892675,qmqmh
3685885358,arnbz
6617624787,hxaks
7539717541,mfinu
5457117835,lgoco
6559723282,gbbix
1589776766,eixah
3975312345,amsfe
1516996315,vrfhy
1562034248,rxqct
8168953663,utdpl
6801995333,tzqlt
9703333499,yrfky
7572745333,sqfki
9913790261,rxuse
4130142703,ovjig
6341029583,swlbj
3963996218,rdqkg
9826718965,afgyz
4290365445,pehfs
7254813726,eples
3976853920,axqpt
4994217148,gyojv
8607657861,joqlf
4341677374,ftkwe
1581726637,qezod
8864968141,scnth
6030007466,durdm
2647904393,xkeds
1806670252,wavto
9532324756,rsqnh
4237747776,wjxhv
5434387984,dqigj
5667274107,tylhv
1947464162,hignu
5334192186,ryshm
8993795858,jrfwl
1354589289,yzcpr
6012207218,yblrw
7129980886,qzfxs
6317754728,xicpn
1983733220,bcpdc
4404446066,vlgrp
3060594215,rrfwe
3996113570,ffpqp
3722940223,enhdz
4952546911,gpubr
2770774849,mbxqx
3774777071,ocdtk
2436552219,yvfnt
6608478141,pnpwz
7118450180,kupvr
2770578815,ufrsl
7728753677,qmuqq
4212143677,wadcx
2265545024,vqevh
7477571020,cckhj
6102450543,xgqbz
3341474277,gxdgf
9254471787,pmlxc
9080733011,olitn
8290392441,ckrxi
2704406272,sachn
9213386279,kpcib
6571633098,pngoo
5862829796,ayynw
8178057555,ztgud
3235738126,qpord
6021026360,viydm
8557059170,izhiv
6833375106,gewzl
3842726766,yoyrs
5508964903,gpvkq
4136315896,zgeyt
7750723643,nzbvx
1167690015,gqyze
1089963147,bahja
7801994861,omdno
6053939461,panmi
7940473422,pckqm
6802143097,skqvz
5727937287,uatge
9943895486,mumom
7776620156,iabbi
9000400560,rrfxx
4707578226,motak
5391913945,diaha
9366918800,fgjnp
4535419549,vhtrb
6136418713,dforb
6328212267,yvqey
5534078388,gikcf
4460739115,aqgxm
6173726582,xzdtb
1075908830,hqxkm
3229716391,zkmex
2465634662,xetsl
5931804407,fkptj
1048151759,onozy
6493381840,boukh
8831010402,eixut
8824537410,mgoky
7728269672,hdpmz
8670029572,vxuvs
3404947838,owrbg
4956332666,gyvgn
9391783736,ddabh
2120292138,cahbj
5314995330,ftnor
2654408394,jzicb
6798485297,bwagz
1176822683,zffmw
9243920346,lnokt
9517823942,jsjar
8166639028,wyemb
6803838301,bsovi
5336478862,katyi
4841895935,htwcp
3213016484,eipde
2788859792,ytajp
6625534611,hknoh
1089549315,jogeh
8790071990,epxrp
6115355695,aepug
4998140669,ktcks
3387093102,kylbt
8275036690,iglbc
3914384012,fqtcj
9953342490,vkzrp
8670660559,kdmcp
4059418082,bgidk
7698021067,itaqe
3451547841,tbmft
3884671871,weymv
2055914587,retnq
3939538967,ylgag
9918312057,dpdgt
2707116479,vkruh
1710749162,alvzv
9593087704,wcfoc
4120724838,vszyg
1988521990,pcuft
6250756298,pbhfg
4495335335,tgpfl
8639184729,rbjgz
6392103763,izmef
2139502563,pelzm
2081896010,dlkir
2424044149,bchlk
5039281539,wwfvy
3368144055,hyiau
1086118801,ankhe
1841731774,ggtwq
2415120140,kilbw
5894019486,cxdiy
9804156623,eidge
6086459334,uuvun
7160758777,pekzj
9947417918,tcmld
2310351304,wcoxo
9796257802,urjpu
4579121195,lgsiq
9279689040,lbvco
7419718532,txawa
4451245207,xghis
8066305011,tvslo
8961905015,bfbpv
6495346242,hqoeu
1721233038,wafsw
9027032371,ripuk
7441826724,cqfig
3525066503,vxymi
2884119025,lxlsw
6023390109,cfbmc
8727242820,wiexw
8995973580,iyysk
5975876909,oavrl
6910928554,yqrlc
6749644333,qrdje
6779280109,knzxy
3342680631,yxfeh
3876090470,ehgcd
3129056565,wocdt
1989026758,hrwyw
5739854526,sytnd
5066393581,ppdhf
5960636633,goevc
1342597162,gspto
3772759726,qlkdz
8006487498,ljiis
7150613356,bpbmz
2518205724,dlsoy
5642515642,pydjj
2423272808,axdaa
7319733582,rvpmy
8536550510,ypbam
2123264638,uonbr
4179565224,jafih
1261852952,yllur
7829597087,gslbv
8774262339,mzrbp
7401550953,kjosh
2864846411,lqitt
4329288607,cdjiw
4837918324,tenox
4394987849,mtwkh
3575104657,rxsmp
4439249376,qqpmg
1356738725,uvcik
6509178623,lwcpm
7561517606,xxzwx
1821201218,pgpru
6760544726,rwfcx
9138395600,plkpc
4056977543,jzojp
6315108779,zkklb
4607668692,jjwla
4162155311,prlma
1183961506,rqjpf
1596546546,fyijq
2430753995,kpfba
2969782859,cqozw
5591327186,femkc
9622943427,prdta
9348119349,gorol
5091137309,hezcv
2514950765,gvvcr
1891131295,qgvmz
5942133778,jmtoe
1168498213,ebdpd
6977672586,tqlsq
9719937077,btuah
8402134802,dgrvn
7784097769,ivkwc
4245673153,ikuzd
7963643803,jhuim
2508903377,ehgyx
6316955713,mygew
5517635656,sejjo
2718369410,imsdu
2573496435,pdzhs
8438809988,uikss
8973839177,rxrto
2142356755,ksggd
1303301841,mqdcq
6147996840,qocty
1422752102,qrswx
8208107746,xbmzz
7933795649,ehych
2246627325,nryrw
8414465395,zlqaf
4805081126,ctgkc
1984422952,gfgtl
6348535876,qixlb
7955478151,yngmu
9332875269,vxyey
4031171154,qwzbu
4160403185,izsiy
4478167570,iopbs
9920579691,tfhcl
2664961187,nmgid
9398146801,ycfqq
3625457291,tatuh
8169464653,grueb
3735983363,kusui
1722877576,vewkf
3955493068,uifsl
6503987188,xdjpk
1415190254,dusts
2842769086,isqqe
7168986140,otezd
3829903343,ikwxa
4957988293,uenyv
8837761684,bufuw
6464244960,namps
6932311801,tennt
1907439522,ejfxp
8776937921,hfsmx
5061880244,hmtef
8856061357,zcqnc
3069867129,spori
8374012965,azlxn
2443109374,nzzxw
2321284333,tzvsi
7655725835,gjpuu
3433710381,vaigc
7394845649,tjvay
6400813332,ckbib
2034325374,htvbp
4405247260,rwzoj
7292242991,mragt
9976389958,atswl
4690996455,uxgbo
2262316051,anttn
3161431457,fezen
4913913425,uatcq
4138741575,ysbat
4533866510,hbwke
2208577506,wfshn
3506475601,bmqlt
9585593884,eiolg
1908650524,cfudz
8100901441,bckld
7064020721,cbyed
5301513853,gkbav
7362349690,ofzno
6687272171,jlfxh
4930955361,ztcse
5567894108,oqqmb
5720932634,qrpzr
6776634594,vachr
7120925981,ncagj
5178388594,olotb
5509300775,nryui
2308794464,eevfz
1232892421,ynwhl
5189578422,vilav
4430124370,jnqob
8232107019,adebr
3939264757,lrrgw
3427051984,dztad
9904456954,slxtv
7837031657,wocrw
7325217838,iknyl
2327185836,ijgbt
5707433695,glosz
8689922206,tnfly
4624343787,ehjdf
3863979057,nqzua
1818906475,yarze
9697761930,ngnjo
6843275761,kulfo
5522424330,vcaua
5511895135,ktcga
9973767013,sayfx
7147310622,lzjnw
6579028296,xjodw
9178041774,zaqup
7328156755,bwvyk
6005302875,vegkh
8921658115,ddrzy
6049739300,dhzan
2672278107,zoggp
2405948335,tewba
6506302069,ehilg
2069968311,nomnd
9793537373,sccsc
8229644603,bxfbk
1440837212,cygof
3290941563,lsjsx
9193902344,vjmpq
6739846497,ewjpj
5808037300,sdxkn
2301541471,qzwrn
9458140547,chqlg
2204211733,ilplr
8660249480,zxdgf
4382709131,cdrls
7220400444,ktvwc
3853943136,bariy
2611664768,rxwai
2724226229,quqig
4767710898,ogoxt
7191712085,tkwxf
7889866716,wxshm
1228370936,fovgh
1256049584,qufzu
1131802468,ukyqi
1239017142,vlych
7415309288,urgcq
1319618545,szaxq
3779412064,ahoca
3479594707,hmbfa
5212361997,siupc
4114864549,nchkb
1391592188,lmzln
7175663404,fwyvu
2620901320,eqljn
8893152267,ttnls
2249515605,yimiq
9811028791,bibzd
4498584634,afibv
1028560720,kvyrl
1603286670,qndmy
1052829663,upvst
7772382506,pwoxv
7833329234,kymzf
4292111979,ncqzw
9032135467,srojn
4166449355,fzdym
8986868831,hwfsb
4629771423,tqvep
1211886672,bdcof
7363911936,hpbbf
2511049679,lnxhc
6450494696,fwnnb
8916741659,mwxbn
7153338259,odifz
5802954106,xolyg
1669963920,cevau
8314928345,jpril
5807591144,wbajy
7933409580,ajzzq
8820012251,rpqqa
4613355010,ccxhz
1587224120,ompnv
2939798671,jbqaa
4429851881,fweip
2350307146,uqlgk
4386577108,ytbmk
4347058738,qxrgt
1329227496,pepbo
6935657004,xsqid
5634463231,mqmui
1205048162,cgmod
7764668105,yjkwv
7659162033,yngrl
6728765461,xylsv
9378188893,wwbge
3427144509,vqeym
7226877038,hcxet
4846026769,zihxu
2625561721,ptacg
7555348564,hopzz
7764032817,yftia
5200858018,guilq
3742552047,lyfeo
1329338395,aeexu
6441045822,gvnyk
1662497106,stoyk
4898450735,ygqzs
2685265469,oxxwr
3624324798,snmoq
5861392772,rqppq
5400142084,julcd
2493956389,woxmz
9462932660,mfgbp
6102626549,zcmjm
5002062862,fmlfb
2675415398,rfaiz
5652011324,ezqdm
7696480744,ochex
5358553921,fnvvq
9475493388,uanoh
6090801667,uykyp
7361592612,cpnbi
5971040288,ssnpb
3171609764,mfpou
6073808711,hhqca
3268327509,ksbcl
5748693368,kmfql
5610913538,vdapd
1577996786,buiuv
3529819892,biamm
1011169546,vahyv
2549334317,xefev
7084552319,taags
9347377487,osivl
4908359725,fnpnx
3133704285,bzspp
3584657840,qbtnz
2237673796,zetvi
6696746926,nbkma
5967654661,tlzod
2942537040,gseey
9246329039,aswme
9736882986,pjzir
4181844369,fplbs
9078398697,iuzps
2080067965,pgfxl
3556693713,ljwnx
1596075571,ftjhq
5596922450,bzutk
3192816057,wercj
1694025841,bqjkn
3674020322,gznmx
2622349130,mznrg
2114682537,wujip
6762639683,aangq
9942463501,uklib
5815082272,gsuop
9338247273,ufmmo
8918157230,neivc
7535218115,jzzpr
2754653544,ahjij
6452481169,gpizf
5225850288,ppymm
5663398281,tswgb
2525953814,pfpth
2534215348,eeyuj
3878675355,kowvw
2622968789,igbjt
1473651222,yzpjk
7503637602,jvqlq
8595770110,dknwf
9874877041,bsyac
7991144576,lygux
5461519714,igmqk
8002165387,segua
3323014484,obrhp
2157063005,akbfj
9005254179,ctutm
7768993303,aturv
9485904160,sewjz
3859193175,bkznn
1909481420,ejcst
9856872897,fuocj
7301081373,bqorn
4160573994,qeuwv
7549960228,bztsl
8255913991,tqkux
6392544446,syasw
5066390580,xyncd
2210937629,xwsgh
9912017034,jpzlb
4781775084,psfyt
6295919881,wxvsy
9592227979,vxrzl
9702286298,oapyo
1814059472,hdpdp
1792241406,qworj
5370046881,xboxw
8484083962,ncjqp
6753019427,aeons
7566546131,bvoew
5769771282,mdkst
5442207249,gexsd
7297193939,xdobi
6412630397,kehkw
6885673069,ncfeo
1751969526,vbwlh
7327683956,bpqdr
8394243446,totjp
4106521858,uevff
1421134910,uawxd
1186677972,hkvbz
9197939531,jatke
1124763057,uqddm
1592716994,xudrc
3856856773,iocfk
9774828236,pjhrn
6181947356,oqrmb
4634674438,connm
4645049045,ydyoy
8756560190,mrvtl
8571399127,ddish
8318938854,clbic
2239662934,djuxu
7564317989,erpol
7654970465,eylyg
7835890427,smtxa
8242689737,ubsir
1098539139,jfeew
4967462330,dajhb
6023955595,kjxex
5539609330,zelqq
2759647939,oxbsm
9101497508,bxhnn
5842393051,ofsga
2829731115,squau
2103651421,ibncz
5815036197,fbsxs
2101652940,kezes
8619400031,yrcqy
1806963251,eyknw
6216634588,bhvtj
6774903071,feozm
7109620752,exkrr
8728974916,faoov
1235344037,pvege
7989600520,tkmzp
6351091799,jkhwz
9717954119,ucnsa
9787955881,dlvup
4513363549,busht
2828043915,aggwm
9214594017,wwurn
7887046689,ugcjm
6036517761,xuqzu
9188291365,tutsz
6272872410,ubheb
1223322168,sspcn
2700714260,jrdqr
3276530116,knism
6308365253,xlurx
3797084153,rlbjn
5761964111,kkotl
9317601081,cvuvd
2370618148,yiuzb
2399972477,mxvxj
6629598793,akfhe
1405070448,rurmx
7462768353,zsxot
7533940882,wjzdk
6898857550,lwgch
6125607483,zwpkn
2358962808,hkzpg
2812330202,usjll
6775117961,gwhez
9512056985,yhiwp
7917756570,nlqui
1047728534,kllst
3252423719,bzvve
4576659758,drqvr
4954704126,hkkdv
3982976453,dcdys
8283434268,pwwvt
9702059067,fqmnh
4166728454,vpduo
6320208352,nwmli
8237593875,ivjsr
2758689766,xvbhj
4881746656,zlthp
1458972373,rxads
3045300069,fmsia
2732215945,rrbbc
2783122154,kjdld
1297547407,idwas
5286549165,ylatu
6630186637,yvjai
4813719008,ahfme
7537106619,lsllh
8662624400,vcpsx
2995200670,gkhuo
8315053958,ecnxu
3166598898,xwpmj
5209754586,sfrrr
9508146023,gzdvn
6364264502,bnnxa
2041029978,xmupr
6865964641,vsoln
4135881922,wnwoc
7910914506,fqatl
9950248202,timtv
1775459806,ippzc
7640790925,lwbwb
8246326138,suuhm
4828026644,mmzas
4387765890,oxqqz
2470624168,kvdou
5428194496,vhipq
5180981615,rbbyy
6142290411,cslcb
7487189953,binfo
9311625360,cnbdg
2554249165,owkqh
8109358105,ukblx
5289291876,cncit
7064749496,urojz
9719560673,hlcoz
8683490251,waojf
9797009655,qvldk
3556603863,wekwr
6951083923,kbbrr
2149850033,cevwn
7636674246,etdaj
4878435570,euruj
8846464699,jhijl
8638983028,tsvwe
8926337118,onjxy
1816771919,cvryy
7036316836,vpmwr
9294522323,orlwf
8991328498,mjwoa
1043438833,srfyi
8076889768,tdhww
8370576077,zxkyb
9278743500,fcxmz
6169236302,aqrbg
7862701127,izlzk
5287854306,cnsfg
7168165053,xtqux
7588109279,hmxwf
7956098602,xsyyn
2601442352,wtekv
4401448829,gwdjf
2924791576,nxmos
8738718909,rpgcy
2015195422,fhwxu
5151167559,mxrbb
2982688768,jcxee
2271159873,oowyb
2298977340,ibbnu
7012288743,nwlac
8107398022,kxtra
4509022008,svkhe
2033625556,daaeg
3981532333,yucdv
8041282644,sxlmc
8884233283,zrifl
5072274184,junuv
7145321834,wssih
9404798937,vnfbs
5645783190,ubqyu
2217168233,mlduy
8265549756,zomxj
9277206155,moqfy
5758827120,lwljd
3331157848,yxeez
2142995285,rbmlg
6299983899,boonk
9797079836,rvypt
3404565847,rrvoc
9453165088,ennxx
6253048670,klnjx
7544659534,gliqn
6678544385,tbtih
3934094993,efslj
1150642541,snbuo
1468950612,hhbwl
6251942734,elnhv
7515631298,msglx
9224284143,epmdv
5745513961,ybppr
6778585608,pnqfo
4735554265,bteds
8401651644,nszel
2181524291,tveoo
8116682992,mmwsx
9134802820,swhua
7344628402,ymoye
3144187964,zyemc
8845666166,qgzwr
8945921271,nptfg
1388708559,fsdin
9766850438,ixksh
5171003213,pqnuo
8153378586,vfzwi
4481967194,qjclc
7248838794,ywhsh
8096783092,iyocc
8817296872,yrtvp
8706638032,rfhfj
6112760848,lugkw
1697734658,fzeof
9935667029,tqbvf
7450180592,lvrsx
7920371046,cabcl
1771502831,huzvr
6754764397,jvxxk
4331452913,bpohl
6958125092,euybg
9289563591,mxwds
5428293623,cqpao
1166240240,gusuh
8827680302,toilv
9652416559,zdkld
2070666945,gvjtm
4947913378,gdsxw
5978384776,xksdh
6016933330,qqrth
2399816921,ettut
9322062032,daoot
4106762083,twcmk
3616006974,qnriw
7426946288,nvmki
9384931420,onian
6255975923,dufwx
5119555424,ldeul
2641442301,ucczt
5933188915,fxlfg
3463316869,qtljj
6139822836,tpvje
7133268322,hxatn
8813808444,tnays
7686042777,newed
1457410403,gbgju
1756591394,schfz
1658480023,npblp
1441926703,anaep
5131828517,fevdd
8494136949,kvqiq
2794176510,gubmv
4786506411,asjqq
8633276806,rsowt
8111703281,ofdyd
3328112346,ubvcc
2032041195,bczdt
2615560040,wkakk
2519258812,hnmsj
2522731532,ooyqn
4137866725,hulvd
3471120363,uhfev
8234301298,nyhlk
3742217575,qfixw
3956172759,gpnxi
2331295256,kxabi
2729769874,dcjns
7737193707,ndxue
7562003457,xftod
3684281408,noffw
7400582106,kmoix
3822849998,nlnfb
4610879812,zphnw
4729513064,ffwbl
2338353455,wgbmz
6908466046,ezjuc
1965047218,pshoj
2091553689,tjbqo
4906970448,gwzmd
1435684202,rcoyz
3482554890,kzzgm
7800281482,lpzxm
3796108349,lsutn
1995118808,jbxnz
5773508487,kiqsd
7946741892,ljaju
2850825460,camow
4779104319,uhwnj
1148677542,dyxkg
6281696116,srjrj
2427767955,prwbk
3165803188,owxpd
7747801154,govik
4635687005,ajttz
7953477852,wdplf
2104522949,szrgr
8679465031,ldwcr
8041566660,ldeqz
8463307694,yhrus
4216599788,giaud
1521562683,nszhw
3195435382,dqocv
1747430788,mxoha
5212914673,hblkt
3388867784,lesxv
8495811591,fsrgp
9844028547,cwavz
5372022027,zkust
2207260675,kroso
7320594740,xtpst
4786649077,vxrjx
3003706069,veujp
8672615058,wtuni
6608065010,hrwrq
2160613203,jtwit
2520950755,hksca
6682287811,zgovo
1479037591,jqaby
7435776141,ztdxh
6222190643,gvtko
8471934198,ptjem
7975029299,lggqv
3898314674,xbepz
8994050296,aubmt
9811863033,qhnzo
1000151516,kgkgt
8708456970,uexzd
3527405569,mqroj
2492658021,cyuwr
8805809412,uueov
5495597357,vrwvn
6408229189,gwric
1021690825,triyl
9918352538,vemsr
3917099545,nnmip
5749641028,kmifn
4004466840,uykfw
6961915884,avivn
3452992309,jkjon
3459478004,twqvw
2764595906,zmapm
1034769900,vevfi
7947128662,htfgy
5284814516,rgpwn
2705373349,pgxvv
5544079979,bvmxd
5354480066,abxcj
8938720552,sqfsb
8756086004,rvkna
4159253287,tolnd
6167188189,wxorr
2785740632,ngkwz
4860048578,ikyrh
3530757818,pycff
5644097544,ngjgj
5537327116,quhxc
3629708351,yfudd
6451608419,qhccb
9935016890,hzftm
1199789922,arkhl
7234468782,tkmqf
1767434429,csnrn
7059833837,feois
8033349105,skuxe
4993424106,jjtqd
7967043869,lodzx
2753626242,dblgk
9976941534,ajpfh
1206443867,kmsku
3434902169,rutmw
7703537710,wkyip
5085166171,lkbxi
5169966959,pmipv
4814909432,zqnlz
7198245738,hwsyh
7092075876,zrpad
9392073932,kzcnu
9018794384,wffhx
1978998635,skeyt
9654767559,noyhy
1719183187,kgvlj
3730329667,sxnwk
1586046168,bwtkj
5695767453,qumgg
4056916517,eonwj
6182846814,aazgo
7572809817,otenk
6713500621,afdkq
7837912586,jxvvc
1943787381,txbna
2573753327,eqvpm
1768284033,kvdyp
1462174235,zbdxq
8046374624,grmzn
9527658686,hutqh
2963887359,dgnxx
4384415975,waaqs
1514193372,pcgnh
7891023743,zkgol
5163505787,oqqgk
2716334527,mjtit
9218551560,yvggq
5143819473,kkzqs
2797479818,bpqcg
5321183501,zoymd
2732753119,uuxrk
8767165263,jalxy
8329901131,ukvza
4501977507,uvvzy
9440186413,yseal
5606339347,xawvl
6993416333,dllaw
9652732433,ixtna
8687795520,tdisz
6373763414,axjoo
8533482103,fecgq
1423554714,mbwjn
2180025645,tmous
9576696107,llnfw
9273442464,fzxrf
2808325061,ubjec
1319495982,ukafv
9775459313,iedyb
5389319725,moduc
5483441928,qdkdi
3612071473,whjyo
9694121706,glsia
1526531642,iwsmi
1212319442,wgezx
2434518810,sngca
8024831554,chwtv
7045021994,zjhms
1054235371,aymat
1283007898,xrqfp
3853589562,zyufb
9657631038,btvjm
1331243335,asfpz
4276033622,hahiv
7442730421,znxrz
2060572889,mjeus
7786670237,ayrig
3391781299,vxrir
4179054403,oeubi
1589790231,zyotx
5199558960,tvsda
2683622778,egiut
4378202864,vbruk
2175460918,secxn
2498321379,lwspv
5990236771,mwoqv
4202593179,fabxb
6736249053,onapn
2222815866,nhovt
4551495095,gatax
4242488310,dmkfx
1447232981,hgqea
3682463262,xtipn
4584674499,olbuv
1542279987,ptywt
1561901832,yewgi
1060076924,yseyu
5865230781,qtkah
3313227773,sdgvk
8508627018,rixiq
1397977547,ydyuc
5548091440,pjyoo
9690095128,lnzyx
1153921930,rtyjg
4672564340,sgkvy
7220228236,xwfpa
9598021033,bqxcy
6043838218,bzulo
8778612214,knjuz
3132098005,shffj
4345730460,gqcka
5349604016,pjpfu
7687970134,ublbc
7062133061,mwhjm
2944546642,acffa
8922766069,rixad
7808910825,ekcgw
2962193341,igsao
9873187824,lltlo
3607403220,ijyjj
1201261083,hwnnt
9269125845,fpbzn
6923539295,dzvjb
4931283334,sjcow
6218997517,majnv
9443069631,njgtt
3773781636,ioiix
2294391943,zrrvh
7121099048,pxieh
8383928673,uueyk
6616663460,rggdl
8928149715,ujbdv
2471326175,crurj
5053639112,qcxkz
7845193110,arubt
2622378724,febfd
1630738064,qxijs
6087677383,kxtwh
6777256872,zrntc
6452669837,lllug
5206218792,aqoni
9428866202,rekqk
3711913729,gykil
7371549111,qexaq
1820335308,nkmmi
9083164503,fzjqg
7914598772,hyzrp
9147827566,osdiz
1121814303,qkwkp
1895114671,puzed
2443193059,susql
3626551054,pxcwh
2759601525,qnehy
6879401504,oghvp
5718618204,wsunj
4317109726,ipuwg
6473518871,ozoiw
3126916228,izzub
4685158866,ukjdu
2165059172,fizos
9812529319,buidd
6848631763,wfbdj
7510506447,cckli
7674055327,ukhac
9210818493,hulqa
3306857113,lidyt
3982528297,zhypd
4976165221,bhyon
5856160651,iojmw
4627266771,aydvn
5227635348,pxvso
5289591106,imqyh
9903391215,qnwsh
1791834390,qrpsk
2572910085,wbqte
2714326419,tabno
2903292492,wrgjd
7407540617,lzfko
1578871353,mxubp
4882131351,pvqez
2259106409,njzak
3407062113,dilao
5246761751,drswq
1064020088,lifyw
6324055598,zzpog
5499220046,ewirq
7224002317,vukuj
5119931388,udbib
7597361739,goiyg
6136367048,isbxb
7954019939,jqfyi
9657321381,ztitn
6284852355,yaqqt
5578277228,uaikc
7228040578,fditk
4281976507,jyllv
9091148369,xdwor
1372350450,azzyt
1444661084,nxrmu
4517599481,octtu
1472643527,pnmoo
2576883630,ndpqz
4805773860,niwri
8280832662,kuwbn
5496987414,bmwkg
2454834312,ifrsp
6556318553,mqbct
6773076600,lrpbm
7172227598,jtrum
9070844934,rdmrh
8839830891,himrd
8194005728,xmsnv
7064874178,oswtq
6878765695,rxkpa
2574233872,rldnx
7293117107,edbvk
2329068267,plwzk
9916788853,blnjw
9503268566,izdor
1787078122,jgmhp
7689360877,ajopu
7035348335,qfklg
7570555057,jcdxu
4760368999,yvssq
2059037476,dozoi
1742287035,atpjp
5326791023,qbwjv
2581845256,brlob
2613290934,npkpt
3501341148,stzio
9956072963,ufodj
4143672546,swbpo
4860050774,wkfal
5116510462,ebbtd
4399539310,cnprx
3605808168,stkov
2824786005,bcrdv
8122345978,zandn
9573314695,xcgey
9334108758,dgawo
4712605876,xgbzb
4423707048,bhnnq
4961556048,qzacd
4748582608,rsema
7971704952,zcvvy
6971537871,vwzfw
5758478532,ceyhr
8866850653,idxfa
5009660080,owioc
9155086487,witnv
6072309665,bvlbg
9991549606,qftop
2614048110,svkvp
4501050068,gqatu
5360387359,ddtqx
5783771972,npujc
9487419872,wsbhe
1537599237,vofof
6875782263,sgdak
2662546545,ifidw
5557663433,zxbeu
8738987276,tgsod
6229177012,azlac
9006842612,wbadg
5011394904,hcphl
8156253308,agwsv
6619679542,iynmr
3885060464,okhyl
1372112588,jqcgw
8847723066,xuooz
8569345181,fmaoh
5325527868,jhorr
7301142846,tseoe
4109543433,coxea
5272548589,lrwtp
5244562345,vsulq
2212359142,xrllq
2065775040,kupzq
2597981941,lxqor
1479603660,magtn
2087970504,xxfyz
3615955843,jkwto
7658151945,tazet
9642945923,sheso
6239996877,swhqj
6937830110,qordf
5381031083,nvnnr
7021197998,yoibd
3856765908,qkymd
9778072232,opvev
8913149131,naprx
4382060281,wtkvi
7387050489,afvjt
3719723749,arske
7942350537,hcvqz
1752830144,apnki
5702211826,nqdoc
6373967726,rtucg
1770432408,mvywq
6793022044,eevcp
3659157502,bshsx
3526024397,evfdz
9143257264,aiehc
8655400164,qmncz
1529253143,wlpwv
7184236809,jrdiw
8194953374,xwjcz
7041156724,ewavj
2132484531,gfvdj
2964446410,tqmlw
9286488504,utrae
2164760641,lwodt
2614178876,hrvqd
1930854164,gnmne
7982128703,tgyya
4518981528,edngo
9768142212,jgdie
4396872300,dpohw
7122405614,asemm
5161615504,ivcpn
4135876984,bqlrw
5469667303,ghhgr
9693218039,ufdwh
7970662320,crvso
8695828384,yxafc
1862313406,ayybj
3928288635,qspjz
2824148731,jhcde
8326262595,tglnr
9675040353,srbth
1059504252,pslru
9719099323,fnerg
2629160785,jkyai
9639300944,gymbf
8247522078,fqyby
1547525967,tdeiq
9778604478,twvkw
8447694845,pvzms
3698470764,txrwm
5231019490,ovpvz
8035698048,wddwe
4462483242,oeptc
1500388209,qqapb
4774502480,evxem
1210907072,jjvgg
3053578893,tegoq
4909629615,gsbqb
9586232781,rttkq
6586686283,huupn
9338416127,binkj
6651616124,bmlau
5475846350,vdqcs
9899406952,jhryy
6067071289,jarnt
9383721969,fglrf
4424275664,oyuqx
6407628717,bjoua
4018079361,eazxb
2045103762,fgkib
8379740945,jowbk
4740238760,fkfpj
2567851812,eshge
8413725828,yxkzs
6284189675,rejks
7990299359,skqje
1423398538,budyw
4400988890,bofxa
4406581845,zosog
1467469029,mbzkh
2163378951,xuvwp
1713577285,dzpos
2694103468,gjtdw
7104877810,qkyxe
1034495480,lmotn
5289179630,iohmh
3040534785,harje
8207722608,rzsdd
5841721136,nvtgm
6585961616,tjaji
6336755231,wvdej
3630340708,fidzh
8644000384,rxnyt
7749390123,inqyw
7961051230,izxuq
5858215581,odbjq
3468396025,fuepz
5000371827,shywc
8827721069,aywyg
2353575314,jaacn
6048047914,gbkdm
3282037200,qigsc
5325994329,kmula
9383821678,mrkbp
4422212837,bpkpd
3082844722,hkyou
3624599080,atlle
4149838219,uuugl
1584757091,uhitm
3231355701,qmjsl
5020270515,eohjt
1827142770,lntji
9450370973,akxrk
2066050996,bmiur
1892481348,pytbc
3897775138,bnbpu
2102468688,jrccj
5731650629,tovlv
8158772379,lzlzr
6586177689,kmptg
4330895258,zrqad
9215798022,osyfy
4090085431,kswgg
2062701976,iarhq
4816128799,prykh
8734757806,kmlod
6317422675,xxnjm
5526544528,dzqhb
6301225450,mgpgr
9063216027,dlbez
8990611945,twwwc
8787523029,mvxye
3768945126,ehulp
6723609778,mhwjh
5010121086,pfrza
1967203430,mzrmy
3516000622,tumag
9808064061,askkx
6808840269,esxxz
7166190555,dhnxi
2822905872,ikkpr
6291613155,nqhoy
5287915508,oosjb
1860157563,kmshz
7452109679,wmguj
1783248238,pfail
1226116908,pelil
6269915422,yjamy
7678897578,emxdj
8133690759,edylx
4718206273,fjexe
3555547979,mxddi
2090532527,jlagu
1951652783,hhhlv
1862367386,ckanx
1186118321,jtmor
3264662824,awked
2228045632,nicix
4527375568,uwmyw
4337554070,vzhlz
8783191258,nfcdj
4138902143,bmlus
2021059598,msnpl
6311787068,nshbl
5518531488,mgazu
1778843854,caysp
9966469357,hdjun
7369507804,sjzsx
3074999130,pegtd
8666878170,zgcjo
9551329256,epetf
5350891979,asahi
7443632878,lzxbh
5688410852,dnwkw
1737857922,kkcny
4562198640,apjpx
9783681311,wxuzv
7061434191,dqkuv
3008301044,zuofr
9740226585,mhsye
3269397027,erohj
7966051232,mrksb
5970000866,qysmq
3482407265,vvjoi
8376115692,hpblo
7516521744,gnkmt
9342249363,izbri
5148489361,zlbqv
6466468863,dvvqz
2005395798,ulsyb
8046139444,dmumy
9041042831,qslnx
6303139545,mqilm
2050724752,pxdpc
1455629039,myaae
2224956245,pelhk
1089339144,sajce
9279490307,mkmsx
7009856520,pjtwm
1424558077,ojaup
5375303032,rzfyy
2124472230,pgegm
3295618991,bfpcw
3814827820,xruun
9434424161,gdwnl
3536328393,clblo
1854658714,bfdjj
6605123580,ahdjo
6080514088,avxtx
2818276653,xvgcu
6873873132,leubs
3803471829,ojspv
3685164921,ukrkp
4854451737,nhrer
3951568435,lkarm
1504764010,movwm
6987392836,bovoy
1733990242,iozfn
5892448823,fqpew
3629791283,humtg
2545585402,xtgjt
5333691764,plghz
8142765760,dyets
1822872513,deqoq
1163484195,gxhvh
1963905521,xszte
7710558911,oahkv
5185531262,hskmb
1410502393,tqxtn
1867736023,gvnbz
9323537425,hrnod
7318304665,znues
6847480495,zjqip
2249673149,ryejr
2342277407,qaxbe
8582725788,qrlqw
7037764327,lvoys
3779288978,hnkvu
8879504598,twknh
8356575172,gsrot
9862118769,fazdh
5606999489,wlvkp
9741110273,vrxex
9367699746,tgiyy
2680207444,uwrna
8488849288,gvaqy
6251145478,ywabr
5204843165,umedf
8849050464,evgza
8815710825,rsqzm
3975687579,ragym
9217177415,dzgmc
3557719093,ucvfg
4103936243,rtzwe
5860348381,vwzwm
4074822781,uqoqp
6239810260,lykag
9604937740,mlsbk
9194750568,kxovz
4383993549,juvwg
3218136071,lsgpg
2993336613,yhwnh
6423292529,lgccm
3684135974,zlxsb
6353090020,fyyfs
3092958755,ebnna
1088792584,hctdj
6220273657,hdabu
4322009603,seujp
3156648856,gmmql
9592955209,owxei
9078778819,gpocs
5624984259,tlbax
2563075972,ypehi
1780219074,fpmzv
9526074719,ezxps
4111410857,zpgnp
3984921974,upris
2311660626,gajrf
6314445337,yzpdj
7355108577,huroj
4202669484,dkdrg
1228978193,cgjis
2947795589,rugpp
8740006677,sruxa
5679364268,ljxli
5316287487,bqhfz
6611029695,nhmrq
8769984563,jcirs
6317379619,epeyb
9003222040,sjjps
3886677514,ehuth
6440799000,hgdxx
7993375783,llwew
8843493234,mrntx
8293371592,vanup
2660560659,xgybf
6357290004,yrwpc
4757172098,ohjah
9778776989,yxsbe
2091699635,fktut
3238382669,ouaxq
5183778787,lhbqd
1556453340,bnzpa
7346581768,tbsbq
7735881383,kikax
7554471512,ayzzw
2893938496,umqfu
9054082534,qyocw
3212431361,lmvdg
8494591353,pzxik
3822707232,qoiup
3965535097,owosc
5670617173,zvkao
8106787274,llrsr
6008031438,gbqzj
6655196643,qnhtc
6266137815,rcqgn
3671550822,qbdtu
9336929063,fpaqq
1841973930,eqarz
5908261293,wmbjr
9406497886,xbpwl
2098299909,jemxj
2457402130,xtoeb
1933284265,imrrh
3578682347,bktoz
7609543075,bndiz
4130521147,dimqs
6696407031,hrngc
3311474999,odopg
7420062449,mtobr
6075943798,vgprc
4403395873,emfgk
1227530850,coshz
1167137388,zslvi
9276261654,pvaaz
2312258615,vdmes
5672554381,syxux
4967726120,lkwso
3923785202,pyddy
7726493185,ibvgd
6048798513,cgduj
7395149315,jwchi
7757500417,vamzx
3580360288,sgtiq
2049266889,bpdaa
9532955782,schia
5234066251,levvg
6737425257,uahvy
9797093642,lccid
5066408727,jrigl
6569000936,aferp
2284690442,uaziq
3941942070,vhpct
6191259017,gvhov
1564856674,svxch
1559129925,uvznr
5649832596,mibka
6204343116,tuzoj
5122694119,hptur
5899692162,hdaum
3705437340,obmyw
1974493006,jeuty
5984545308,wuagp
4231150643,vjtso
5676927388,gdqoh
8874925958,kiosg
1706527823,fuiev
4075762603,gshfs
9681546383,huuxn
7954659491,lqvdo
6039882765,srnts
9373053734,jozhm
1153866943,yqpvf
5873904129,cknzy
9717541145,gprii
7520921501,gsvlj
2555819826,cdzps
5899892978,bxpnr
8744129201,ybnjo
7382882785,uescd
5290263912,mnjbt
6772801615,mvbss
4879169417,pnsqb
6467252486,mzfsd
8604057332,cbwee
1110964459,yzxjj
7892128561,aygjf
4801192375,xkuvp
5542444536,hboeg
6964924420,tbpwv
2376109022,endnx
3579615033,khhvh
2667639386,teipb
9903530986,gldbd
4382604818,fpnfg
7967456161,pvwes
3885636303,ogvhk
8862070949,hxmth
8969346469,gonyw
5075329437,ryowv
8654373049,qdjye
4032769677,oostc
7683457283,jucmi
4037268623,kweej
3918568923,legeg
9064501167,nrfjv
8495593861,iohnd
1916136664,jyqsf
7299815330,ythtj
8537089566,nlzdy
4399807816,tovit
8785323713,qnqyd
9906865171,qooda
2862888805,axdvq
3568273875,wapxl
6275213674,zyvjr
3271206673,vpiio
1829458251,bxewo
7271070188,ncdsr
1579859231,jvqte
2268153103,tyqpf
3373239355,hekgv
8908065771,cowqw
6374202682,rtyra
5135777059,zxpwv
3605233867,vmmdf
6627843868,rhxxr
3525996365,czpps
9887485049,gisfe
3971839243,gtujc
3066175497,dmftu
9899295734,igcay
8409521095,rqivn
2415233062,fpilw
4298537231,nyacx
9825856832,phzpp
6422414520,yvjgk
6247703747,vuufh
7920525189,mogrq
8018668345,eckqw
5800531659,ijzqa
9781839993,dfhfm
8271471250,pbdgs
2143713310,winmo
3537650026,uezkf
1871837201,fopex
8622788132,ytjgx
3040492430,vqykb
9646871179,rgkou
8480994158,xoqzy
3693318166,tuohg
9790391500,wvamo
8504796868,vlktu
6013179590,viyqg
2683342582,gzpmx
7575666880,qipjj
2673848775,qqnqd
2322745837,nkqqw
1487161688,wnpzh
4156268695,cmcjm
2417023713,foeba
5970573423,gepum
9377174865,oasis
1714976896,sdasn
4535916901,owsfw
8232519509,uovpi
6479050842,ybtka
9460090975,dgcsh
8258501505,dbggo
4405811918,ecuco
6194197484,zukcy
1569425979,onkst
1114053691,itlsy
2380252869,drfvt
1622134575,nqlzy
4513005109,xyhle
2356045029,idroh
9758553176,ajtyn
2612648757,pfnks
3486327448,cjtkt
7887292490,tnekl
7910384056,ixhdc
6591290116,tqvde
5746574844,pxznd
5007268934,sjjif
6590977991,stddd
9030225301,ugcnc
6343883342,fklzv
5602583413,bmdzs
7229357995,nkwmn
4076667534,scadi
5062641149,lsjzd
5387186899,wqdrc
5843693689,klglr
8897149132,llenj
4102160048,rjuqj
3619243976,xyzhp
5648361736,wqiwu
1192693395,npwca
9249310531,nvdfa
2600856513,khdqw
4574694286,nvqul
6100474089,eshne
6524107253,nvmcj
1892868863,wcsoe
7230822184,ozcna
5846392296,twnrb
1101317324,isvud
5366524099,auqvu
7807835937,wqjda
8914827417,bzyzx
5591089936,sglti
6112479523,cvall
3727340660,nqxem
8261243246,okyyw
3964260266,noewo
8062666629,bijrc
3711564648,tzjsf
5698858151,qucmc
2693520191,mdlxy
4600054131,kzdfn
2589405861,tmbmj
7793707269,mdvlu
2908785723,lhauh
4318069069,oyimr
2646166105,dhhbd
7157523617,ffgsk
7663735024,ltjfv
9438432885,lfqes
6132282869,mjdnb
4320587765,phqdx
4695109956,eqduj
1845455221,iuekm
9584444555,rezmo
1089874442,drktd
7279569398,mjxxo
6295007069,mujnd
8914427046,kmqsp
2477154936,sodak
3204476954,usjam
6168642381,vblnx
2463867766,dfuid
1818981131,drqks
1037554288,hipvt
3463415373,uqysm
8056316621,sifef
9966502027,egkec
7937746837,zfcok
1712246960,qleae
3559956151,blcsc
1682035279,wzrcz
3259044887,yhkyq
6131047990,bcsot
1071388257,ydraa
9159360552,tdyen
8792852447,btwur
2582306133,amqsd
8021721129,jnvpy
3149609126,uwnfe
1983131844,bvymb
3092797619,wwfve
3058061603,iyksi
4610131134,thqhd
4410090139,mgsue
4866814448,bvlzk
9481118194,nfjnh
5083951925,pciez
7107046752,uhfja
6226358047,owqxu
1744633243,lwxmc
2514684938,pbkzh
3981368323,qepeo
4009032436,rqwgz
3619318664,slarf
1882532096,tzenl
6932616857,eicho
7651364752,gkhzm
5548329325,lsmil
1021968409,untrx
2447972239,vxwjr
2399739472,csgyr
1200830780,nyxbu
1125109200,usrvz
7668532246,wwfwh
5034306908,qffhg
2622193192,hohje
1441516939,rjrnf
8752482095,wwpoc
8707247647,buvwv
1902099962,carso
1885063342,dfpqw
4105668094,qdvsh
7374759049,mrfea
4469029354,qifcz
7303580479,pbkpp
6959959886,wdygv
9819004491,aznfy
2021672648,jmzwm
9137998144,bjjpc
2655634867,wiaxp
1785765304,ydwzr
4080620164,pfqvd
7633832527,cvsmd
3552369482,pdhhc
3123299583,anccf
9324170232,esiui
3276951913,odgpy
8111964815,qsdyu
8048221490,phoxe
2188348075,jfwic
5209383706,ztoeo
7765805248,jpqca
9850052447,mcysl
1188051467,ezilr
3264728309,cgemp
3584924866,ilnqt
9438979703,ouspj
2603499308,mbbgb
8039926410,ulmiz
6748676275,dhjpy
6709274515,lowcp
4997944689,ywhsg
9504339535,ijapv
8819624578,lwffv
7545995508,egnak
2533134948,rgcjz
3260929677,jxtgp
9516025488,ykynm
2840131079,ceduv
8005786635,jjqcu
4651431375,lhldu
7727117493,topce
1911285201,giehd
4723823072,wlpgr
5443501962,hwtwu
3415144759,gnkzj
1100014761,jhpys
1190066337,hxzpo
4683124401,uhjoq
4043366348,mvent
8608035168,paocr
3735461965,gcrwy
2239915411,lexuf
5452251218,msnex
4613859270,ttsuf
2756108493,crcdl
5310646282,ghkil
6704144990,kaicn
6012007807,waelc
3251580345,fgtgw
8530407843,sxawz
9272744720,qymgs
6079887470,yfpcw
3918924409,elrce
6475515762,iuihu
9055413479,qbafo
8048238801,ylnye
5727709765,smdpn
7927613598,mypgz
8259966134,hnhvd
3354718348,fxaao
9335658144,fnpkr
4369639929,bjmjz
3417668375,neabo
1594230363,alynt
3206780259,vhgzm
9791181314,ndpmh
9477473489,fzjjh
4589862661,bkqvl
3807946389,tivgw
8904815935,kpzwf
1585389543,octbs
6810271258,vtpzg
8445417492,hsvdd
5243368632,cpsmo
7687605485,igige
7212844827,uppqy
4453841263,opnkz
5157767470,dgrnh
2874433768,afzta
2805038621,xlzqw
8878580626,lritr
9727751380,uxjzs
8088517090,rygnx
5262565997,bujdl
2886664359,orxna
3282726868,bfusm
5564176724,qjyyn
5593626368,epjkb
9798089579,yktqr
5146698153,fdlmj
9151636784,jtvxx
2480221167,tguxv
1892929081,uycop
7444977083,qegnr
6756447870,rvwrb
2220779267,fkush
2578335634,dkidt
5852365529,zragq
1622851462,bnzjo
4054390828,zjxzm
2098095091,fmeje
7513981114,rnkus
7658777227,gedti
2266139750,wwkhz
3677959056,khovd
9800751981,brlyt
8128908514,qoefs
8467966740,iyzxx
5057204387,xmoay
9472220236,puvfr
5217479496,fuhxk
1831071494,ybewc
9051932326,rhdja
9098290061,xcmgu
3250058302,rmivk
3994626972,cbjaq
6751239818,lzuwa
4836451028,ouvku
8436373280,srqvw
7340206703,sagne
1019010079,eljvv
1415997970,ycymm
2458033926,uyfll
1679991415,tjuzw
5514198305,ckdyy
1329436945,rlnsl
3911739620,sbszi
9554152850,drtia
3624466523,qdxsk
5732143605,wlxsa
6824898743,galod
4311784261,qbuxx
9852255755,fpkga
3374738964,cognq
9256426410,sxpxg
4609508096,nlwtt
7256250608,zpymx
5806839352,hgrlc
9506900459,bjzfz
8388652514,ahlgi
6819931742,xibyz
3103952301,lbegr
6030521569,bpywe
7119936424,uxpqv
8911742280,vcobv
8537213477,hlvex
5450990605,aidrs
9541919075,vkyjw
8952956804,bhrfm
1521592975,isxqy
4776628092,ciuex
1631436991,tuqxx
9101163169,gwrea
9676686817,omwir
4999273415,syfat
1169243156,jimvy
1135624238,zbgen
4173340998,ytxex
9455900096,hzivo
1138591805,tkfqk
8214994177,lgsyj
1263626836,wsfiy
3072304625,qlpqb
2740387981,zguez
3357894853,cxdeq
2037523125,dkiul
4650200682,rrzzw
7683462931,plzco
9642509330,rletr
3541733484,xpcpi
4505007162,dydqd
9607231279,uvncq
9374736757,ndudd
9400367308,aivfx
5563313549,pcacy
3864693064,yzjuc
2574551869,bging
6454196194,tgtau
9236027191,tjlnn
7104082960,irvnu
7060329629,khbnq
2531692270,kgpdj
7434070144,carfv
6985202538,reqob
4639599049,rfgjg
1650663304,alhbh
3479522943,aqgiq
5791082263,tjyns
7539175280,kwsjs
3649793009,ahucv
1826194328,jremf
8651735678,dqmpa
6855107737,lyvhe
6102314635,vftqc
7914160897,taahh
6237799486,iklyb
8490721940,wuyli
3789417865,gfbdz
5328259450,aujlw
3619896296,otopv
6786094656,hvtfp
9996427544,enjnn
4635553112,oytyh
6330179818,wqrux
7003763133,iizdm
6177301210,qwdtd
2660323978,blgbg
8663479765,wqwqt
2797697404,yaxuy
4824298468,ubcna
5137654508,nptxg
8082300701,yraga
7212301280,akyil
5230985380,papem
6884147538,mxann
4576250587,qhbhi
5475248024,mamja
8737655863,rleiu
9704172570,aaybp
7473762786,gqbwb
4304581946,eeify
7462977439,zhsix
7100614683,sbojp
8700107940,jajup
9653265026,dsltb
7778300374,fenih
8786050995,jytmw
1804862815,agnrz
3548587348,kdian
7811076302,wfnlr
4062449284,tvebh
7175926733,yzobu
5807530127,bdenz
5250436258,wxzma
4205879673,tmzmp
9747987875,vpmnb
6792777726,hbtcv
9099645187,ncjex
2615067398,dtlwu
7115228337,qrdxe
4836265607,abtnb
8637779843,ytsia
7062185108,pttsn
4753472906,lufyb
7981937808,kqmaa
3821766783,xqnbe
9705535834,ablaw
7109659450,luoab
6635848972,eoqqb
8088429987,nslev
8187117113,bdowl
3734837165,ogdfb
2140855784,phowt
1845085009,cokhw
6591100519,vkewq
2943305151,xgtnl
2570048185,hdspl
4762994277,rruyn
9023630368,rcbzx
1581103752,oehaw
1050677746,lyrco
2376321059,qwpml
3123106249,kfskt
2921668601,zcoqv
9194786441,alnmt
5132385240,bvliw
8004097296,xbmph
3584735507,heqwr
1011480147,srrdk
1067574247,qkfea
4010279895,vqyvq
1654329479,ogkif
2884228839,jfhjy
7880607162,qafwb
8101039093,tblwg
1781440281,oneyy
7341261702,txjlf
8542100324,dints
4100689043,caicq
9148980642,nwaxr
6948983984,libfw
3164745530,usimy
8765732690,ipuwh
5508281142,lpaax
2222124728,qktkr
5674366595,xqtdu
5460277659,ylrnw
6939513038,ptpkl
3342064394,nvyzp
3609038293,jfqhl
3728487942,xriau
2083757151,jullh
4674723180,zamlh
3459629915,luekw
7447945943,ywztk
2019656297,hwulz
3494052456,nfovy
3215397481,hbeqr
6738566011,ehlcu
8157923615,kgcmy
4079736551,fyilz
9516141095,gfopn
4272133977,meanx
1323928838,txiiz
1371641804,xfqqr
1818084128,tapwl
7864940361,ijyyx
2406589674,zaejv
8444256664,wqpdr
1804985055,ndxyj
4365987309,zgjnb
2056888030,zjytr
3007115423,hgmku
4273887760,zwnzj
4522604706,onajj
3306814556,ccqmw
5658569121,pygmm
6871888180,vwjtn
7433847558,mxclx
7229317398,xxeio
8873322250,rorpp
5431791666,edngo
4216758736,hzhjm
3679368237,oexmn
7623354007,rofpo
3463413617,ynobg
4297225838,btvrf
6447402679,cbleb
9063442934,wydek
1516973301,twiwx
8186361724,mlhbe
5440112588,lkvxw
4082264279,csgrn
2475689772,kqoji
6666877881,nbppl
2001701146,ttyha
3273534618,ezwdg
5159824523,fefnc
9828474332,tsamw
7599596742,roigk
5553197565,eluyg
6628620684,sxhmr
9549045088,zxrte
5786832944,vghvn
1333143437,uoqhh
1292259131,ozbrf
7077655607,xgwpk
3427651068,jrfqp
4800526846,esxrt
4290914760,clwdm
7503298979,weftc
2123465239,nlmgs
9454840738,devqh
2056321937,fvotp
9006856321,bgagn
8639083452,lshhf
4417015079,cdcls
5688770400,kjjtx
2297253882,hfzsv
4636425355,jzupx
9273487557,mdqmu
3125353715,iswwl
8803073403,wtfbn
3188685284,sbuph
7775075793,qakox
3493509547,ytnxe
1124709096,rtncf
4615071614,ofeuc
4666525916,legmr
9708821303,jysnk
6805280833,pzqzt
4829215745,gvtlh
4255700053,swwcu
1157761499,khyig
3698735277,edzgx
5307006007,cevzp
7050753058,ngdnt
8911226179,ziodn
7808440929,plqxt
8700240449,zraie
3492822866,sysmd
5918268101,fovfn
2392169122,xrons
2657713949,eyogu
8802651187,sganx
1293098735,rquqb
3535655861,wwdwg
7325286312,cyzyw
3265761616,wnacb
6212175042,oshkm
9813514531,znagz
3897075824,ljhix
5533097705,vsvbv
5535370438,pujlr
7375524207,icmie
8114328164,uwezk
7758618191,otctl
6066287117,wlvyr
6347126725,wizun
9268270822,uclox
3471836273,ffrdo
4227572870,orkzl
7376651390,xdbqs
3346321641,zhjdz
4411816335,ncggf
4669998293,smqjv
5075562306,lykop
3201846957,ehhue
5286809756,ttyfx
9317800160,nnvhh
4690013346,tehsk
1267304604,lbhcp
3434303985,ctjsj
6661655074,jnxtg
7155604784,nsbug
6996474870,clmkh
8195212026,ybjkg
9016000861,tmloz
8430316506,lenem
9443722299,pskmt
2866065491,qlnno
5034737832,kmbso
5561546200,btojz
6108561667,rgllz
6551517603,vxmna
7442235186,zkaye
2586067422,soalb
1280329927,tzohb
4111402363,dqett
4426275458,ougyb
1364492947,zdbgd
1021397410,wsmhs
8107443438,hlyni
7465499015,jfutv
4559994321,fmafm
6983153360,ededw
3808725624,cjmcy
2182582716,iuveh
3997630670,rfuwm
5352562175,sszpg
8177288034,kicxe
1718975703,ussem
7169798112,duuvm
8347056375,bzttj
6782765289,yxass
8641265572,kogri
3375651594,adjby
9525178196,fzxkv
1270697624,ookpg
3989576096,qsmjj
2033970679,nmyft
4682935922,cyits
1380404738,nixey
9919986732,tmtya
5814289976,rfkyc
5260326139,wpapr
7645043762,joyxq
1920925275,pqdas
1473851831,drqeh
7044017766,qovni
5160146777,ypkis
6237519518,urbrs
6452155924,wwesq
3237847214,crjky
2258216723,zkcsq
7713378707,nnang
2571589561,fgmzp
6472727723,qyiis
5342685667,eiskh
3473899818,hfwvd
5380189943,srhdn
1803732844,solze
6731089518,gifxh
4131249098,qmvmy
2105684508,fjeby
8653968299,famrc
4004678732,mjjzs
5883661126,enims
7836580332,ephwe
6740934308,nampx
3519369352,hmvup
1071735171,wynkd
9673048201,mdlna
1466615562,ehqny
2023022539,vvrmm
5092655366,dapxv
8340497224,bqoyv
5751846219,msknc
5250734954,aymqh
7215238133,wwthx
7304448489,gwtqz
8743980740,pmfoi
2107901589,flayr
5036791930,bvnno
2114752699,gbsqe
6252223923,gnfqw
5488051608,mjsms
3321898227,dlxef
6312657676,bwshi
1601211344,bicmd
6237752510,eojsb
4455926394,lxyns
7251367193,ddrru
6046983869,mceox
2278443461,nygsa
4691531153,yczmc
1849743567,ingqq
8247699822,vtsup
5200166605,jfvrv
7193294333,qmpwh
9187401808,oszxt
9296840488,fbzjc
3848087633,qnefo
9439247997,xvhza
2289120698,zwnyr
7731377037,kjnio
7707198037,xphtb
1618698492,evtlw
2930971459,cjkjl
4301536070,cgerx
4111297956,qbkvz
8816417301,uuqne
5276968383,pekqh
6657606735,whvql
3242477821,jqqtu
4532284617,tpptb
7436276408,bxloi
1881288374,lsyuj
9175360400,tcfdu
1033719505,vdkso
2379883896,tcdyn
5546680532,zkprn
1851309652,ypxma
3555316517,esnlu
5271878766,xfyrr
5341018829,busen
7112625402,xrijt
2258194084,vhlfa
5841792818,houxg
8432843843,gwlmz
5156032003,zqpar
5152990558,zlpvb
4163112329,oswfc
7555440335,zjqwc
3746176667,yqyvz
5281286232,krddf
5689882895,zaqbq
2583621330,juebf
3466165416,gsfvj
1461939657,inlxr
1693667333,lozrs
6356044482,hjekv
4893935281,hkbfr
6795789171,inwou
8067465892,zalyd
2279223493,pdecr
8519996822,dijuo
7159679281,euwgc
5400723145,zjvrl
6624283060,qsvmi
7212225533,rtlcj
9200025288,nzjfq
4124364469,ajwfr
4329627860,dlhzi
1005279584,bmavg
5327601131,sognh
7214115824,fksme
7993534629,zloju
4986455805,cheht
8582788222,uaska
7399859350,rrjdu
2458149183,wjmwx
6869613207,vpvso
1694005883,bbvev
4508908240,rlwck
5359977422,ntnzs
7688023773,bygia
5027048941,curqd
4172139873,actlt
2721857972,aeopw
9718538859,gefbp
3479913148,vbdrs
6579218566,stqma
2430775648,pwszj
8657140121,wtjnj
9688838794,kjgct
3951518707,hlrqu
8087742240,cwizg
9045657738,flijk
5615726490,mfcpg
3627453356,lnkhd
2070018806,qckan
7110785292,uttbt
9143089019,zrlab
3335863729,tieck
5144302150,dyasb
8703471895,qmroe
8418642166,nckqf
9770652807,apxro
1362874386,guqmp
5828451369,xehvh
4843583765,njnsd
1191332519,jyluh
3739512212,kxaso
6343218986,aregg
4065399939,tvntw
6968746205,oojhk
7828576519,uipkv
9240189929,ktqvj
7861531772,ctfoy
3009242856,wosbe
8503741939,ipisw
6643453632,dxtqm
9271548561,bldbu
1678101201,wgojz
3083197930,tasdz
4348534115,mhjiu
7865827262,hbtrw
2402705979,ikwbd
5524115868,lwfev
3495197189,mgpse
1744829662,osiqq
1540739212,cmxlg
6604306134,envlo
1524759765,xnbpp
5062425236,szosv
9424474975,eejgz
3762519570,cfsdz
6730004617,qffly
2481854481,obvii
3660187189,mbjun
9708787083,uaiaz
1810314572,ccaqs
7428085553,auuml
3220489650,qwptp
9289697277,xieyh
2661390511,owugv
2329585552,picze
1514986306,ypflu
1950262827,sjkpp
1845867852,rmhod
7183351677,kwvvm
8408255624,dwzwm
3605175865,uwrqr
5946005575,cmvga
1117714375,anmnd
1716463834,ctepp
8852456445,qprsq
7567708200,saypw
8717163986,bihdv
6097687004,bfcrx
1344247609,hkjie
5398360593,qdvuo
2143040505,jysri
6657805131,fpuas
5674803528,wjcis
6961014521,gnfoz
4663035738,nugty
4690584711,vnrcu
4481016276,blpfp
1371778797,fwrgu
3847642123,tlmpi
5619301528,hsfdg
2543001982,hxrtl
1062895032,uhppr
3424844834,qrsrx
9061636488,ncpyr
9110393431,fkzqi
6369547678,yzama
5102420117,fxtsi
6638260445,hbsjm
9533895548,egerz
2838428332,ddoqf
6933143419,uhaqo
1864773329,uuvrj
5028122585,cntmv
9497284401,brntc
6868668708,qvuph
2183136522,resct
4310385709,wqijy
8997161713,fkyzm
6968429816,wtegu
1546897192,dvqiz
8738597251,mxghp
7573040676,ekado
9767261224,vstfk
8750799557,jhhjm
4360641258,fswwx
7142476024,zwvej
7527800252,zbeww
4198691896,jwcif
8422571371,svemy
3959170503,mtnkh
9344767619,satds
3815170059,dwouq
3967195888,lgbcq
1315401652,gsrvl
9612791315,rcrdi
9876785189,iushl
7272833601,wrirh
6865803741,jizie
6876397701,spwrb
2958695444,njotu
8530984110,wonku
2715220646,hcccs
7271515950,yldws
2631945370,qprbs
4035511102,zddch
8136167320,xppsh
8582677631,lickf
6834519432,nheug
4265364524,kzezw
2383232530,dvqjr
3665132243,jslew
3280080161,gyllh
7835753539,wccal
6440679041,kmdje
6298388909,axiob
1761763639,xdbwt
7397119963,wbtxw
6027368627,sqolm
3401336094,itqmz
3463350240,gagka
7415899260,ugdvy
1814199112,xobef
3331129932,dquhu
6114279934,pzvuj
5206744934,jwfmu
6733789333,vzgpx
3902840813,iibih
2383410885,ziuau
1875523272,wacnc
8761988277,hljrd
9961297855,zmcrl
9240624296,wcdkh
5926889087,xnpyi
4330622781,elfys
5890384293,cvyoj
2375390981,pgpce
6512658329,aukdw
9956949891,pmvig
7867526353,ncglt
5835286060,vzsto
6200370174,jmqso
3232345495,vnlpx
1860463186,xykyh
7136315630,dciro
8990039791,czugv
3021841886,aeglz
7007790656,lcrvp
9256507097,obhuz
3156555109,dtzur
1998757799,njipw
2056696948,ivtay
5276510766,iqfph
5106453130,wpqir
1718470042,fcipg
5558763354,puiba
7342535251,kvump
1876301560,gnrbw
9272433564,qniov
4197287858,opvoi
3798753012,eudjz
2391013622,pjltb
3951691312,obfrt
1046221909,byajd
5153042486,njhpf
9532304427,utqfz
9711683256,naggv
5467928733,hapyn
3719327672,foyap
2469938253,varsq
2748475781,gwaxo
7016725697,bfgeb
2530754719,natbt
5130888716,owohm
9658323279,vyfym
3508359350,itoqx
8260783059,ccbhe
2504262349,sjdkn
8436300446,mfmox
2720829417,khyzc
3593121997,hjbov
9628115788,ublno
5699277121,xxmdg
1593016873,xogyi
1920355378,yrski
9831815993,anbhx
9650075051,zslaa
7658970622,zrkze
4684844308,lfmwz
1992622275,havku
3468853629,trcqc
7543134483,vmhcq
6301489345,kqrol
4587551885,cpzel
5097521906,otjwt
9043232364,lahob
3867553061,fxcoe
1638674884,aavoz
8848328260,dfpms
4542017668,mecvm
9279806413,jmjbm
9349594437,xzxuc
3855240795,nvibl
4850822423,fwgpu
5660159595,swizb
5372972768,xcghl
4730577255,xdoil
3311889997,zurzx
7231072709,sgzum
9296423882,gnzux
4669240706,awszb
1629907818,tgbkm
4705142553,xpmbd
4176631497,ypmik
3150217955,swuxy
6394231719,xpijp
5571730823,bgyyr
6747578212,vrpsv
9550965042,mlnat
2024904502,uqmje
2599461843,kcqus
9761539877,ucogn
9422256025,tqbom
4959156082,sllsn
9680100372,fcdvk
5347542869,gyjyp
1935916945,lrvqe
1024216541,mxisc
3851421115,bmekf
9328391751,jvelx
5310157386,jidbr
9117719021,kdckt
5839889575,jonwz
8723162404,mdgtl
2582892749,rtckm
1248968423,cggiu
2691130804,vgghh
8294149573,hsfcb
4205608491,tnedl
8023463249,jxaqc
9647380381,bbyjh
1198587982,hovdh
8255031790,lkbsh
6068686187,ndyeg
3882566865,igrqu
6060881586,wscaq
2650297534,vmbwr
3977314562,pscgl
1898620283,ziojr
6610000110,twpfx
3239935003,ydodd
8288606938,slbyi
1339094876,ogigy
5729090331,yhddd
1649676201,rzpmi
6524195872,xiryc
6177033854,ztngs
5547706919,favig
9044792020,nndtb
2304852905,vsshh
2305473915,pgulj
7052955762,owyat
6065089364,kdcge
4222542663,kwphi
8656093473,dgurk
6682617833,xbgac
2715244751,zkhty
7010646051,jgxzq
4941353614,cwnhr
8999527884,vdnlv
9071639737,jqppn
3237603978,dwjrz
8081692562,yotzp
4783102472,rlmcr
6170710782,gtstu
5866069929,cwoch
9252087257,wzhta
6628322893,rojqd
3536809548,csmod
2906535583,yvjqm
1181790221,kasph
8696965355,koyiy
1709330405,oxsuy
8868267232,otskl
4182809513,wasoy
5189718236,toxkc
7216592363,jmnrj
5151665877,wiegl
4168086987,fbhus
5064483380,nynhe
5847334519,wbpyg
3826518351,ztvlp
5297735398,hmmuo
3863776526,mayrx
5691371452,dbbsw
9738811588,rfuzj
2869876267,ujflc
3234586144,oyqiw
7995389612,odcrl
8868683795,gholx
7470956383,pcyfr
4955657252,zedbc
5502358718,vhkll
9453349386,fzohg
4235524811,yatzd
8564001502,pubcq
4103797819,pzzbf
7465622263,xaszr
4138182525,ybbhz
1149860352,zzvgc
2981919400,nzwir
9808238566,bdhsg
2204927102,zxxor
6502944584,dvzbn
9755384784,ftacm
7138962348,dprkq
4938014245,fimek
8034558957,nrxpz
6228167924,slnhw
5824431149,extib
2583788389,bzxlu
5488982450,tqltg
4159895701,fbppb
1432896276,ttxhv
7198470909,fzxoe
3223800449,sdibk
5143336554,edage
5194099902,kovrl
7499420764,zuhhy
2808684249,lcsfv
6933231580,iwumr
7540508414,oknun
3856601009,fhlsr
2868325507,kqlmf
1323931989,fruce
5631368815,frdjq
2181964344,xmhds
7455649434,abtki
8773463548,dnfdy
2303416012,clgoo
4821123692,vogad
8280138788,scuke
6690048167,foruj
4868162715,dqxgd
6654230328,byimz
7148583270,bykrt
7829948325,vzcdh
6834129486,yhjxk
8640031728,ioyov
6600281598,bsems
8728896468,xhqmz
5191557693,qmreq
8370562545,kxvcf
7973057770,zepjg
2882020374,spxrk
3436044663,vjkii
4124205572,dmvmm
1892743138,yimwo
6367813023,qregu
5382330898,xyuur
5854966579,effzv
8869526909,gfpoy
4705870236,kzrrv
9889796752,wmiqw
2952072339,neagy
4346927906,cdeyp
5324095361,wuppu
7467363213,ntpyg
8820725858,kdsyx
6987757136,aoroc
5837974382,pzwqc
8235365612,xrjro
9072229045,cqvmc
8175789845,cnokr
5979759321,ypncw
3199134592,sgsan
7124277558,gmuub
7093124504,itzrf
9628336199,hmycp
7101476636,awbvy
5340350209,dbrgg
8912688688,houlq
3005192864,mjehf
9242072149,ygjaa
1881008775,qkypi
4541797494,hcyfk
9782657067,yzmwd
9174116255,toulp
4119071455,otoea
4389720897,gxkwc
7660161018,kyaee
4904637309,vsfls
4154363903,modqg
2736707958,tidqs
9867101426,lfrxd
2584048442,irddm
8774641113,newmg
8257303375,dnazu
6570653681,mwjuw
4619546022,ldudt
8384177892,yefwu
1610753701,pemhe
8316144170,jdhsr
6550142153,synui
8533762279,kcyvl
5597192012,ilook
7373795541,tmflm
9838287025,lkqma
9338457716,qkiav
3256993528,hbliq
3543152589,xdbcy
4752641503,upvje
5784928318,tszlf
5464696735,webxo
1500492412,qtbac
3236582843,fwehd
9346178369,qjlux
2502258025,qmyxt
9758298315,eifbh
5879727666,esdpx
1536967683,smlup
3599257062,qupeo
9735222311,alzmh
3587739572,nxxmg
9305274872,qzavx
2551786471,gfxia
3106654060,gadsc
5743172729,thzts
2809039407,chfui
6436080289,bntxe
3187089279,ugyjz
9812640981,onoet
7940575269,naqjy
6606408397,osbrf
4455546404,mqsan
6539115453,yzhiz
4206618496,nvxlj
9176123741,erdol
6432638423,twnqs
2788332544,lvqhu
9208852291,rcnug
7839055657,hbpnj
2394212610,vfffz
7710995717,xiemb
3375437602,fzfpt
7674130738,hbfbp
1461098179,wwgov
3742551908,yrpao
5310736908,shaty
2347465374,qcglk
2703724497,slihj
3774737660,sxsse
4169710736,hkjiq
5631893085,tfbmt
5952957463,iwgcc
5035562823,sqkec
3789052170,gijdl
7684655505,cbbyd
3539312231,rjzqi
9120829467,gqrxa
6617069553,jhjmb
6749873222,kooaz
4370031626,ctcgf
2557620581,xepwm
6656100857,pndzg
2602949769,hpamq
6726903772,vqapv
1308708178,uuvtu
9801193906,hwgzv
1087063512,jcozi
1396441838,awlux
5541249204,oevhl
2531873146,otfya
1866053207,lqqww
2914183107,mihef
4446562271,xyagd
7234051982,yvayj
4962487157,idmgl
1881202325,fvust
8685047898,wmeds
2257486222,rxncm
1048235312,pemfh
3364409249,kawes
7382742385,ufjik
8316428418,tznmi
6098693618,wbjvt
5533721571,wzqlm
7804702759,rdgrn
7231651594,ekbuo
6334787100,njktz
4690548868,tuxbf
6863232525,rxjgi
5703621564,zpunh
9115010099,fqddr
4555050495,djcur
5476853334,nxtbp
9837484905,gjavx
5575448856,izaea
1134397462,dxebx
2665976811,mqppm
5678129171,jjohm
8246806583,vkpop
9805068210,vfcrl
7267031283,hbuvi
1406069760,eonyn
8040363184,dmiwq
4421594643,qvfjp
3793242421,pxxbj
7695788816,hkzxg
1863900153,eljbi
4226502332,kolio
1095344525,syupg
7708098096,wrajd
9284802928,nppid
2481726237,qcjpy
7894603296,bwdgv
4176500125,lulmg
3518494108,ycywz
8362032878,lrqed
1765684222,hfpto
7233759707,usvvu
6383475305,wevoz
9574700112,xkpuw
6513645272,saqsd
3951595640,dokvp
5515174905,nqzul
1117406701,mxosk
7056966783,pvewd
7276819980,gudmt
7203366819,oynpc
6648209348,aymvq
5687458434,ongou
9191611847,gncgx
6118807073,dhtjy
4465161743,glhsy
5894735421,qingn
4394433831,wewzi
5961383818,tpuud
8540632311,qgymf
7515612310,vhztp
6260748926,uwesz
7371553794,csbax
2989915617,hgsny
6282972204,limvk
7418295373,kelop
3595059196,etqen
6361550000,qirrj
6641839827,orwju
6447668565,nygdb
5438873578,bazlp
3252663515,spkje
1334353303,bjrmu
4731122485,qgemh
5067363822,dhnex
8779828407,yeywd
4989698781,vseta
8258646903,avfap
7772576799,gmcsl
1255322198,dkppw
3769850962,wcnae
4827237944,wogme
6741282251,qsesi
6816779066,etpif
5015724234,nusqz
4234024755,hvcht
3244701322,muyxs
8580679330,lrrkt
3777555041,ecpdv
5076176095,sbwlp
4721461784,qtrfk
9879920470,xobjw
5266588193,eyqbd
9873670352,mekya
2129752231,pedie
8225844383,wvzok
7715183844,igjtd
2547846850,iwicu
1775246800,rvhmw
9980887295,uukdh
5873219119,mfhuy
6190217580,jipzl
9720706048,fnryw
5370064621,gnqhu
9019059383,mpmcb
2296650119,mhypj
2570887540,bhcid
7102875027,eizbh
3823855919,lwvjh
5658379151,vspzk
6273289132,oqyld
3090051537,zakcs
9000058946,lclzv
2220091510,dmlmn
2840796873,fiqjj
6124639697,iugxp
5436336809,ctyoq
6558785162,ifzzb
3295926787,svphn
3431037549,fimur
3677834047,xxyls
8425359119,ulrpn
3560771438,pyskb
1482410111,jrigu
6544459497,iqnhf
3437899767,sqvco
2089979922,mlhfl
9163327591,zpuvn
1829378351,ensho
7643982688,spzuv
8893799480,gaqql
6247126949,plmdf
5124031516,splad
8635674674,arili
4155259959,jgetf
3461808862,lanbc
4595237191,slhnv
2986728205,pwyhq
1306222851,sigki
3209876040,odihu
4147595705,uyrey
7158986742,nocaa
7358907378,wzyhb
5487033687,emppy
7868796279,ruosd
4761829489,rnkvk
9494436977,fimrn
8994417394,syhec
3165655086,acesb
6466913576,brtqf
4817487248,sufal
7553076024,qazpw
7350698491,typyv
5204113832,ekglz
9768566803,wfjzy
9432160072,dclxl
7580048165,qlkvn
7048156585,pbbmi
7869694602,dqgre
1770786118,hizvd
5641565153,vnpmh
9293783368,thybz
5625424645,jcsoq
4663850696,bjdke
7802740690,wxjft
6340091938,jkpke
1690718430,brzbu
3649906260,jkeei
7847872048,ynzyh
5629240165,zbbly
7221936500,oamth
3992547341,dvirn
2633609796,ukcli
7739853455,tethc
5530355073,kcxnu
7238027584,gisyr
3755660598,wsiyp
6572103009,chzta
9296069512,wxebu
9893185080,jayes
5432081803,gpcah
5670153155,drxse
4326303781,wbwqj
1879865911,yvooq
7048954496,rvzqa
4208741757,cqrpa
3747623494,upivy
9235054663,mrwof
2127874460,eargg
4861749206,inthe
5764278352,iahrh
6386013293,rlmbz
5353068134,vffiy
9150526113,oofcc
3685140737,qqzus
8298860541,gdwcg
7688904504,zdiff
8813557621,uuiwv
6708185063,mzxvs
5423385548,cspvt
1837253727,lztoc
9825753711,xvyyb
9832860138,obkkg
3114128817,lymeo
9157950956,xqtvl
8579825389,dglux
8133459556,ncbja
3648981691,cphjb
3602213578,vyjya
9333879866,khnpu
4103683050,xdhxw
2509325017,rgtti
1487349069,cfqtb
7378671906,fzsko
9488552216,xciwu
2107948899,hqygn
9140108936,zxnes
5986780575,vbpei
9771220358,olact
6093710215,hjlfo
2339602150,lvtzw
1070304293,ionjp
7166863643,vuuvo
4983676188,qgxej
3219715986,teiae
6645754913,jafgk
2624027675,jtvhl
4713856671,fmwme
5770369908,wgmtj
8035251785,nnvdj
8549607647,lnpgo
6739639212,bvgee
7460208545,zhdzm
7021211408,fgvro
4043663121,tnnfj
4335228179,pmyzf
3987282557,nkiwu
9705222598,nxeyd
2815391289,qzbpd
5454224795,hiotp
5391471955,zoerk
6479556889,kjayv
1531243928,saysm
4825798842,sarrb
3066063530,elgcw
5467041639,ixwwk
6927306675,agfnk
8508419967,ismgb
2230011545,nztri
3381612345,eqfyn
6420139721,bwesr
4716026478,qvrqv
1121874005,wetzz
6793018332,ezhvq
4163448895,pkcuy
7510232007,rpmly
9052638492,zpbfi
9060039464,xkgkt
3992768582,xvlvf
5212859149,ekulw
8010373808,tsrgt
5598496249,pvfud
6155231252,njdfu
6200492782,hqrxm
7380298333,vajnl
7474159576,rjlai
1049045658,itvpw
5727838040,lczlg
5240182235,lnvhg
3045259928,kkbxk
6264888100,wlmat
3187306675,yhkuv
1264584636,itmnm
9275092597,yhfli
6628207311,bxndk
3583492516,hnflz
2645509112,dctkb
2807694029,mfkpb
2020122648,dxvlm
2731389641,pmwis
2117707000,vyive
6581256467,hyexh
8075418249,mgpnt
8466806529,qgqhr
7114906045,bkazb
3721637983,rwowi
2539310208,hvfrb
9079710389,zsmxt
7683704211,jatmi
9312644637,tqvoo
1059009356,zhurb
2564624290,jiqof
2419936973,fippt
9072167475,oglzm
6308777011,kiybk
9452929283,ztkid
3160317089,vbnsa
2295144195,tlkev
3213521006,xihek
2096907348,qroqq
5086231474,vwzln
1922977565,zripz
7321041505,hwymx
1979515709,kixrg
9726193039,hddiw
6402735313,mcuxp
9923560211,dmjwo
6622489051,shobd
3429729505,qlajw
2192568632,ytnqy
5691077144,fnksi
7162180238,uyggh
7010965720,wyoqz
4964368354,fnugj
3736115585,xihxw
9545945528,japet
4723968002,sxpic
5465037989,exqcl
2238543950,xawzo
1757522901,zrjnn
7127385058,eompl
3986896870,igcom
4144920089,pkxss
3809172105,kdwyi
8242203332,sdhul
6246243103,whkvb
4903605611,yohma
5824916441,keewl
6461881429,xfbho
5236107407,jaouk
9764331149,wqlyl
6943163358,vkgmz
2419210168,zpdlm
7910872612,sldku
3744339743,ptigi
9778811841,izzlj
2978222026,arjxa
6270500083,vehnj
2501938404,meafy
5088191305,iwcqd
1975368935,hbciu
5494245309,lgett
9320019163,wrwpj
1207315524,nockk
5324495135,oaamu
5975376110,zjcws
7109320255,nykqp
8508713363,rkwam
9835873890,flnaq
3727428710,munnf
5600816041,nqttq
5674739461,slkcq
8415266855,sjcme
8935295801,jeohy
2389689903,vgesg
7671619782,rlack
2770415990,xmncp
2500594663,oqvez
8529284543,fnrgj
7054163710,vgupo
4832843230,nbbkb
4284518005,axhhs
7324046595,jflhg
2078308150,zbviw
6386052387,tshji
6196016355,njmvt
8813093649,hzwck
2333822631,najot
2768874420,kzfjg
8568008493,wsxyh
7120805631,uhzih
5813366271,obous
2748326991,btyjb
1330132302,guscw
2604012316,adwlo
9144907324,htsvk
2428760686,khzjf
6153401858,eutue
4960207133,eerqf
4961317525,qrkop
6702730767,ybmqy
5750726225,yggcp
7538353511,mpymx
8558828928,mdilr
1272765068,waaug
6084928267,vecvk
1832198777,ewvwm
3389176352,tmoqf
2708099751,tkbhc
8244824518,pimte
7451731895,pymfj
1995347095,qeviq
4095867667,qkwkq
4603725478,jiobo
2560192327,pxycz
4140010729,dtwnb
7992550010,sttci
6995353356,wbzct
8273401597,dsurk
2323992958,eubwu
1384624420,rcqmw
9975366478,lqllw
8247104435,eeurh
2825397410,pbkyn
8371737302,tsbeo
6755059878,aaewg
8295608755,ygijw
3254849102,rrsoo
2425525875,qpoix
8032865382,cwwkw
7265569081,jwyls
8909191191,eymol
8391388651,chipi
6820812646,fpibt
2048457310,gqtkh
4998341969,hftoh
4456998311,kzeoz
6902836179,kkxbm
4991457510,zfawa
3194229000,irkkl
5846173605,nlaxy
8616301890,omonq
9229663471,igsma
2319256497,eeudg
1499780089,czfri
7260981404,tryew
2941678273,hwmln
2113056799,lzabb
8120925314,vwdgf
7621825167,lysim
3206124948,jpadx
7632666304,wjgvf
9818298493,lggpc
9438125669,vdgsn
7100566759,bqgro
8424763148,qumfm
1778935467,ysqyr
7115817364,cminb
8719983587,gtvki
9914559945,epnkr
2979065302,drwkj
4757169078,sipka
9325904854,dmiii
7159356473,fiiqt
7369498875,mleik
6186920250,jdvjk
9158895426,logrn
1699960856,btruh
9795451127,zllhq
6154481404,epkyr
3358151458,voikl
4266676276,weoyz
2355771119,iuxwt
6479520500,dtfbv
3467853398,khxrl
2163893331,umbax
4807727955,kjbec
7770160325,kltas
1209541914,vifuc
6723389007,qwsta
9214891320,qlhmm
2162805662,ltarl
9827639779,kwibv
5399091805,jajra
3289875564,jhywz
6860633633,ronwh
8149195649,eeuer
2944795345,pvccz
8340180935,ypqbq
6436271565,kzyin
6158594124,xyssz
5079345953,ikelk
3302153294,xfgbs
5238358218,xxqfl
4267637248,kktwa
2129785708,odnna
4831343333,utito
7353205611,rijml
1684623322,phsms
5224975245,mfkus
1917012435,pughr
5879580577,zjqzi
9948663439,fknem
3545887107,kjdcd
7352765115,ytlkq
2852085421,dbmoh
7665086855,fexrf
4359777389,jcidm
9760306545,zffvr
6954980258,vqbxf
4885847173,ikpwo
5102180655,czjhq
8532457072,yutky
1533161025,unpvl
3709226848,ahatp
5207915580,gmlhp
6718097615,emhwg
8171794700,fwbiq
3563659878,wiyoe
7392723621,mgyvn
3681082103,drxro
9814959798,xsaig
3842222240,iabsu
5148071102,kphio
6147448807,oihic
1713419662,keozy
3834222763,tvdnq
7028393757,epeqj
5048838066,iadyh
4937080009,gxfha
5059845787,lmcvx
8580078214,tlequ
4924078114,cedhy
8361242194,nejck
8856922962,djtmm
8928062531,mzdnv
5570701169,sfpuj
4024024092,arduv
4978570562,glkbf
8119137761,eyfph
5850240586,wwefu
1337513757,oswnt
3694006343,bwnij
7112348005,uupzy
8898952944,ephhz
5727215171,fjiva
8436860005,vtlhb
6040059191,tonxf
4821551914,ktnmn
6979235799,yetjj
6860837636,ofxjo
3330470783,btjau
3063071891,bfzub
3524222181,zvkpz
9341577226,ropim
4625715328,ukimy
3327411714,kbbnj
7926968759,ftbwj
2822237875,zbsrj
6817823536,nnqbg
1272807033,mkcuu
4222975451,ecolw
2830726788,yrlit
6675856401,tsroy
2122792942,hpwzn
9761989461,wwkce
5400574179,ezuzo
8060752676,upktl
5542001878,msyhk
3817300900,ebqad
5909291591,tmvxs
1187812393,hmpmn
4094548652,cnovu
3634874520,mvffn
1562251237,qapkq
1176743847,vumhn
3667133841,brdfo
7590902210,buauh
5246512171,fzlsd
4424331207,bgdxu
2195787796,oqdbh
6339838499,zvbah
3201148382,wfqdu
4240067078,firpq
3428854370,wqszp
7008608848,ebyty
6569903637,kplpy
2436908604,esifb
7245598615,dyuvk
4646287952,lxsdc
8842833969,xjugd
6025322091,rxjuc
4324519331,bcoyc
8153343967,yxtrq
7822388260,bievb
1847151517,efgzo
2179546056,rdolm
4498961178,ecxry
9277498569,qmbsh
7821900709,ogjcs
1379491137,prplh
4000961773,tajlm
1008743317,hujby
2167686520,qhcos
5615364124,htbzo
7407746867,jogld
8942360879,djnla
3319159572,wvdzy
9333782400,uovtt
7810221882,bvqsh
2994808617,qycvv
3388489956,enckt
7065947400,yypep
1639688928,tmypr
3181019895,sfmxx
2131948365,prqap
7016860194,fdkis
6140800517,ggkwm
6142713485,xeczn
5143233219,ubuxb
1668966948,hsaoj
6282529152,jrfba
7443880456,cmhug
1132120757,wvrgj
4192811906,cpqyx
4008145271,kxqux
1052357855,xyuxy
3622202846,xqahk
4985092864,jpzfg
6059020643,kycmd
9631314994,cdcxf
3013859650,auduy
9101224691,syhdu
5354610673,mbgkp
2324428694,jcdcq
9080341995,tnyju
6686663826,olzqo
1366107711,slbqg
4383485556,svbra
3215429046,ikpgb
9497930221,jnpae
8607661926,eeatq
1949447707,xlvcy
7361247571,aezdz
5195276671,fhjzn
9187883825,rmghh
3098240120,oibxa
9374947777,vpxss
4912376527,skbtf
5959357404,nwaje
7539376744,gcvjm
8826943987,jjegq
6817409608,bybwn
4742133998,ipzvi
5251526116,gdywv
7769063017,iuono
1073717398,thvay
5071674724,vdrte
2076780006,sbkrt
1904200943,uecfu
1674210707,hkiab
4435230428,oakhu
7684116830,nigbc
2517538877,thien
7947066804,ditrs
6058683689,cmftu
3423301261,shvbf
3241281610,rewms
4473062670,myzbf
6899251710,nttvw
3131626057,iomvh
7592048165,ghbwc
6034606670,mbtbg
1465257869,lfuvf
6246817380,xwhju
7623606002,xzwhx
8829797636,ihejv
9167811813,rnjub
7296148796,lpwav
5357067397,arquw
7656049641,xtjvf
3327775613,ilcne
4582042958,lvuou
5084171661,qddsq
6402640695,igusq
5401009870,roqlc
2281307415,xwgtm
1304412203,nrnrp
9172287228,haowq
9309070655,ukvka
1393021554,ccbjq
9766639702,kkpgp
6449954708,nfozd
9453597771,eiozn
8588656418,ppyrs
3532610275,cyckh
8767079969,qpggl
5124702296,mvoyh
7684580336,rekfk
8325149149,exinu
8984785325,jvtwn
5623746662,smmgn
6973923104,lvovr
4094201188,dlgfh
5115922289,nelwt
1503123132,shacg
2836525843,cuedk
5052662262,yjigm
6064479495,xmejw
7641512906,btqjy
2426369469,luhjt
7199049704,gffoi
7931516417,bdflg
3428917171,zgacb
9532267983,yvmvh
7551312154,dzqze
4805491617,oqekb
9939867390,zuahr
3115207437,ouctx
6022783741,cqayz
6242055566,cruyk
7180795114,bboow
9391330836,ircce
3815748276,wlvng
5227564106,pfnfg
4801326506,xuxhd
6064174862,imgdi
8873668333,fcprh
3973370958,skruq
7905028025,szqtn
9608672119,uywax
1186634003,yhgrd
6711087287,jykya
4190534481,oqkwv
3937895978,ivejc
3730184364,mdhso
7506785239,cahuo
7986623361,okyey
7886510625,yunwb
6160753807,wnswe
5939788105,jaecq
7789126016,tbqjv
2726136776,prgss
4279481243,akfie
8301865735,ytpwu
9135060968,xlobo
6299698747,bjjuj
4267349632,rfbcb
1686203449,tuglj
9455225817,yyfth
4564049392,citbm
2530527073,jksgn
1192358780,syodl
8510616690,knugh
5657505980,lvwcm
4971196391,ncwzn
6389702263,etuuy
1472612654,dgnvr
6550452235,kucwf
9324442822,eykbo
1700232341,njwwe
3714456171,keefh
5306131360,lixci
3255779508,pklpg
1330237386,vzxuf
3649622631,ivbzv
4302691142,qewna
9003708177,mndxz
7537968732,lfmjz
7986267484,ciehw
3518911116,xnnxd
4414046034,ntxim
1573874449,damgx
6491507764,gbfzl
4953782579,puhxi
6460106075,wunkz
9487392180,gljvo
3647838793,jvamz
2702301150,djuxn
2792110561,vowlj
8119484269,fpcgx
9851704058,borpu
3377381758,wnijo
3768860494,bhoew
7194470268,fuaib
9817668658,qqyzt
6726803150,myabv
2072825764,zgviq
9642246584,ctghi
2456307790,ffboq
5147710988,ejlin
6627699879,qxosc
9318521098,ujxpm
2320625192,ighoz
8205607034,tgbfo
4888809931,brapm
9367355218,uoomb
8804186150,khzyh
9990362049,viqjx
3770254489,etioe
8767972896,sxeds
1583457151,nmppl
3020110480,afucm
8203817881,ngchx
7689716188,rcnnc
5837872056,dmdaj
8678345704,dkslz
3765165225,smiav
2769520482,yetyo
1430210371,mngex
3717975312,kqyxq
2982126183,kdpwy
8303700443,uwjjm
4046061131,lmvzv
5072960247,ndygf
7559468691,nrcam
6655404745,yjswe
9300314587,rkeem
5480477896,ceqxc
3506171417,awhho
3111094098,statq
2796188448,btwwq
4259640379,yhjjt
8679445099,jkwnm
4465326364,pknhh
8519959683,pbhtv
3485123339,lviaq
1072715603,libcs
3780782325,tpblf
8120717668,dpkym
3550262239,iwgxd
5757930057,tsgeo
9847142065,ixjdj
8128416738,plzlo
2124189964,umqka
9540099892,nbgyh
2296730196,umrgk
8394587403,mkzhw
9994842855,kfgtf
5146126393,zgjgg
8549746754,rvnzm
2292801222,vcbku
7163222440,jsdgy
9280257594,gkfjy
5515876867,tbfjq
7653035023,mjlwu
3296227092,mlrcw
3024248756,lnwiv
7025789963,jmhoe
6175113371,rzofs
6079925726,qctjj
3516622459,qszft
7588612672,mgvhf
5208124462,abqqf
7218457204,lbvkc
4493765044,aturr
4750312684,sichw
3982448262,bqezp
7620796351,mrrkf
5253247501,ktvgh
5351562245,iejbz
5888730338,jaaph
7247556227,tpeqc
2056721092,ckhiq
8537696207,afcbh
3946562378,fsvnz
4346853630,lxzol
6541441483,hsple
9353807339,jipsd
8853313079,yesqr
9418817307,ewiqv
9035750714,rdofa
1593946609,hslqh
7372533229,operr
5296890668,xmkec
6539459356,dlowo
5570112433,ontjj
1577370879,xiaau
8092600728,bckct
5843471547,fapyi
3248070954,gyygr
2607538477,upnys
3124479317,vmxdz
6687162025,vceht
5796872396,zrjle
8737704087,qeouh
4505485356,uvnjx
1292392010,uvkmr
3487521575,fyhdp
4480002278,ivjmi
9694421711,cufxs
4491924711,giwtz
4274038326,aheet
5849193564,resbo
5602507426,rowvr
9649446869,fivgb
3597354644,bxhgt
4668683440,jdibv
1287193095,avwpa
2847130742,qiauy
6101439165,hbbev
3707933480,etscz
5127561437,xwtri
7383231156,towof
7009107514,mmdub
1622941226,bwjdr
5240592070,hwsrb
5095947498,nzync
7093573437,eqwym
2043009309,mgwqo
2087878091,bzmfz
1593440409,bandj
6097693746,kfspr
4966482695,tahnj
7372364078,ucnkt
2554313580,wwwbv
5286402123,uwlup
9422575793,wklpb
4897419010,hlmnh
2285400012,zvawt
6269125027,yorhh
8834876220,lnjrb
8836876139,sobtk
9858021631,adjpp
3489133869,hhqvn
5082876691,yvvzf
7857022300,jvrry
8929610213,atsvz
7037026523,rxtye
2119154141,vmcti
5196757475,syslt
2073283438,umgrn
3826972312,dnieo
3197870041,omwsh
4190242903,idmbq
1891331350,hqaba
3579266776,qqbll
1613237830,wnkvz
6395209658,ddmak
6067315554,fjffu
4623542494,uweph
4876341362,ftonu
2246224537,lqqpe
9157631734,yjcfp
4199446044,ywahy
8912698550,kgevg
3254488682,fgjoi
1834092803,xivvg
4702036979,tokcv
7730284064,droaq
4074634102,tuzho
4604208195,geyvo
6672830797,isgrh
9040436949,vqdsb
8978230185,dsqao
7115331438,fwbar
4905373112,ciory
7313865410,rjbwi
2005453929,yuwbm
1667720894,mzxul
4535329871,pduhm
6886104373,ozktk
8195373982,tkknq
8338621667,ygcoh
4407412914,bnozi
5195244823,ausyf
9435333385,rzsnn
2979296092,knczh
7891830832,lwwpf
5292487629,arxmg
5119234973,nhdcd
8940856550,twera
8615352846,lmeez
4323961336,vqqnx
1548293482,chsbz
7530205993,pzeky
1190265231,rsgpm
7744831987,xnlgv
3658085538,xssbv
5993596774,engij
8203832092,sdbdo
9852856426,rbkio
7763348455,zqbuw
7922348746,awcyl
3502377173,vrxup
2852548390,dqjnm
6753794560,wfotb
8866448601,zewxu
4588192525,nszrq
3193990287,nthgj
8400303769,zakgm
6625557041,owqas
2217723828,uqxtl
6736815805,mwjqm
4284575395,umncb
7597356020,dqcyn
9501704829,pjizi
3354447003,bjmup
1622742819,qubbj
2616008217,zjykb
8869374526,bkuyi
2503008380,ilrib
2413692977,cubww
6099652238,isixo
7460517651,ognto
5749220147,deueh
1529605106,khtzk
8403104225,frfeu
4632314663,fnouu
5928919619,eflpz
9045715852,mkdfq
6363534394,rpbyb
1248019930,onuoh
6559118590,apfop
7614743348,eafrh
2925441481,llvmo
3326750431,sbqss
5472802367,xgckd
4076927426,elfzw
2593220295,npcox
5174767556,zcraa
7089646667,caqtf
1517340866,lskle
5969991044,wxkvk
3842338648,ysyys
4267121752,tgfuy
2321615182,qssut
3885082944,dinlh
8610363393,sssqm
3412478515,dppja
1206498058,gfyvm
9157209004,mulob
9689037404,pesxh
1645394104,fkazs
3157669613,xdrzu
3010092025,rjmce
2214756087,mmqft
8738199947,iibxx
9007589725,xojkt
8044527653,kbrzm
1121340555,ogmcg
7117974300,vtsza
3347050178,admnc
9874292275,ocmpt
9999331160,fexec
4066837597,uhoye
1449408674,qvqur
4828893748,jbhif
2991915406,ixzqw
5947829946,zible
5408264628,edenx
5683260094,ewiyw
5978099170,lmnkb
7957618139,xgxmg
5589542235,fymvm
9167355551,hresw
4249332533,cjemq
6907194504,ulaah
4364785649,rveir
7017632356,dysrt
2397933885,qvdxo
8841946080,tgvnp
6287356464,qeoyk
8396542688,cesse
3860569145,twwhn
3493587884,aokbu
7536650810,sjqtf
6324246155,lefod
8048809253,tkkcr
9315171434,agpab
1125733752,hpzri
7062487006,xqyvy
8932161104,dokzu
4603874717,qjjoe
8241762783,ujhkk
5478177750,sxlbq
2282212985,lntby
8659625729,xzlvx
7841300705,qkrhz
4803442090,wzlhs
7009221665,slswi
2825713660,gkxco
7386450773,mhoue
5042472500,lrpcm
7191156474,ffanq
4106763237,pyyao
1831033562,ayago
3869304652,mmxoe
3789009561,bykid
6083233631,rjoqf
2172407528,pdvyb
7633036558,ziehm
1976625066,jhogp
9093305323,drmhp
9470374977,icyuk
7039176418,gxogk
6580469491,zljwl
5906061609,kvcrr
8986798989,osubi
8542717350,rznsy
7748741415,vppqw
3825790341,hrmmz
8045396574,hfdzr
7138806202,yllwz
9857021294,adllt
3753100531,tbnka
4996066783,adous
9572901080,luzql
9379376892,kedmi
8629733955,ispzo
9060200405,ifsrs
6899236931,ujows
4796746296,hqqwu
7794478161,fxrhj
4183192361,hrxdn
3054438535,mqpkx
1524578698,witeh
8138992716,xsbbx
7594446354,wbmug
2295657965,iyixi
5220049484,ampbz
8244824684,qsnwa
5229883913,gyymq
6216666979,msbmt
6422644905,sdrio
3298381439,hqxvv
4182823171,hjiyc
7976044877,wwhpr
2025221444,dmslz
9372401514,xfwoe
9070792277,ndoem
1218943538,ngfxk
9301837755,kfblq
9180318277,qecjf
1394259611,jliyv
1274884254,qpscl
8544029064,shlcq
1738853162,zsqfj
2026063263,nihdg
3900894613,teqsl
8354175285,ruelj
9065049623,vnxrz
7847656900,kejua
4470948248,whjna
5454031730,ybfci
5530678184,xzpcl
3083022785,xrvso
9341255877,qygdz
6699087056,sluxc
6651154925,gabhn
5137581374,jupwy
6871775047,qgnsh
3237749439,rklqz
1225989568,vnrjx
3285358732,vetcg
7488638781,wfris
7483300383,doigt
4485942944,detnr
3261238039,vakqw
8652973510,pnknj
5541293341,dhtkn
8690209155,waihu
2031224064,adblm
8855315592,lnvfj
3884594923,iwwkr
4024160230,ahrjq
1037284653,wsgob
1020157874,fmscx
6018681785,zrzav
3686766458,pmglu
9073557033,bqrnk
7870854367,ytoff
3028855582,quxmj
6716332401,lbcmz
1180813389,nkbmk
1924624884,ipvtq
7601233609,fdmxs
1698165752,blklv
4293141235,xxjdv
1198956524,yxaug
9805734077,qsdnt
2668833627,sgqez
2350676200,jjmtj
9822684868,xyofx
7482981421,mfiuw
7485070834,bfmob
5789221144,bffir
6947235352,ajpxu
9051577310,pxhqe
9354403098,uwqot
3245943426,llizi
3157822944,cgfda
2863478717,xvriy
3611858299,feyjp
8168003602,cxywu
6242912255,blhqn
4240528952,ilfvx
4446639176,umemt
9119795129,dhhwk
3349076111,itswt
5644452013,qtvas
8709994794,nvkvz
7379184500,wnkyt
9863746519,abfov
2815189705,ncwqd
3515580234,owvgp
1830959845,xjmmh
1395436298,jmmvf
1737051714,xwoxl
5880170589,fsjey
9914601828,vebwl
6727006369,pjtms
9944047518,prkta
6742162594,yyflm
2785224447,eaorf
7399808277,fszqx
1030690237,eyujn
6856315726,rnqem
7013580182,vassa
7015598137,wiyfa
3566974275,jctmv
1628513757,djmbx
4053054757,medtj
5098535430,rcgzu
2485196092,wilxn
3446462171,vefcu
9496859384,oubwx
8523354806,ursmb
1136192874,hgrcs
3518920118,mtlik
6528992649,mhnnw
3771260249,ihzkc
3931892414,qotsl
1891116969,rprfs
7917508466,jibwn
2293119500,kgzak
5765810201,xchpc
5858104868,wheua
6497805007,nxijm
6940173871,lxiwl
5530590883,hqzvd
1995218783,uoviw
8708854576,qfflr
3899238268,vvecc
3814627789,kwfhu
2352402357,sgkau
4285278169,roapi
6517430352,mqgtp
1466144007,nugpl
3281119975,sjjmn
2780989755,cnhxb
9596703472,fakec
5494459300,dsezm
7031506557,aarvw
3824228745,wblmi
5871931421,fdnkb
4147876683,mjkob
3049793195,sokyl
5872329959,ssvvb
9387768201,kblwz
3968481778,ydsqr
9685828315,dgqsz
5467628779,isowo
3167320539,ljsjj
6999327153,lzajk
9729210850,hkovr
4252308735,xdqrn
3641596429,mbeej
8411814766,aeqzm
2445180324,tkqvw
8705940534,uqbii
4847453867,tbogc
5684382407,mswcm
6995532319,kudkq
2834560483,eckan
1779029160,zptov
8038926383,lawqr
6918847631,rfybi
1677413885,qmzgs
6941037259,gdmqa
9751285346,ywjnk
6885138829,zdmbd
3509696797,ldten
4021989095,pilgv
1269782333,bgund
4638291573,ogzag
9451874367,nclal
9365948318,lxpfz
5136470044,ezokf
3655397701,snogj
4795638502,cpzxh
3626104870,zpbpl
7701886978,atcrt
2995246131,elyky
9009944827,cwzyg
7948876874,nksmv
9575055543,cifsm
1915841857,veddm
3521195656,tzmjc
5377940350,nwxgt
7855820292,hxayn
9774164098,vncoj
3254265355,snyzv
4514346932,phkaa
5614595542,vsfha
2408926092,bkexu
5388539426,ityqx
7709280257,jqbte
9179851085,zowaa
3543090487,tffns
2941159622,cfgch
1873844660,zboig
4559590304,fxciw
2818960872,uobmh
3195147116,myxua
7370871837,abdje
7953892730,rfpsr
1177097327,prfax
9953657657,atexu
5245362668,dwyqk
5392923356,fugnz
9266635285,gstru
8265672164,lvikl
7541725165,mkyye
8940374250,ienbe
3346833006,vtbpb
7234122287,hrzjg
8990233386,iaqom
1536522588,rrtwi
5543313436,etlvn
6200992599,qrcho
7221055832,qzcmm
5727394798,wzvqd
1805672801,mvfxn
4925377659,pueuz
6084004503,cgqfp
3976958761,enwph
6211187207,yenwc
8447082007,qmqfe
1658920821,dknfy
5760589743,yzkqv
3219028967,yfuos
6418248150,smesc
6922574683,ognxm
5790968707,gbdla
3707733603,cfvcm
3354328933,mlrec
7213633790,ceedm
2585165953,bgwmo
9396590512,ccgaf
3039165267,vwqzg
3765869616,juyvm
3310306608,qifqs
1172624117,xggus
5820448652,uzdua
8835370898,jzwop
8533091866,cohqn
1074560309,surzt
1307278039,hbzjy
3687072884,mdigz
3237604721,fwyii
9898940984,marfu
9045680000,lfmtv
5104773059,oevap
7943409386,dnpgt
5543464902,istcw
1979042339,fbxac
7041273389,wmtbn
7652435834,rdawp
8859124769,ipeyg
3185290753,nokni
7691369388,lzmqh
5401707827,jwiyl
6271191322,nzifd
1663027162,cdxpz
2455351595,shewa
5653255817,prtix
8212976479,zknxw
8260678029,vkqlu
8805191426,jvoot
9406401878,qwgml
2509984376,tbgpd
1414436003,fxiuo
3133924231,cbkvl
3980425258,tvdhr
3986331746,vrttv
1024383009,ipffy
8162191668,tkmky
2201110903,dzhzo
2351837445,ellvy
2379225302,errku
9011606027,benqc
4851010349,ucben
6498087488,mjicp
9661319603,ikguu
9750273783,kpopx
9922728613,vnmga
1387602705,ysmep
3553506677,uzbju
9264154763,avjai
6878483692,dbhvx
9747665759,kqyqj
8124408272,kizxl
7028408109,skyzd
8954539350,jlhfd
7978315487,aacat
8625299247,pbhsd
5649879015,vulps
1894718794,vsimd
1693416066,zwqyd
7639048683,djkss
4076748787,sfwbs
7776815713,qwdds
1580533428,ibiqd
6325958394,msyga
6623390431,kzvlq
2963417063,dzruz
7849268276,myyok
2544110443,pvwet
8303457871,uciuw
5790269478,ldfvx
3703776464,goyac
5941705671,ubkla
5768065004,nyjdd
1560983148,fagxz
2500941352,wbryi
2280827194,bmabk
1243844694,nnadd
5838987708,yxajm
8379929693,pxyvj
3529741700,jingb
3465472072,tbzhb
6437293990,qkzfr
3394715701,khotn
2697624537,scswa
1010764749,loadz
6945132178,lpffj
2321023117,rotfv
1203189874,spkzh
5595594154,lcrna
3483516020,tylmi
2992996204,paoso
3113751337,vswre
8217534223,yqrat
6376875400,jhjne
8096051248,yvndx
3799889939,qfmvi
9201804397,ahbci
6409218590,bdqbz
4914563202,czsrj
6172918173,izote
1237228162,kommq
2926195472,evpum
6591173967,qnaiw
7915373093,klflr
9463800664,mdfjl
6396584108,mtvkl
7706532858,wkdlb
4707705410,oktxn
3512186371,nobog
5403134910,pvflb
8778965688,nldan
7285931094,sgtpk
8103077161,mconw
9378190182,mctfy
2374739264,fnenu
2497786944,ptayf
2637447184,zxokt
8641949845,nprlk
3456285572,uulgq
3056140785,cpsng
3355332323,dggzx
5649262461,zpylt
2985079196,gedzb
6902516954,coxch
1162059210,qbwza
3282139664,moskt
5388247852,ydfrw
4958654220,oxwka
1456115702,fhsjk
1498421087,wjuju
4939643903,zappe
7097516409,rkwkb
4769217779,hsivx
1199045558,hfdof
1224157000,ihzyq
1112532855,awloc
1943258839,whekg
1291430153,lprcd
7034756166,wtqwu
8329965463,vpipo
2053037657,cwsqv
6598113131,obhqn
9304947617,efyks
5848166953,uwzgt
3965184999,hcxbc
5322043877,yrnsv
2808777466,fonfs
7178723184,sszld
5394041916,srbch
1059734696,afgxe
6384285825,kguth
7546004226,yfauf
6100734821,atkkc
3712942584,yvtmp
4800991200,lzmjj
8928452771,bhuxq
8906184838,ndjlx
5931944764,afyly
2060108630,xotsx
8579503232,yubvs
3232980581,nreio
8660158446,vnwkj
3260014851,qxdgr
9072113253,zkryq
8860075907,kyati
2590981772,ngxjb
2172536699,sionk
3330655726,ojyfz
7159605134,gwjww
4772053121,mofxv
1455468545,fxgzj
9469277202,ncsfr
2608516222,xywqr
2545686852,dsjpz
8259825246,nnuro
5026271846,aavjj
8628851703,bolzi
6183931411,xyhqc
8654194683,zspbz
1225315713,dyzpd
1168158885,hdetl
7601160342,ygdvn
3447950647,mjxml
1352387174,wtgyh
3177056573,zzcxp
4507959480,pzkzx
3143581552,xdbsy
1592716335,jhcki
9673504541,whhef
3655776701,lvhwt
5614569864,gxlag
9359239039,jpvnq
3225065724,apfff
3816825271,rgtiq
2902088053,mqift
5434712142,zzfuq
7383565948,ighhl
3444334579,usgvs
6210820151,wzxvs
8456645192,dvmhj
9315265180,tdzzz
2766383729,tbocn
6399131226,ahgvp
1713048893,nqjko
3277908887,cjexx
3522664095,xomnk
1388548889,bnftn
1051961901,ifibp
1570194273,zvvla
1798092022,ncmis
6786727190,penvf
6362886079,nzujh
9114244370,ktfbk
4735647964,zuqoi
9107789120,ddboj
8234340791,vgtju
8021313443,wnkyi
1373184042,wddim
4210083798,jvboe
8313789108,qxfih
5533892062,vuvbs
1584193100,oglns
2836034764,qxoyg
8348083952,xwqag
2486271799,lneyy
4911463975,jezod
2812188694,qacav
5880046544,wkkix
3369326692,muato
8604494624,dnukg
1048477613,ohilw
2832507486,pwdko
5649129751,hyjvv
5279851494,qihsj
8676513616,bwkal
3578250378,eenst
5928645685,vigjx
8395791583,wbzqp
3410334055,yxzqh
7410514740,fzqpy
5730746343,vzkxa
5418098871,fnoem
7987929845,zxlvv
4413986874,isdto
1937924538,pibbq
2216144649,nieab
1676488819,sldju
4421528619,xfxbq
3253792400,bjchp
6515650123,ahbjb
8204541617,yiumz
7742524721,qndbo
9596296924,cmcjr
7037041555,jjlbc
2583032180,dcexu
1195827374,mlksk
6312105383,ahgfj
2682958693,ktwuq
4713517868,lpzbf
2688792742,uhmsc
5541426137,qoxbi
5406738186,whgfi
4884337870,gunoq
6367547591,pnyro
6460539856,cdqke
4876517699,xvlvj
2201278493,yceod
6199814404,aktek
7883319425,mcvjd
2441033282,ukxee
2125408930,jgqwq
8917669793,jjdqg
1082926322,evgfd
5440282938,mbrxq
8590144427,qmhro
5563383063,ihdqw
3655265301,hlqqv
1414811510,tcwzz
7334621348,kfeul
9294113011,iqzvl
5593903799,uqdfo
4534646267,lyjlu
4662179894,eatov
3111254438,jhjzk
6655606007,hazsn
5703117410,kqkcr
5762967138,nfrtp
2443417757,gpzpn
7828189321,abovl
9311410483,sgpgk
4215521452,vnbqp
8108565840,rloiy
5490931858,wjyji
6941684615,wgddn
8773168376,bkpnm
8370316898,zrfis
3194196191,fhykw
1144669811,roxwx
7410327053,drpuc
4562620911,pjtkf
8451956078,lpegz
8141104628,mzgey
9201387967,wlqgy
7788399715,ycgmt
8455293303,ozmys
6107517269,tebax
6788613109,gupzt
6246680277,xbjxu
3641756254,fobsq
6784001595,bkibt
1764880976,zcafo
9264074643,adali
1622939313,zehyl
7556980471,lqlrb
3570712089,ppmfp
8395227147,mxhji
7181151952,mfrtq
5410751761,zwqdi
6188030624,tgtfo
4191083174,uoisn
1071395829,tvcsl
1189308437,iuxjv
2576465708,sptfd
3526851953,oippe
7905458913,ztjdf
4353324813,kzcal
8760967069,yfuit
8592400327,czrxc
1181337556,whjmr
6791868563,caxex
7207227096,xxfxu
6198121911,zmynq
8589983699,zwrtj
8768642194,llgaw
3980909573,nlgbr
8791176399,ttomh
4123905542,dspvl
1003368123,qxooj
2152047912,pedah
9749132201,wbksp
5276915581,ingsz
2181465462,cascv
8435718783,bopao
5365735505,cguyz
7874180074,wmoyb
4135118388,ciiyd
3402850949,ikmbk
3448394397,alkro
1247651479,pbxrh
8405857797,enydh
4223010765,cllig
4012755642,hiptf
1084748131,qehbv
3358893821,yqceg
2178923980,djlmj
5638285321,lxzms
5291912277,hqvrd
4544315646,jcfmo
5307992958,zwmpm
3258300453,blhff
3349631084,zsbpr
5764226597,nbnak
2710609824,vjcxc
5250526606,iijxi
1687091200,bynbl
5868185599,sfcvp
5147916858,vcxfy
7487390257,zumrh
8128496921,itxat
3097214237,vnlty
7957685515,ktsjs
6969386204,olved
3853354563,alugr
9869339293,zcdub
2334612679,wasmp
8542941268,fyoyv
4347802284,sroix
7853263865,xyygt
7450951411,ikcwb
5983227590,zkook
9697204772,dakxi
7155419138,onwln
9292667985,vrqmt
6720172884,iaxjy
1648556037,rwepo
8094175203,pwwvh
7587912919,gbtfl
2845375307,vzczj
6199906302,mhubm
1062835365,sstgl
1676956902,dmcsc
3217392373,tysoq
1197911209,xabdv
1140426875,mbuwh
4740763266,ouzxa
5990366539,gscil
8855814701,grcsp
5405448567,ufzux
8818074013,mznbv
4049894426,yutzh
9003772398,bcykj
7407864995,hmxuk
2474107563,wycyd
1440853577,rqazr
7138414741,mmgvz
3934974135,cfbsx
6754329674,cwgqi
6350954202,guahg
3770159292,mivra
6039202414,qmmvn
4009617871,qtwuf
9805168889,xjwwg
1353589569,nsyjh
1767851327,jtkre
4508949915,iutle
6056466390,vhxpt
3556946224,bixza
8380807305,zcqcr
8610940503,xfeqm
7902046016,idihr
1028165722,fmudv
5546369987,scokv
4929297203,cmenc
6381046059,dyrdv
3466783242,ircwq
9726825655,wjult
5081002218,xdvle
2024044990,dzehw
1599235648,ijgjj
9645371742,tgddq
3426232107,wuzmm
3950982593,kcaxh
8099243914,lxotx
9060770879,xvurb
8738102401,svjwt
8747164704,zsrpl
8059350915,daekz
4517852514,draht
9050498760,ebraa
1313626876,kbgbg
7395906281,tunam
9057301896,goivo
9586510297,jemjq
6359575744,sjikk
3504948100,twrzj
4295818030,pbgso
1051039597,apnzj
8838106394,lsmzs
5801899722,quegn
6718057379,wlhda
1102598933,cdyfi
4537568389,ftlca
6853534514,jqevy
1051220443,eqzll
5041345098,nwvim
8782477690,wwigi
2292235456,qpejv
6211916711,vamkd
2297985523,tgddk
2730138290,adlbx
9788987259,bbock
7186225458,cokiz
2784805964,ywtva
2636452429,rjtxu
4616174981,fhquy
6625276113,vwdbl
9539279573,ylbem
3860715484,ffdrb
3246341361,aemhr
6341264252,adkqr
3167525154,lpuix
6583680079,gyueu
5808424122,iafaw
6368029566,bsdba
7311975377,ieheb
9266942412,lgxdx
3479624706,tsuof
5561040603,jvjvw
4070271798,rqfwc
7555251686,eoohj
5810622130,maxeu
6687826061,fypie
9822000721,bcfhm
8805204007,pqefz
9209485397,icmit
5046137770,ldqzh
5151949352,wdmbz
4404331103,xfxmh
9614737260,zifam
5189512459,gufla
4905802880,yowpn
4878539319,vslje
5811743027,xfuyk
6498779200,zcjeq
7646480395,tungh
8779759161,vlbss
1146477497,zobcw
4476195188,atgch
9009918459,koywz
7491712977,clmgy
8803189711,sraqz
6493459379,begka
8716826474,ahues
7271068311,vdiox
1728321878,dzjqr
8920391112,fujte
4597572088,zfhrh
8761580680,emofc
8210011495,rrodw
6407712640,nbtvx
1284184713,zfipg
5069233135,dmrxr
3436069669,pscsw
2982049014,bgemp
2779199096,kvuca
3854440251,vmpws
4489004175,qauvy
7391562749,edozb
2492910881,gojcu
1461611517,niiyr
5298226323,ruppl
6563251572,eduxd
9396253900,abgaw
5242734453,kvijy
5711290304,ieufm
3332575588,gzsbe
6191143791,fpwkb
7798005999,qjxwz
9064453958,wbigq
9619217535,elezv
7310173938,ghgua
3166460574,eatce
8103703359,iiumv
9644713636,uksgy
7004159472,cbaor
4384772040,ihstw
9593908371,agcyz
9200227816,cmraa
5695198031,kbnzb
9024405616,bogbq
6434968163,pgzci
8197469409,wghtp
2134630633,xzxlx
7972180675,jswcb
7109205064,mprgv
8925397030,dvpne
3504453231,razzq
1638428731,yewgr
7087265147,jolxt
1183492321,vhlju
1422610919,mmzbl
6082085513,sdnxk
4957253443,rasyn
2402094128,dmpjq
6953539200,hpyle
9595017428,kqalb
2038493076,qfpsn
1342486014,pgltt
9022448521,xsenc
6879237215,vgbev
4676087510,esefb
2551819209,unron
1840650186,nnuxq
6947334360,crdra
2748395534,xmmec
5114632665,lfnde
6884786024,azfii
6223666474,ashsb
4993096907,hcagd
4945813476,iohko
1779301194,wgjfw
3085824369,kmnnv
3014791155,oabda
4952455953,oryij
3171227320,ptopd
4319256928,ydgcx
3981981417,nchkf
8622687003,urjdo
6304365438,zqolf
2211575448,tegcd
9498628605,uwzds
5839130615,idtfe
7220774191,xictn
7547678478,bqejb
6089750131,zytvy
4295698032,ospfg
3718751580,grkbj
3643939797,vkvuq
5822223831,lrjcl
7278114803,hrfpk
8573979187,ixqgb
9476884181,kzxeg
4060629735,scyvf
7614877895,drhdm
2258627778,onwwv
8758483555,baftg
7316934342,bqvfw
8195237650,xhbes
9572339700,mixrq
5343280936,qcdqw
6844442513,vsoht
1053385794,lbdrp
9606772359,afbds
7703269609,eriqg
7202179836,eylcp
2913779462,augwp
1893125257,mwulk
1324000607,mzmda
5909213485,gdamy
3488150413,rqjlz
5536518453,njalt
6580145040,esspc
5851007321,akctq
8640021918,vjbbi
6865372219,idpnk
6555086093,glilb
9840695201,yrttd
3870628211,schqq
6434102598,iyqeq
9402216601,gkckn
9491001506,pyqhk
5224507518,xpcpq
7647903513,tqmkr
8135797928,bvwwh
9347751715,bpzgg
9285943152,tyytk
9607747119,ebdjt
5083944393,kdlem
5405141886,fljqo
5363800620,kjlvv
2181233360,lrcmt
5144331791,fkhxa
6991336317,mmdny
9215975490,pgyqv
8502232341,xhidi
5390594184,doxcn
1916856276,blbzo
2116866405,ysmvv
5923001277,zvqws
8054693695,dbhrh
8719101964,tktvr
2613959014,eivnm
5342594298,vzdug
8709545617,poorr
5229610336,nwpyv
4114854853,eomeg
1955844023,rpyix
6985172200,hdckp
3042418966,ttgkb
5831414266,dlppi
1161170340,mkqba
7452816488,xpvsd
9148384908,tdfcl
9999589190,twyrb
2372911179,kdsjy
9324749213,ytkey
2862028429,dkxdh
5376396085,enhyv
3592641610,qhwft
4642864564,xzvwx
1418244776,vdxwn
2847125032,zkian
4351300050,xwyrl
6707562701,wxcwz
3643162472,iapby
9778769256,jwruc
5018437666,fwthy
6734348888,glelj
4935316987,zvqae
7191149592,erxdm
4508015833,cfiru
6057953218,uyenx
7463882664,fqivn
3078081134,fdyjd
6263309093,lofvo
4248265797,qbwja
5337038401,buiao
9508661426,atdup
4238521211,sydyb
1393449997,usmks
7610747663,tycuh
8722674089,fgosf
9944218403,dieks
4543691587,vgrop
5585692558,htbzj
1801121106,xxlxb
2254006279,larji
2704058903,venuw
8379952654,abezq
4181449465,gpbfc
5878506483,ymouq
2062701478,mfadj
1509594114,rxits
3139439382,cmdfj
6796472180,ggvbp
5143134121,offyf
4930327858,wraza
9576381111,hlbtx
1870609921,ptyvx
4475953046,xfcrl
6680390537,lugmz
7477754779,udroj
1740345959,gvpiw
2216114943,sltdy
9605389697,vracx
9839781124,qqifo
8590047515,slwhw
7343756953,hrleu
7504604779,jwkai
6276220763,plivf
4734894803,umhzd
8667791479,bcaiw
2803485314,xbehp
1081656059,igzcb
5690613653,kxlzw
5254619959,wwtew
8846571569,uitbz
1597947515,acxse
6190081895,jhfrb
8797979933,enasx
5734225370,deumc
7455236952,esxgz
5525552594,drxgp
4347182964,anqoe
6695697783,ybtpj
2502192230,slsud
3836967625,ahrqs
5771252411,zuwgi
5381504236,zdipa
3762720408,pcdno
7029516269,nrbia
4380369721,lgmfd
6460249371,yyaaq
5345591671,wnttf
5463110720,rjtyj
1203043570,gpsue
4354607982,effek
6359198290,wolit
5096787717,selqj
7692542334,qoyif
6187557364,zmkbj
1830231417,mzemh
7274326168,lhfzo
2769570510,vmxzv
1706186966,bmzzb
4576513210,cjhnt
1369066717,wzqnd
1131603821,mcydy
1024904917,lquej
4818671278,tecmy
2850297219,xdenn
3582833381,jnskm
9460374403,gcffn
4008366846,vcdmh
8496233838,qaldo
2784497372,psmzz
1026654839,hfnbk
2168082246,mcbvg
4112663139,cahhd
7323205834,mpnry
6418021656,kuwwv
5359058872,kjktw
2682903083,btygt
5240286043,ptsrn
5424221550,essnd
6187938013,nqejy
4453698664,ovblt
9326578601,ejbex
3492993201,gmvhk
9989096143,xtnnc
7576300494,jbund
1197048356,chrke
2248479208,rtozn
9893777411,vcngo
6021005995,tcwme
7741854697,msgkd
2493065159,jocfi
3841477060,akwcy
7371955935,wbgeb
7374344186,mbhfv
1823993984,aysjm
8833120058,yzeke
1452529995,mrtld
3146047555,wtcth
9134863488,nkvfz
1551274708,cptyx
5524852397,xgqbx
1948023753,rdwfc
1048547946,lttkq
8912820619,xakae
6783389034,prusf
4714750190,nzqsc
3093905960,wodzu
1745083543,ygrtf
7404529906,gpwul
4978104654,pluhn
1390203808,hmosp
3591467328,ourom
5588768403,wrghb
4670522943,oqvem
1205612523,tcnzs
8818259313,zhgmi
1668335724,kwosb
6618772334,veoce
3022017793,vwjty
9991836965,ykpji
8653454253,tedzm
8011724088,bbcko
8949650542,iwuab
8529717108,tmlot
9651070574,usdvu
9841982943,jfotm
6008628041,xhnof
2207620767,kzamv
5543421854,zmnhb
8707606361,hkpiz
8660076109,hduka
5830365789,bncvh
3627151312,mmvfr
8034707933,wytlu
5894108330,ddoie
7792161689,kqaoo
8703191803,yvfmd
4495437760,gviyv
3589658113,tnjrp
8970871251,musdx
3461806148,qibat
9742360308,annkp
3783973393,wqjze
1665576054,tjlnq
2886826520,wtdlb
4052079709,pppus
8314833974,cpbci
6994691098,mtnoe
5668929357,jtsov
2734350907,csyds
2831406663,rkqgy
9037561365,pmueq
4907251968,qekot
4414520693,zvklw
8167299633,okvom
3234828179,uxpiw
6531438380,xnryd
9937064780,sbcgz
9003289968,asore
7409462579,emyqp
3987477695,tzkjj
1357594123,exnnf
4362630972,qtufg
2015738021,muota
1134868268,tywom
8966632106,hekzk
7689572591,crqgl
4947744810,freyk
5888935736,rlcca
9261495618,ohuoj
6527731990,gaqug
6149723126,vktia
9098610950,zdizz
5202491753,cbphm
9958935733,nvmsr
9086380171,crhrw
4485863038,jsjwi
3481500408,rbaqy
9138706864,txptj
9108866855,naiua
6065195553,fefyf
7104134904,fyebd
8476577186,vmgrk
4262687579,xniag
5743139654,afhwv
8300768649,vyizu
1268735732,eqgyg
5147819652,igupq
9483458385,jrajn
1760450610,arekt
2822258923,gxdcu
3737689763,odfef
2930570284,fkyqu
5459932877,sreom
4281063248,nhoso
2503200065,vwbjt
8158405536,ihtnp
3612428939,vfxgo
8962650096,orwrt
9005537355,rymvz
5094248814,kczou
6562612697,ujsoz
8552693257,txbwz
8950407747,irsag
9944519337,pxaei
1394145089,tkfgj
5520134843,wouph
6862618343,ayetz
8404677858,glnmx
6480836614,vxtfm
5387623323,gpgej
4216737566,qrgvf
3962357098,kthcb
1046553995,vjsvj
2147039033,hnmzi
2093804609,bodws
9231697275,hytxw
1776258428,tskdn
6390760967,qotxo
1972194864,aeeku
9836805442,xdhxt
5836820154,lqsuq
7691768667,fyhcx
8988055334,vxccj
9744305934,qrqfr
7206658429,flmzi
5214759931,sieul
8462547740,kpeld
9333923050,ayarj
7094169295,qkvtu
9431262273,xsebz
3224294853,tijmc
5638951838,tyipd
8672222810,jlqcs
1154413557,ozwqu
6543878599,thlsw
3125052086,lsdsf
9030798481,otifa
8653449607,mxvxs
4347946922,eprix
5399700482,wowjt
9212081945,hsfyh
1327748669,kbkej
8088972338,wxwka
4989331880,gculw
3652049174,dgtee
3692346854,ndbuf
9044898244,ywtqv
7191231417,xbolb
9732512594,qazfn
9833905562,wsmds
3182908849,emwlx
6949754583,yuwkd
8106258493,dcvyd
7479914417,goyrp
5568588298,xxrgm
2300095147,tidgy
2375354902,jkxyz
4614332289,ovvpj
6948314638,zzyzl
5442003497,lulyt
8761057546,nbqui
1447470838,bkuqw
7461785676,zdvjy
4661892538,anwle
3704074608,gmxkq
5023185344,cubau
7383236714,qikqb
2811853777,ydsqo
8146450666,otwgc
6713942590,sltfs
4077577199,jizys
3743391325,zfiun
5921737686,lalch
2512670186,timcn
2449429151,pupik
4569251545,dksdp
5601874231,acwuu
3510726801,mazwk
8488390091,rznrv
4797298725,szpjl
6331744431,cqtpc
3914250722,htunm
9898543542,rqtat
7903809417,ududn
9097401088,wklhv
2347810795,xyglr
1914005407,rcygd
6747067245,nhfvk
5543304292,cssxm
4393512202,ztlsr
4442723092,hdsud
7894504183,zfgrr
1981987935,qrhpb
3126558092,swnla
2798182658,bwkyg
6837088420,nsdhn
5316596758,rispn
6441848099,vyscq
2366961475,vdrpx
1387054833,zcpdu
2130617215,wjods
3732203273,jgzfq
6547724244,apbho
5256673837,mxrox
3364082829,pwron
7281309774,utqzb
3156334449,xmadm
3167182300,zdhuv
2212856366,yydll
8527272732,zigkr
9809298780,kcmut
5219024085,gqzft
4837016630,wmrmj
9878861756,fycgb
9806252092,jdnjf
1783003597,emqtb
8033929836,znmnd
5193031292,snjbf
7677963703,lrvox
7656214099,lqybi
9283607099,fzqzq
2516630066,fizxx
9028926305,goeff
4391688429,keoor
2924602197,ptrdi
4878434597,lzmrr
8492003026,aldeh
1359777578,cyfom
4136531498,mbery
1444324113,bxqai
9437210580,jjbub
4651281075,idipz
2995034676,ccqzi
8503728272,xwjdi
4835330512,wufhy
6643902543,hdbuz
2157761838,relid
2273480899,izqfo
4113605204,zveev
5835986879,ikucz
8087666850,imtme
1040378354,uqdww
1249502865,sudcl
3290332089,cpxtr
1018014495,mpcsj
9905144949,fwhtu
7469971343,vuejy
1935357917,hnkjp
4431092213,yhoiz
8230451389,yhsgl
4116745732,zmiqa
7703312046,krsly
3194493303,hzhjn
6382852374,xfelw
9879479311,mbrzn
4545773821,rwaif
6096155698,hywil
2793236766,owrjb
1129504991,ufpps
3141183667,fnvmd
2055349450,adlnw
9845636250,jyqrn
2136132023,scfec
4845754727,fbmph
4123955647,wqmiv
1238410800,jrqyb
4378774933,slkbm
7892954984,acbdc
7362262486,jcrvn
1534440830,jnxmv
5957992113,lurfy
2230231179,hoiaf
1224096724,scxtj
9302313658,uknhq
5922419650,nwtlv
8643831098,gouwl
7387793376,suumi
7836515764,hsftz
7644425049,nxaxv
1449663198,eczup
9465388094,jkxfn
4486318072,hhlbk
6437814248,srfqj
5492711714,nrmjf
7774957381,cqctu
8619462879,hutne
7248330573,ureuz
5279836532,odjpw
5517037718,ergaj
3979940993,pgtqt
7082203870,glnrp
4511034377,fprhe
1941905893,bhtdd
3585816085,uncij
5959458734,fkuxt
1973019302,hvmoq
7321774764,czwmi
8635172108,kohun
8434663120,wbwdg
5331181018,btdsg
2627547879,jpwgc
5667279260,picbf
8597287420,ewsea
5510369847,svzrm
7015280552,gxvfz
4184451878,clnfd
1059562196,drjja
8311076752,fbthq
1850234469,wlvca
2769688195,grnzh
3422326854,qsgkd
1007997147,uatlo
4036339268,wecij
6497723732,gpnbg
3116588245,peptn
4671485314,flgqi
5315423478,gfsxc
6515933108,cwmzf
7780720511,dxnhq
8058634685,mhyad
2049323300,txgpw
2327654443,ljsnb
7140411150,quzwp
9184680576,jwfqp
3778636028,ftgth
3277694594,tjaen
3438983211,uykfr
2349689809,iuftl
6694760105,qzfup
1161957330,shspk
8092157337,cseac
5407610014,fqbev
6995770490,grwwc
2978941560,pbeyo
8198695916,dfdpj
4872215120,bxunc
7605157714,lfopp
4907409666,aibnp
6291964400,gdnss
2565149587,ttdcf
2040120323,urhch
4343625047,kxxoy
1784157730,qndmx
8010232224,pwvgn
3856597393,xtdmk
3971097889,qlpft
5001747859,ntboa
8715340839,caqfp
9083601313,fgxmg
6612551009,yzzta
3375731930,fngzc
8654001928,utfwa
8396375683,qenvd
8057666377,oyrsm
2964097040,dicei
6361149294,vducw
6227132085,kgrof
5071266438,wmvjx
3509183119,xupra
3297490482,redsu
4872751109,taphw
7993536320,vhfpq
7626628831,kgkge
7082332108,zvqmj
9858856050,ptboq
3771486977,pfdju
2546160388,kzhfz
6082116265,ubwim
9682619745,buops
7670989804,yaieu
2983686910,nztyp
3071774672,apmup
5348828459,thdfy
5845344192,qekuq
7915333841,bvfmf
2249508491,kerie
9888661015,vvyya
8081432304,chltn
4285202656,issta
3050734417,xzdvn
9109587766,fhenj
2416124233,xzadc
4457013101,pxxjy
3062265390,qjhwe
2163101140,infuw
4210169262,ygadv
6706079166,hyvqx
5862778312,khraq
3229991672,ggfmy
6610612705,jpfli
1686462428,vtyhr
5449983224,qeuer
1032861744,zszqq
4518427383,etceh
4518832263,vdrpk
2374317082,squcj
3388859756,nwmqm
4984732515,skfvs
7226889988,cfkpi
1811283255,qjovq
4763821861,uulli
9368687559,arxvz
5454894277,bisvm
1485014759,txgfv
5719991582,hwbau
4631899273,lyrkx
2092839176,kyxrk
7582309032,dzeja
4523172449,uycpg
9023096836,vfdwe
8910950380,xzcqp
7667030694,mciki
9791482215,okfbf
8480963813,tkcpf
6886709564,lteop
5788957777,zlrgu
4598812414,ksmqs
6500541575,liyuk
8028686976,vtdln
8528219641,pmcaa
5233927203,gaszf
2912912616,ybbqn
6389854320,sftxg
2603214224,iolyn
2445474370,itvqu
8161165808,rwreq
2993623355,akymh
8675116408,ooguv
2003349339,pekug
2973807388,mtvip
8637240059,pxsdf
4366498142,ouvvy
6726079398,knpmt
6906673101,iqacl
8573016224,nnskx
7235216639,rrpnv
7771537599,iyqiq
3141375926,jpyzf
2015215577,dsbwe
1314737127,vyjxp
8292277310,lpxpz
7270900612,oljrp
9024959830,bkric
2708165427,xlzdm
2085728148,kunnl
9835033574,ifchq
5335617076,rdmua
1581992312,agjgm
3247321174,wfbeh
3577730723,gbvhh
5726922577,atabz
8562688858,nxbew
5346317273,lryuz
1950513764,xribg
1871995287,idkyz
7347415956,kyjri
8499094387,uelgb
3875526433,bnzli
7586978899,labvq
5627299565,yvqxz
3887548524,xqmji
4757186413,bewpx
2770431612,eefbl
3278153201,hjpcc
5502747701,wrgzj
6881261861,xkxka
9505323230,ttqso
8861288369,byavr
9389992620,noogf
2756337397,vcrnu
9074222075,speux
5185002793,jbxck
7020984469,kmxim
4100733578,xdwix
5314942274,pvrgr
5326147091,hxeyx
6717501999,eggky
2501845420,ccbbq
1889218977,ajajb
6681631271,ybcaw
2720463602,hbyhv
7028493508,vsakk
8488137126,couvn
9189632657,juaec
1949415845,yzcie
1934265687,xpekk
6755806607,keddd
5739974212,qgfjk
1035739970,duhzg
5667828118,kdlgj
6519591883,jxcrb
4030015267,lybag
3966424257,nlyjk
2374746048,fxpqw
5353853189,xpqub
7997592399,ldrtr
5925406496,yczcz
1202612686,vqpkh
1439977835,ivijg
4775243975,fucnr
7416848498,uqhee
7794448009,jjwsn
1557023932,lukmx
9573998722,egdrc
6871767158,bsgey
7976957662,nvzcw
6942951417,lhvid
2289103891,vuizc
6942893700,xyvuh
5199132614,nwoti
4677084063,mdsqp
1859053628,bamms
3008926747,snorz
1448438860,bjgyu
8831333780,ssfln
4845215493,vmqte
7360459295,ouxwf
4012001015,blmmc
9809564084,qjiup
9052825643,tuwsy
6839374442,igpzo
6264264114,qmltp
6585013433,dnkyk
8965822178,abggy
8720166592,vckfi
7927991943,rcxkp
4874719974,kopnc
4791145933,zayix
9088238711,okchk
4825504083,sanei
5471915399,tkpps
9995255447,fzhtn
9769368763,zalbw
6674031129,farft
8737097686,pkvak
6200902985,yofdn
4864334690,nnerf
1719513374,nfbpg
4781522746,aebbr
2116622500,kurac
8640107526,gomgu
3864978378,ktsms
5580835472,iwcif
5018812702,nsvyl
2895098332,dwlyn
3829628348,bxbrv
6758326699,bvbqh
4090297811,exbcz
8306029874,ynqvh
3693243767,wrbou
1944923867,anrgj
6701526567,weetz
3524288056,uvuxf
4368259373,ibobb
9700286224,rpobv
2325322408,axitk
4686794106,zmmfs
5814407438,xnuou
7017319627,xxpgn
2947198623,knedp
8780276242,lflxn
9659328103,gcbcd
4188366411,hemad
8219369420,zxkye
7529767559,mpzyp
5381214244,sxivk
6530265076,kzpdb
6863076749,czcvv
1113406396,wpsuq
1593660605,rzpkl
6367928374,pityw
7257837993,mlhum
9184454791,cidda
4672732443,lqdxm
4010143118,hnmxa
5947600839,cjixt
7584687089,qamuh
6042894626,yemde
4979842901,kfolq
6679909685,asxaj
4375494804,bloxl
1919636989,qqigg
4503516193,dtnop
3409568494,sliwy
5421798536,ylocr
8342073637,wcseh
6552793031,ymzih
8979052120,sqrpu
7242061156,kvfhf
9126786674,vrgnf
3708350306,imctr
6990618684,uxwwa
9325729226,ewwlt
2189025837,ihlzh
6834975447,qxjuu
1386560625,vmxdq
4763078503,temkp
8788423157,pptlu
1215321881,tgrno
1739267096,hwzdo
2029035958,ffinh
1912122313,ghhzf
3251070183,lvgnf
1383106528,rzcdh
7464149625,yvwzm
6597613200,gaclc
5956404230,izcpt
2788944240,mbdfs
1908117805,cmptj
6486722256,buvgf
3785491578,pwkmg
8129440713,kpnpy
7827823817,vrcsd
4776934157,jrhru
1811178417,ynzls
5482459749,wyubg
8675129465,nugoh
1875863903,fdtft
5201695572,zwgce
9224889229,eoxnr
2058319303,mpafv
5182926505,chpzm
4021321470,vbgqy
3631405281,pbrpq
5466432646,fnkeo
5184071569,zgjek
7281766422,gsdtg
9830371758,oeqya
4831680561,jvcoy
3808720358,yzdbd
5911878799,zioil
6370721103,iprsc
8442716304,aafag
1413492697,ozzct
1654874652,prbti
7267054976,vnylg
1822295776,fvzzz
2253589668,rxpky
8444444126,mfvfz
3775060777,ehoiq
4592996306,rvcyc
9891621339,xireg
6851361035,oduze
6948098795,uargh
7641782657,udcmy
6495591758,spnyy
4546349722,ktbnm
3717019613,myuge
3133442821,esngu
1431352985,nulef
9271703664,cavtu
7434618525,oceto
2042649916,fqrgv
4141408511,yquwh
2882347614,obdxf
9118898796,maspb
4229341290,wtrhq
9377673916,tycok
9080520342,xesuj
3297758043,oatim
4262500369,cbyvb
8031142883,hhcvq
2177337599,vqwtq
4022603395,veaus
2978150934,dbazb
1259062380,dmqnv
1375981277,gghfh
1789756033,jwhod
6237486607,lltkb
3927344463,gawxx
9454341117,ggcdj
9144329578,ewing
8514427019,gmrqi
5332814572,taxcx
9589413054,dpbvp
2363543656,usgaj
5474258943,dzjyj
4725754181,pniqa
2597223981,wwmil
4185907703,fqadx
2161487783,hwtpg
3910149595,buxgy
3305978596,rnuby
4369074755,qkdvd
2972364721,rahcl
9813047133,adilq
3942113640,ynvyk
7812827427,pedqz
6132050117,fntpt
5321213803,odftc
9543863803,wdwpu
2380433994,mqyaz
8954098314,orqwe
8292888418,cugtz
6627027761,haftv
3903892444,lnykm
2183223698,kxyqm
6054154460,eibma
8371825024,hxcvv
2077711389,phxit
6359283866,prrgj
1109439648,grawn
4050110024,naevx
4798682910,nqykm
8325790649,djhbd
7653167653,evhea
9254284970,uvfwb
8132317726,yswaq
8103029655,ixzow
7705674327,jacqb
4214781442,udpuj
8837502329,nnnru
8281277544,etwtt
6171434034,gesma
9454969416,ekvdz
4955978989,adxds
4531053558,sdhrr
6155465001,xjjsf
1581765389,mfqul
2407425708,rwhcj
4836498992,bbjzu
3831020516,udptk
2326363594,bosrw
3665531140,oyxrc
4136780148,jhtch
9817614190,dijum
7862909449,ocplk
8831177444,vfjbm
8878646854,avhpk
9643248229,lzcgn
3032704704,gmldz
9145665437,ezuzc
9102785552,uuvub
3956887483,rehpa
1953784253,ewclj
4128637083,yrsts
1927949326,wczrw
1439915215,xjsfd
7337403080,snuks
5351310662,mcdte
4750285001,rlbqh
4298653376,bhkjg
5878693374,rbmtk
8870839982,drdkz
3386199315,ymgvr
1937983149,rfppj
5875940091,zyran
4871625079,lqayd
7362450016,dzdim
7766797294,bmvga
6983445830,ydpvm
8300850645,sdzic
6658898477,wizhd
1116359070,cpmon
3726073583,gsqpn
4573782405,brmga
5459632829,dhtrq
4547342426,ccgxk
6928760889,melgc
8151083720,mmzsf
5370983127,wbsgz
5961342372,zicai
1800494115,scrtb
9280525929,ugptm
6804897224,yymnz
6360438205,csnih
6374067073,wrbxl
9597854460,uaein
6085212109,aszhi
8392214225,hqmux
9126008081,haqgd
1644935770,prthu
3711500665,tjbps
8391410079,hxwkt
3282920879,tskzt
7454061982,cdscq
4546238839,wbwyh
9833414056,iigcu
9182428777,nzybw
6776751583,onnhv
4512820218,simdv
4499615235,spvez
4884938264,jluco
5790209964,rsyuv
2258917390,zixsd
6699043208,imics
7917460408,axkst
4342326252,mrdln
6775534115,vwvbg
8121363710,qaiht
5112203918,yunyy
7672925411,fbpzm
9922325800,wnojp
1424747475,xcthk
6950018829,gyrxn
1340301367,fxgkq
7407510464,iurdv
7556569635,pjzjv
1069188676,vxelm
3714150472,zzhnu
1650704778,oozyt
3739114292,kybpm
1082190402,upedy
8496234779,fwjyb
1961193447,cxkqi
4382751856,ocbcy
7506410310,yjzkq
4305091485,hvvsf
9771708936,ldrqc
7921714341,jqzhx
4605093008,ipnlm
4378782625,tgqmi
4805805744,yekup
8785081324,xwjqw
2599227155,eqtdr
8606875554,owbec
7166363581,ghabs
6453861948,brrcl
5406382108,cvzmo
1514848359,jsupk
5936357949,raudn
6481307458,onnsb
7307834810,ncaxt
1801567592,otims
4923575318,xtjll
8057348401,oxtzp
1611631316,ikgdc
1213768852,mfshm
9994426662,dvzig
9311961296,uyqwt
9191053172,jaovc
7864625287,ogzuk
9563695888,qqdkq
7586443344,tavkm
6080030679,ghger
9661191448,qxotj
9449144997,iahtp
6258611619,ecvih
1357361422,qseil
3782786523,gtwkb
1020122855,lnbpu
8260746702,aqzix
9763306920,rdbig
7817653782,niixs
6931730661,nawrh
9516837526,tlrsk
3572941832,quciq
3373361324,cvlag
4727575496,zmodl
8248645024,tvxvm
3769418409,xnkxs
3667166316,alimn
2085836378,eiexk
5517882648,thvvp
8044415239,ruemo
3577774858,vadjb
9825046232,vmhot
8439931816,lsnqw
5267179567,yhlha
9208025454,bisqr
6304283809,lhzis
8252528636,byiam
8058371174,sdoih
3752868185,ejbiv
5766879569,nvhiq
5544955719,agkni
7021945979,koxzi
3821027268,bboki
8051957089,ypnla
9043121006,dyakb
1244134500,jufmg
4808670509,mvvnk
9819967529,sycta
4942016923,qmqyh
4759857603,rkoxm
1528141551,cujbl
5606548386,siktb
8882239399,bzvad
7329699177,fkzwr
8808848825,dsolz
5692783115,qjjks
6821278679,dbvfi
3252203181,tivsx
3310111849,fdche
8581588455,edvzx
8078307569,bxxxv
6171832158,belcw
5843587296,ocnjq
4636688232,unufg
5124213442,kehkf
3967147959,qyfnq
4173718425,uwifm
7275013033,gcrof
2420601538,uslod
1420726429,kqijd
3694124445,utblo
5234423653,misiq
2767160540,bpalt
3041250328,tlrzf
2134581691,yqsns
5402108343,rscbk
6293271103,jaian
6267638032,mlgsb
4218542883,tgsjd
3597578009,qpowy
9396155797,wdjil
3157002989,wtujj
1054618514,kaxxm
6407105484,mwnde
7726509652,fopjh
2071732129,voxfc
7043340211,xoqbe
2392906824,jearq
1757102302,wczen
7650550953,iahlk
7912150506,dblak
9172560799,jremu
4517647858,hxweh
5899906102,nhhzb
4025022593,mwgxn
4927399862,qfoiy
3284586690,wgsjt
9785688264,kttll
4776406221,hnpvg
9499533198,brasx
3646625600,igjsz
2323686782,jyglx
2903420963,skzui
8708918707,zeban
3931060458,weohj
7425114010,mnopi
1636311628,xhdxn
9518396145,kgeuw
4545728554,perix
8841356839,uvtit
3819531049,wicfb
8216926470,mncod
7081261640,asbxn
5422385469,imurj
8544250438,pxajx
4799893747,ecwxd
7617770320,kgwxv
2376091273,jfsze
8598258949,tmcvz
7080180267,npsyd
3760658448,zyelg
1719820935,zohsh
9196754243,tcymx
8508516234,sjofo
6924623068,pluwd
6969999569,awlhl
5634961292,tbzwq
1106939527,bwsxx
1631006037,mlpaf
3351135394,itrto
6060885396,bdzpn
6522975911,qblam
3757561595,xqivp
4677702951,ehimb
1049454704,hypvz
2566013981,ouerq
3274605900,pueut
5462762938,frgrq
3491150653,xgpta
5490082852,cukfd
7674163365,lnonv
8933831469,yytfw
5630207583,qdjft
8338115423,swfkv
4354704972,pdutn
8130772100,xdevr
9226835807,xnpum
3305112203,kcnro
3007268919,nbtlv
3354925461,rwlzw
7309852328,utxac
1724633020,swhjp
6102286552,lziyl
8808484123,bxvwv
5967898485,rzfpv
4427167812,frrlw
9196646745,nmjps
2466185403,psznv
5036614871,jgrhv
9151991447,cftsr
7698773441,eggyb
6987935565,ngbay
5694468734,miclj
9211928039,yjmom
1278241263,nhbny
9404777089,wgili
1494313743,zvhxo
8680063443,uwcij
6339741060,rujxf
5123722854,aiokg
4782632542,kosnj
1997358637,fbxle
6609548202,obhbi
7082767712,rbnzg
4379049283,woimb
2381048093,njixg
2091027169,cqrxb
2716518349,inxwz
8932792278,evdyl
8753257740,gocea
7132708520,eoaef
1304820392,uptwi
4096284066,susoc
2695680693,ftiam
6554534488,pyrxx
8132674735,sedut
6141313714,imymn
5567247673,fywog
3452295915,wehus
3455707076,zrvhp
6481760695,itqlk
8537038047,ivscb
6302238395,rzmxt
4324724516,wrxur
1196080566,zttgn
5423736570,duwsi
8803429291,rvwkb
2595407896,ckmqh
7538800946,lkzqv
7444340479,lnphd
9367118170,rydvg
7788994167,rmacj
4434096701,eyxqs
6163927118,rxroh
1849960100,aovaz
1594105270,udnnm
9756189537,sxaul
5462495764,ykmjg
1084049916,jwztz
8786557382,kplrq
4578650672,iycwt
1960785863,oqgwa
1876573504,seepc
9845489772,mmyvn
8315873643,emdxb
4332998541,wrquo
5844578274,hqetm
1045627325,jaatg
8489356366,busiv
9681933368,vqjbb
3828075684,mfjfr
1754311851,cscxy
6060021679,anvfx
9424326351,ulfcw
8998209347,lcbwb
6076690704,euimk
1722679326,uofxf
8822759873,mqekq
4623598296,hkfew
9436763226,lftvp
9622916102,cpmsd
4476304795,bdxuu
2794255854,gfums
8083614158,wfagy
4168446744,qttnc
6784969153,icxfc
9869326069,bwvzd
6146185335,lkoql
4000822060,bbkgw
4799260933,rtzxn
8856421759,bktsy
7740791131,gpiam
4198137235,obhau
3758200176,cfkpw
7773511557,smeux
9539849963,txwzt
7594900729,iuqot
8854373109,ijcjc
4471804060,odbha
6573511168,mhugw
7575910345,zlnua
2857838055,uioil
1699706561,agree
2167702804,zvmvg
4050868400,xcbiq
7993208176,crfnd
4468845235,ooeha
8262681071,ymhbn
5347799286,ctgyy
7061568227,jkvxn
1600723556,wxvfx
6714604047,mwvpc
5143075829,bnncc
6555292641,dqxib
3594722742,tvrqj
7411752151,ackfx
3151456295,gwymi
4549177548,voasf
1560478173,yjrxj
8367011379,auzxl
3968621013,szwcr
7550065236,btmho
5295768096,tlbop
2124984127,gjesf
7773575389,aqlvv
9344436738,cqmni
9432034666,uilnm
3920573384,uctyq
5585265700,xazhx
7640981341,tzqed
4400320377,ajcgd
1358099893,pawut
1911271362,sronq
6203032477,hdnib
8377069799,dbvcy
5911992751,zqdji
5483604860,drdoa
9676374079,jgwko
1567537831,vueiy
3232198668,yoewt
4243679662,veefr
3448067859,fofvh
2843316999,gxasv
5362720007,yywqb
6854999824,otafe
3083274316,wvtvy
8855228117,fspgl
3818003199,hityp
3285988620,ozxpl
2165972932,cmekf
7074735319,zqkum
7132275912,pasww
6721432275,rrpsf
1216095336,ydalq
5738063461,akpqv
1143335885,rsavy
8815976128,jcdtg
3207671802,ojooa
5251200751,soqfq
5104761775,vslik
8048944245,lmsmx
3561426199,pqoad
7066813310,byvux
3844624652,tcrvg
7336476240,czwrv
8563921143,iompp
2110465159,dnuej
8836123794,mqcec
3812434854,gjgsf
9276034733,omtpu
2466937692,pydzy
5620447020,wzzll
5998836085,grcmo
7237378935,waiwr
1523895499,qrrdv
5081051376,raelr
9052019657,ebmrg
1718958114,zwuvm
4362161408,gqicq
3558096460,nrrrw
9416025052,twnch
7010410907,pejjq
7384159987,dpjmz
4117045573,rnjaq
8480890239,fcmea
5713056310,iwtnm
4418998962,gdftq
2922487831,ikadf
9096828274,wiegc
3173399078,zwcme
9797485095,nofxd
7170273370,bicyr
1016796031,bvhei
9876873501,ierie
8406136159,ekilj
2290559487,atqkm
3712479528,locdl
2947128640,ugtdp
8249052910,ozdfp
8110385920,aqolx
5219186213,tgnnt
4413670517,gxxsc
9595053377,swdcq
2071771314,pqjnw
3058130443,kjmnn
4537323752,relbv
5040067012,hhxhm
4293211604,ccopn
7081290212,hhoxr
2980529699,ydrvz
4091002699,twlei
4700404299,hnvtf
7343101609,jupdz
2540660961,seeay
5040107140,xomfo
5286952130,mdgbi
9988361412,clmgi
1253371806,utxtd
9942025643,uwfyj
5005809811,vbexc
5543917174,cymva
8960892387,algzh
4596307715,vyvyn
7508792826,pnvny
7251825950,obexd
3614473196,etfal
1024389035,wjgom
1384400415,ksgzj
1663893857,yjand
7332589195,bunpe
5124307716,cmgyv
1813514646,gjvbn
5664643606,ssczj
7524378287,zzztn
1113416439,dplvi
5792510753,plwzs
1899192793,rhwue
1064533219,lcalu
4680328401,mjtzh
7823822248,uvacl
7439371932,etubb
5358871144,eewuq
2344526106,xitjs
4913292055,tvtwc
9448942009,tznih
9631489037,ubwto
7669669345,udlip
9604838253,ckmwl
8252214718,bapyj
7174428664,frcfy
7740490292,vilwc
2030913148,vayjv
8965680016,kuqay
4171370238,gkcwe
3560205536,fdvwl
2554334512,cqhuq
5683425850,xbkno
1108202911,fsqwu
9820623530,hagcq
9041111473,tnouv
7483158437,tzzhw
5550600141,kwypw
5977605016,uxflz
1703371504,jdtyz
8202418220,pukwm
2319723009,nimxi
4799938990,mltgc
1479260564,dsncr
8619557310,iqbal
3845231237,vdaph
4205662497,rwvyn
9708491900,ngxjd
6880196875,vjhai
5997287090,rzpxc
5317763738,xcctp
7694466339,efcoo
1623480775,jvatq
6389575006,dxjab
4436919570,zhtnr
6344658742,cvzxw
9231511390,nwjvy
9475670506,fifdt
2403620185,bfxng
5579540398,vclnj
2153593476,omrww
4940357648,fwvzj
6084888020,vlbfn
3808810511,usoas
4193848486,zlshg
3529287794,bpuqp
7454569053,azowe
7142218503,kwjki
2719270886,krwfc
2291470034,henop
5234481037,jjfda
9545337664,cqecl
7826688470,lwgss
5056303440,pmkaa
4387542447,omoev
3439618943,qcmof
2282805919,nsytd
4596454776,qmkvc
8201291858,wqdue
7385893931,zcvfr
2994968865,hiowm
5951367159,sweqq
2223489496,wtqgx
9128545718,wikxd
3298093502,scdty
3344983017,jejha
7712225356,rpqhh
4133228439,zsztt
1587877748,anfpy
8393755714,ibhvr
5032256398,yeweg
4761226926,gzvgd
3575491090,szdln
8663648939,ratoc
6161109217,wsupl
2491530188,xdvim
2776596616,cpgig
3638856901,qacjr
8571587278,kvznk
4438791709,uuvig
7106083932,mzrgp
6729708164,nrgss
4210073561,zclkg
9709782059,klqyv
7420642206,oinrv
2617887150,oevqh
1849138086,ipdra
8281028088,airsl
4752001365,uduzh
5374490787,uawne
9407551278,lwrii
3402250166,jbhjg
8368838299,qltcr
8478035450,vfavp
4664379715,maidf
2652511075,jvuqk
9507488206,mpaoy
6473613834,bfrbp
6462481614,goutw
6960263308,btjvy
2039611833,qvnro
5648044399,yfazr
5748432442,krnql
5292990619,wrrlj
5548963776,ookhl
8516371330,hckzh
8740811831,ajyaz
1287499100,jqgkp
1300836428,nutcb
8025227358,zbxzd
4344061736,otsvh
8802995616,wkbuo
7403617823,idamv
9474560286,ugymh
2952231233,oornj
7634903609,bjsdq
8043998443,muhph
8766812089,rhaby
2905613866,ysykg
3280418505,xhnbt
7573752031,kpzcm
1826310885,sxwyc
4797511246,ipdtn
4006772852,rnjhz
7807668365,lwovq
1253586737,hnakh
4092167701,kotjq
4410610360,zufxm
5962267946,jxikg
8467321938,ixozd
8123445477,yxmtr
6910553492,xesru
7680151318,eacjn
7241781780,wlsqy
4162691609,eurmy
5819607282,qvcgu
1872279106,enhsr
5785539863,jgdjz
6103846841,xqtkk
8900775604,mlnsr
4142136471,rlocp
6857196189,yzlyo
3546721916,wrntk
4179174932,xqjbo
9098993241,csasj
2933918027,obomh
8519374361,ofpjr
1113419987,yljuv
3845236645,ystjs
4402077229,ivsfi
5534378493,yvskq
3559158641,bvlxq
5683334344,bdvsm
3344511508,rxotd
4847583876,axfio
5871862238,pmosk
6374700203,buxyq
5357562662,jzhbk
2688176069,jlopj
9575893779,kuniq
8827525911,ebbpw
6905697210,wvypn
3134378614,hwnof
7070084338,vutvx
4646143307,yikhg
1599880310,shmbi
4888516002,gnsim
3172562098,spnfp
8269967206,hsgcl
6835773469,fteqh
1769966096,ourjc
3000142699,xohze
4587532979,ngkqp
7854628387,csyzs
6829949504,kitvo
9315128180,jjths
6594027131,cnyhx
6836603170,jumao
2371711477,qjzdt
3980624420,isfhf
9750667810,gfqex
8404799272,sdtfi
8485549312,wgmgy
4650841375,ttsut
8477620942,afzop
2185150140,xnkme
3313533224,qnljz
4863698191,ajycd
8121506007,hnanf
9636020359,lgubc
7162164318,ubwaf
6763880819,pemoc
1547836083,tgidn
4870399653,pwwwc
9170616324,wbvpd
8864311452,fxsbo
2512277349,uyauw
4829601175,fbwkw
2617484227,qcded
4964599304,tiwix
4627360847,udurp
5317525712,rtjfk
7838429655,iweix
5959292466,vsqdl
2771718358,yppyd
1254403132,kkwif
3129368283,yhsev
4483978045,uaqgt
8715043526,kjhwq
8746571477,gslqb
6735737995,unkpm
5408681234,fpdhz
2227099634,brakk
3232837416,opdbq
5249888803,hydsi
8269980817,ffpef
3602589060,htdty
4436754621,uzvia
9724560074,dmmmy
4862574888,bzbpx
9842400602,ndknv
9608843742,bqkno
4314608695,ltvlv
9879750958,pvmhk
3142227849,gptno
5161717745,gsgch
5346748655,bralm
3590078747,tmsij
8906902743,viijj
2745024302,kubin
6352429132,iflcz
6593336971,msubx
6297878346,uqxgl
4595360617,mfesm
6208495399,kgssb
8864140983,lrfkz
8945598955,flsve
3038218722,wpmaw
7642778518,rakvo
5696395025,qrmff
8335804793,snqka
9097002584,kwidq
3162996185,ijrpm
4731633376,xkolx
3246979826,ebmqw
3196748315,tlpgh
5662421688,qdbzu
4046265420,bzqns
8539377888,uhcug
2307440374,agbsx
7916090271,paxep
5323008182,rppvt
7305111064,zsgqn
9617119836,dhabk
8985187653,keawz
2328352612,dhopr
9802124660,ctxol
3864666273,jhesm
6444034969,xdnir
2923959019,gfona
3372780403,uccxn
3591572240,wguoq
1173249430,zhjxk
8178685944,iwfbv
2885099853,pptfj
5550604168,xasfc
8911068310,eygeh
8766178217,humwk
2966274515,fruwr
6992675034,tzmqq
5186959087,kpauq
6382008034,gmapk
6721537783,lqzdz
9835836027,tfybb
6449186772,lqiiz
1038416574,bkibp
2293721582,agxja
1856588031,vxqkq
1813139220,oowoi
1968874143,fcutw
7666155692,fnggq
5402146840,nlvtu
5596209432,lqlqq
1428609132,ozaxc
9331466633,clveh
3366955024,hnfce
5904849334,iarie
7606602613,dbyix
4373763317,xfncg
2132825144,rgnmw
2172727835,otxgg
1804542070,yyngh
9303109623,hekwz
5319809102,thljm
9514214296,trvhs
1358742773,cfrcr
5081470829,oelzn
3566375529,ccajm
5572906667,otqlr
3094387035,ddebe
2531277862,ctwir
8790261443,afegz
8581925273,usoqu
9181758373,ahlkm
4109290505,zctod
9608247271,ghxab
9380300935,irtyl
8705693154,mgjtn
2952738456,abrwh
9408302373,cburd
1266572438,ifqyp
8532145590,afyaz
6851672751,dvhni
8836553466,jzmeq
1733029344,bzafu
4796044715,klfcv
7670711156,hbyyr
4200084356,upzhn
9665725126,xvnkv
5344818453,onway
4726374258,xcmbz
9288524465,ibxei
8858712671,npmqk
4655992653,pboet
6909372469,yjoxi
8377694619,sbiyy
9603741483,rvsie
7272706423,qqnrk
3519843721,nvdtv
4537445586,xifou
6185747178,sesto
9986469067,btbca
5686860153,jfgft
1989339163,fikvr
5469610134,iqyot
8354651007,iblwa
2983701578,hfgku
9071847553,ccpkj
9723657210,pnyej
1881388337,hfotx
8944992843,ifboy
9917852239,yoxgk
3356843207,vykdl
7948723955,rdvnn
5540450450,utguv
7553383087,yevmu
4718473846,cdvbe
8040428916,cmauu
2417443417,kznrg
5580379607,xjewr
5262940120,dwwue
6849837906,nkoxa
9469456755,nzyga
9940798180,pjnfk
2586971155,gfqml
5628304460,lpuxz
4594429872,hkmea
5875281099,pedvu
2999886546,mdvuz
2489007328,mbont
9623874742,jkwbr
1186525145,xfqoo
3820910036,crmnq
9377026666,gcgcv
3513157236,ewwzt
5158609027,zilcn
3433777289,ceabo
6641530642,swoij
5591210973,thwoj
5536584087,gevmo
1070530984,muqcb
3260952308,dnxnu
4260138410,gnjkt
6375914853,nqnkf
5903047977,mycke
5368005871,aemjw
6737042031,vbnjo
3057059820,wadvu
2036880056,vuvfr
4864367015,aqjpd
5337991824,zvnxt
1342862750,issgi
4192489660,hmbyf
3931958012,gstkc
8050076443,xpcja
2320494558,rznei
3101597417,xiasr
8521972498,jvpqn
7533611004,pxryk
2765817130,twima
1300887148,kxdjm
4337041833,vrdfv
5723980601,eobvb
2959572222,jpunn
5694387469,eaxcv
8936165996,thpdj
3587773803,pbcul
3896685081,siczw
8874034634,tdiml
3406496015,kqhgn
6926323202,jylzc
9236625700,wgtaf
9101777385,rjyfe
7177178806,hfxhn
6084841419,qrqvg
3612908433,gyblm
3600349855,kpjuj
1800947859,ebdoq
8786871220,mqyyd
7172951888,zmidr
8155076084,wcjfy
4444549867,xczxx
4653967818,jbxhq
5973589903,nitbm
5341308807,rafra
8426310460,ayitn
1316765190,hauru
1887094093,ocpha
7751817141,kxanr
7570547432,lqgye
5625878808,xaziu
2248885781,sglvv
7788481786,alaqs
6958302054,ohcps
8105311237,goyun
7440157148,zfrfa
1390387832,qnhek
3965686442,pjdet
3501064291,kgjos
6657960666,kyurf
9653201708,xomlm
1220383118,ntmny
3823350839,uznqp
1615705907,uytiy
7732583245,yhtau
3870805455,btyqb
7220056417,yyywk
2618656244,uchsw
6058006428,kvqgu
9073814130,eqvhg
1544039416,vvbig
4677229716,euwdy
6759874679,srmna
9214068366,kxlso
2849931077,apixk
4913580820,mfpau
9088725235,obnbq
1841470443,sfait
4775754858,uawek
4351825218,aymar
8764320146,gsvde
7598417788,kylrn
1833788731,cnsfa
9747895827,rlddn
6982034533,jqbgj
4870582264,dsvji
3150460434,idlvb
1173731757,jpbwt
9025970209,geagk
1356248884,mqkgt
4463033175,lharn
9051035891,drnzs
8640433955,masyx
2176473342,mkqxi
6554476199,yhgav
3076772015,dsxmk
3306568412,menrv
8899023924,vyyzh
1261531961,hxhgl
1892190870,dbxeq
3386365442,cwnik
5964826381,iqywv
8633759788,kwdub
2871996580,xomlk
2297499423,nczfh
9527981889,fuzbe
2153932024,uzxge
4390056855,sazwt
1990405897,jrhrx
4623677384,piacf
9328314198,hjxuc
2547401689,lpjpu
2668747394,fwari
2814114711,epblt
5250053631,nmhpu
5016471709,ufpnh
7051394660,gemzy
9018479311,gqijd
2847155999,mkxgi
7354139092,rzamo
7434462697,qapom
2199501018,huodk
3163621935,rbsse
2886325356,xnxaw
8051255231,odegb
9952795556,fnohp
9921462649,geauq
3724058060,hdduk
2691957930,qzarw
4595623084,hkvty
8326219507,oypnz
2902422478,lvopw
4808996128,nvpog
2088539563,ktdzc
9733648418,aojfr
1005007017,etpog
9214850014,nbqwc
8584057845,cwrop
9740984271,riaga
1062039606,qoxux
9328942450,cyjkw
8285257190,janzn
5452909175,ichgl
5048868878,eaujy
6864813092,sfjqe
8072051010,yohff
3487267749,vstkl
9550391643,gdepl
1121688800,gtilp
4872940338,xsehu
2607580810,kvvhq
5789563910,rfzdx
9280770982,zpdjv
3418087220,wecwm
1205925160,msxeb
9635313836,meumd
1344525935,deimz
7677965255,xgmvq
5311527032,fkcyg
6778990124,mbebc
8433760152,gaese
6186942905,hrrad
3145007384,vpjua
2505855916,rsknf
2190352457,bzlpq
5967423501,evjin
1205171631,duiqs
8696522174,igemw
3323804542,zbxyj
3059599855,sddcg
3645581836,bzdin
7547627370,jvcrl
4015570737,dmbon
4993474737,kywlt
9142641539,ekkvq
5989615566,fnsee
5510369672,oioqa
6934060412,mbtvg
7883252802,hxnhw
1461976354,rqqow
1871556870,youpy
5143552855,fxhkr
5273466363,jftpm
5633209117,mfyfc
6172632048,mnxai
7852138341,fmzkc
8159235250,qaxrd
4084690338,gyawn
3727901150,epszh
5455802646,synst
6575591243,arzmn
7456154760,vauut
9778475509,krhas
1553778481,etpwd
7774961659,slkfy
3394121722,divbb
6819960752,ugxkb
8047294711,zmmeo
4023688659,mpntf
3001488506,ufkjw
7685737954,kfftz
8710288856,ljrox
2080009299,exvvj
4558282208,ogymu
7354019298,awcdy
1172788644,hqumh
5097485775,hijcx
4883860241,besgb
2858480051,qympl
9282146255,wqfeo
2115114465,uzshh
5237869650,jhsqv
5976607220,ehwdm
8962762158,kahyo
3028628877,ajnfv
4399148484,raabr
8922208436,kgpvd
9726114337,krppt
5259035959,eavnt
4305832681,sztff
6359011344,erdtj
6430610000,wyzjo
4221267697,emqao
7409243793,lzylp
9684738393,wnwiy
5828126484,mzefc
5533958094,idsmu
5307990254,jetcb
1774724076,yjatu
1643390966,wlawm
3699527883,pztph
4749428102,guwnl
9500693968,qydcm
8607376065,uhyju
8153528574,pqcdh
5875444301,mciuc
8144604080,cjflw
5561172528,dybes
5981182080,pprdb
4133191792,svcqp
2629551431,rhknb
3821557125,ijhqb
5520936808,innwh
7602727859,ydngf
5802261066,kuads
6000470658,qbgze
2563883877,tfzzq
2115601736,mspaa
5418718601,bzmpc
9527054434,cqljp
8772028464,gixxe
2956483142,buone
6391834975,vwovy
7329700456,nozco
4507017623,yxqdi
4939072620,bkvyb
1966200939,bztnp
1634401540,evrev
4432066274,plhyd
1821730202,zznei
4132774694,sbpbb
5201800272,velzo
4513332777,bghyw
7116265494,kjlgj
8454173543,dcglt
8454051125,megdi
4212715890,twnwz
5524776576,ptqpz
9262071382,cwfdp
6368501923,qkpys
4598079652,rbryc
9049092394,edsyg
7200791959,havpl
2363029995,tfxwh
5201947051,pgskq
6503896486,lqhme
6416057830,ikqng
7292432700,mbrbb
5346304805,cfylc
1765196318,asucy
7045032886,xusmo
7702862090,sueym
3750331822,bcnpy
3980324239,wyygn
7332807940,grlup
7447654529,crprr
6184285410,jqvsj
5251924253,mhbwm
3529280465,qofty
1747934435,xrjan
1300968065,svpap
1390986607,jqxuh
3558193652,odplb
9463240821,xxjeg
4673378398,azxgx
3646497197,vseup
8835368874,pdqlc
8382674555,tetgp
3675469055,hebim
8584122264,yudpe
2992508282,jccxc
6670427019,ssleb
9329880049,bsogq
4242912292,gmhpm
8995416207,hzcyy
7276886161,agqwx
3231308575,bqlta
6244933015,kjlij
1133738628,hswam
1804868075,zwdyh
8568758221,stdoe
8345632906,oehje
5362188822,wqnhl
5903428194,dkezk
5671875509,clgkt
8976053885,erdht
2870071840,ndsnl
1456141589,xlooh
9926174830,fwcia
7075541095,uiypy
8060231559,jfyew
5338320358,uvnhx
8458791433,shgez
5594856922,ngsrh
4255662697,kgdey
9831991866,uoahp
5841232852,aohjn
8172628778,ibouc
3108686125,wklaf
4274579173,cyeip
6989852445,nftag
8270957726,nbnhk
2652394238,zpivo
4906602596,yasyp
2039013280,jmniv
8521742812,wcxou
3301016011,bifpd
3179194009,rndzd
2652402522,cqmil
6576207434,hzgej
2249606529,tztmf
1714935350,msraw
2960888576,lauex
6030588780,yaxlf
6643609207,alyvw
9349080393,ceiee
6815091683,urkep
2383457148,xmaoc
2153971750,ntejr
4646843679,xjdfq
3589778962,smskg
2835089875,rleqz
9725413027,jfhai
2146723946,siqus
6643554031,odblw
5037418749,hykwm
8761900127,pvrbo
2600799748,srbru
8637167265,mjsok
3580265952,arqkh
1257296133,twflc
3799855930,lchbw
2481921382,lsiqm
4107817011,nbzlq
6683619599,myfml
9157374032,ijxwc
4900456942,silik
5154136854,cmdsp
8370088452,tberv
8338578158,zjnzo
4522104729,fuqwb
1032894455,gusql
5793165256,tskdm
4762170561,mkdgq
2736027192,olfvs
4784687825,flxmb
6955428255,opsuu
5440958456,mfuqt
7813975970,yknvr
4107224201,iriwa
2148348589,jtgch
3148522490,nljza
1560114593,xvdsd
6108139315,mrvcd
1511117964,vxjpz
3270003010,pvcpx
2134478237,aiphy
9746414747,psype
5059336741,ehnvj
1810536677,cyqfp
6409338565,snsdc
6193381069,xnuyi
7260091960,xiqbu
7105517970,sqccf
8789388823,avdtc
3395420121,dvgsh
8286764315,gpuzf
5409052820,uwllv
6095129521,nbrcs
9400520476,aavgk
1521674971,yesnr
1423868451,qzdjn
7492210359,vvjrt
6372840242,ijfiy
1635752982,ufmow
8992459640,obvfd
5749842922,hipkr
1117910621,nfbep
3172958379,zivgj
2222001504,kuvlw
4520096121,ovtno
6344784398,bdpyd
8758997244,qgbey
8527813066,klsce
2452762030,qbwzo
9459665391,tzkqn
3596957577,nfycv
3257125495,mtakj
1245273860,eluke
6296182898,sjtqh
4053108795,ezxyy
1705383148,wjtnw
8812929210,iwdht
6779007174,sboah
3095813645,lwssm
6934256991,hwgit
7352234034,sfppp
4945760723,nnkqi
1284760450,inctk
3089562017,chyyb
9433269412,ussuv
8322600343,kmlio
5842204342,fmpmh
8786705560,yynug
1645358595,msdpb
5323807070,tncse
9842458204,vqkmo
7797924225,vwyih
5912121775,jlykt
3460694599,airam
9623998379,vpxge
7037789356,vinva
4258683666,wpofj
8257581858,zjhzm
5377959368,tmulv
1346669302,hmvip
9038381087,roaua
5707586448,tappi
1720433258,bekbk
7059942181,pzedt
3072912065,apjdu
2169984357,wrpgz
2522527616,ojwxx
1460423615,hssnv
8037447851,jiasm
6880625528,ygwqc
9074662360,xzpqz
3395823413,wcmtc
2994574692,mqqjq
1913036869,eodux
4692179817,bswfq
2529816931,beten
4533683857,nlyae
9463606257,kkeaj
4071957187,lgmwg
4518089524,xfmmz
8294708678,qytcf
9658355973,gzwbc
3577046043,zbquv
1896634700,dfrfy
7346973178,ibwcd
6716162657,fwqos
7629752310,ebjpq
9567773054,hodav
3950792298,serri
5574638381,kxusz
7698870904,grwvc
3828187161,vhbep
5910038865,cfovb
1623824412,bkuvo
4786150254,djmfn
5103516972,kcpro
9806935399,ldgvu
7876190591,eqsob
5395363333,kklwc
1536705426,fjtak
3262076871,ixrls
1709780773,iwzli
1185012291,pbosj
9256399226,efndl
4668583774,cerpp
1966803633,xuqiz
2073321772,diuli
7008211723,lvwyg
1560361059,keufw
6200843060,qfhxd
8997975291,ajfcl
9374692744,yrngf
3403059220,ocftq
3635125539,qiboo
2712725482,mcdqf
7025860991,lukfw
5868677031,cqonu
3393946635,ntonp
2344308099,afrid
3453296982,mjjcq
5244828698,yspyo
7777158735,vtjuq
2093111946,guwes
2363835318,rhixu
5135549039,fbmps
9935061474,xcajf
2318206837,paaav
2704861040,eyanq
9180391931,lhihy
2460402067,astie
1935873913,anysq
8267202229,unnln
4212011395,vrrsn
9482889884,cljuz
8779911196,aerqq
9733479496,kywuj
2334753774,mmrva
6875087041,szkza
5401755416,jkcri
8116925263,bwaat
7599113144,pawdz
6477922345,ceeib
7870262964,xtgzy
3517974883,pchiw
7999536203,vcrvf
6030236459,fizji
7702416788,zvctl
5762103869,igiwg
1017833289,pkdle
1227477203,mjxfp
6972462227,hpeal
5536837631,euads
1229947432,jknog
4142385638,yrxpq
1610663966,xmquh
1947355785,kimbp
2401085562,rwhhr
2495519916,missv
8489299316,ucson
2388137299,mugkc
9012648715,fcudk
2587455927,ucmmi
5947263050,beoen
5991590434,rlhmw
9409483989,qiehd
2170693913,utgam
3700169278,iyxhv
7417122272,kkdcv
2167981870,ebvie
9032234182,paoxp
9382484918,keqed
6251921045,xjdfv
7227228300,qpnlg
7998778759,ndpay
9778994599,lmsuw
8025952991,hqhcg
2454401922,ktpij
8010717814,wwdyy
8813630257,djjjh
3023406994,shgfy
6514310506,lrhmj
6915941738,wiwot
8331348545,qhlpl
2154980550,vzive
8091351118,hzwem
4760661796,fuwuo
8752914444,zpvhz
6840867536,grxbf
6807118841,cqzbw
1836371429,bvlia
8281509876,bjsfk
2930383641,gndkd
9912795619,wxzef
1300379354,qaiwn
6721012992,ljckp
2120898613,dvfct
6819609987,dybps
8255812679,qfyij
1384777978,punfk
7605510218,wvhho
9472977918,zisyt
8707187153,nmeoq
8959104281,jaxjd
8113300344,couyh
1204239990,bvlzp
1819068746,snspe
6053425023,pjerb
7336255915,prsis
8849863057,fcxwo
1234542687,auahy
1307315122,znupn
7915907496,cvdtf
7399360003,rlvyq
6276436882,uhjtm
5969169006,pkopw
9253563530,itzwi
7647268591,tsapa
7303480261,zbjiz
7596593309,vjhkc
7712368953,ccwar
5285246948,zqaej
1420200699,fqxas
3652634132,egimt
6204086228,jujuy
1936905653,gzjuo
3401719457,gxrbw
7730098532,vxqbg
8808149940,cspyq
5150356444,fhxzc
3553143222,orjyn
6808568348,wbthp
9032289223,rsktr
8864744481,hclwj
8162147302,msaqg
5542604797,pcjyo
8656689469,ffmsm
9280322278,fwwkn
5395436917,dguqx
5838379801,gklcj
4587801168,rzutb
1064914531,pfmyt
3486844286,fqmpa
6887115926,ianvh
3718478943,hjeqm
1875235461,kjagq
1168171483,ezyum
8293494022,vtbtt
1400354688,iahae
8889337966,lszvz
5731766100,fiuvw
1151955364,dhhyg
7501275196,vnvev
7676985623,pitvg
5027718211,hvgqg
1133456190,htrfp
8759903172,tgfvf
7045714465,ppjpu
6212141203,aymoz
8976789541,vfvfy
2209031810,vsmgp
1746608523,jjgsv
9755869240,zhcwr
5715718320,pqrak
2631449413,koqcz
1436647633,xhlni
2137001574,pkvgd
6942792484,dihzp
3456749117,uieuo
6132573058,rcubx
2049562775,hpjay
9333610041,goocq
1058302781,yzcyq
5866915327,srbnk
6933111762,gyiga
8728871260,acqrr
4405025428,unhmd
6039034870,mijks
5246193823,sztmb
7656159920,yxfum
2181580426,ohjxa
7466391126,cfmfx
2093715030,affvr
8720215835,gylmc
8622237921,hzbza
5116277295,iqmlp
5984138244,fijsz
4911049420,olhma
5470146310,esuox
8278509995,rzpyw
4909401098,kkoyl
4913516602,wzurb
7766059429,muczb
1634817868,wqtxi
9703091335,nhtmx
4026733070,nxxyz
2829306528,kdggj
8964804595,vwssc
5845470239,vadyy
9604788017,ntfrd
6894266421,mqfmt
6394052670,ltpsm
7471520532,ojgmx
2437187713,xntov
3590596125,vsfkx
4486807499,vzbsn
3840522343,jmbyk
7917208004,ioaof
6182512822,cxylv
1167980902,jjpbq
6842890355,mnick
8482654691,nzfgg
9383765003,wgvfu
9489165225,unoob
8826758710,tgbga
8035302688,hfwuz
3095179968,raopj
1135840775,uitzb
7179914651,nnwrt
8655624968,iwtqv
9013080656,rwayh
3755237345,ilibr
7721825642,ippzs
5414361523,qpdcy
8381716561,wcxxm
2293897843,jnlhq
8959498461,khsui
1698486020,atupx
5222020766,kwlsf
7464863601,rpxww
1301576326,qqmnz
9587625914,mcomb
7322576846,tkvrc
3277430431,yhcer
2123466477,vfple
1241083101,oglrl
5926340483,mcuwb
6307126494,mpwqv
8449837849,pisow
8348701689,nfcgt
4530944124,cnpzo
4835810110,khemw
9307789745,moibv
8903995494,umrlt
6548675676,ubnlx
5086829696,uuoiv
4721543248,urgtt
5251130101,imeib
4338254749,npuit
1709030718,nshoh
8137408415,nbonu
7376613659,iitii
1402125759,evtqf
1498051803,wixkf
7950691550,cgbwl
8761370661,mtgkc
8668262816,vxeal
4630108352,rwhso
6659607445,dziej
3469083022,qljog
3550126206,uwvdy
7542440174,nkzpl
5479065738,fclhk
1985662265,pekzh
2732905920,howlb
2342375680,acmib
4731460751,nphiv
4818300185,saxcb
2937463903,cjqhg
9130040880,fcnlx
4199377043,tasai
7795360837,oglyt
1760111682,tiuqm
5959607640,oplki
9727972116,ixabs
8058046574,pkruj
1808530275,nnkrr
5379891551,iyxlw
9749103877,srfox
7243596040,ivomc
4609210424,mxzdy
8849082879,fpyve
4816310896,zacxr
8032229628,qggrb
6291126476,catub
9170216482,hugnx
6921660369,cvvlb
4132678724,waccs
7680970245,rxahp
3940730115,wucft
4299848257,cmbuj
3377761311,elysl
7574555145,zkede
3440118877,oigap
9418922988,jgaqa
2248288717,kjfbd
2970063363,anhse
6697178211,pwhdf
3278092220,skvfe
4522439428,osmrf
6133420841,sgsqp
3761638231,npjcs
9879947373,wszub
1785740278,xpatc
2067429891,rklyl
8595101656,uyvoy
3054785828,wflhh
7583249808,bhast
1665821615,gboyt
5064121492,rzist
5364050957,ifnrb
9197687957,qjrby
9333431092,wvang
8190344408,woxkd
9559020445,vdvak
7458884591,slene
3006025308,jcdks
8826866853,rxloc
9270978170,eecmq
3435964294,hgfvk
9858378488,itsmf
6682739410,iyldh
2607045229,kvfae
9302607486,tcuop
5037621973,qudfx
6321600993,kvbht
2994023196,draya
4402626500,emqdk
7162594173,vicrn
7301374999,rlksc
4044984789,pzyuf
7175956470,qthrz
2922079112,gjhea
9147049811,yybsp
3280791003,cbsaq
5638324019,wrfix
3353139863,fmlxd
4762602736,qllgb
6308349658,crjvw
5342072197,zirda
5966245865,rlpua
4815992418,wgzcp
1507248468,hesml
2826419328,ipvhm
7387551435,aroph
1771275472,xmahb
7251897920,xygre
6733371580,xdsdg
4889434876,nbebp
1067996071,lfjja
1087382934,cxspn
1461639262,zywmk
2947221821,dmszb
5320810542,nijfu
2103452494,rubkp
5509282863,rcmfz
7996286906,haerw
5445071408,ovwbr
4678815970,wuctw
5383503629,nawsn
1079124293,xxsua
2723042369,uoeii
5725826262,xttsi
7075995738,tgqmx
1743401853,oiyhw
1524976753,cnwcx
7848535073,pbrdu
4067067810,idsnp
9514364449,jgirm
9143758911,yqyiw
2117119785,qxwtd
3104438744,ujlxv
3895920444,kmdff
8380269029,ppazj
5877793977,fiyqi
9716488196,cijnu
7730645914,rfkfy
9223197723,nozfc
2274113335,vvkxi
6619295620,zsuto
8288700048,ygspf
3457673645,brvtf
6172772862,itkem
1980439816,fximh
3130957140,rfwou
7917806007,shagw
7401250847,unafj
1572953828,ynpeb
9042740142,zavmv
1289344906,fgsza
1119300292,pdopc
8243120319,omxkr
8345832510,ybrwh
1086021086,heneq
6186825698,gwsou
8339082209,vwuuj
8413547134,rtwcn
6512794253,nffko
7399647288,xkfss
9735005944,zckxe
6271849245,wctoh
4331270836,epfjb
9709412618,zgplj
7018931768,ecysh
8329703722,bwlbg
1252010698,fssht
8917625972,akerc
6587037239,fcyaa
5182523668,ckuzi
8995591867,spdcg
8564579312,btito
8545313849,rjlbw
4846442243,waedr
3615446267,reluf
8201754172,njixp
4375677302,crqfc
1496573518,skfil
5155035911,golcz
8372414291,tjmiy
7842760604,bsoyb
1096228885,mkizp
6171215226,dkuqg
6144367006,ixwgy
4126172002,vwivg
1211227917,hjlqi
7507891562,flyeg
4543083212,rnjjy
8653093465,fubwz
2713600208,noysx
4284155828,siauq
3442354757,dqtxu
7462783762,rnukp
6482444243,cietp
7799819614,mpfbk
8689501679,artuh
9503717174,rzfeg
7465073602,xorcp
9212641792,qxcgd
5532746836,rfiiy
2233089952,pwtlh
2247892417,zbher
6837701848,fyelj
1277503706,jqoqu
2557445705,qxjfd
7000491437,qqagz
3288765239,bwpmk
3815966559,bjfze
2595794398,hqqgl
1408183320,ezuhr
4227269648,ucvjm
9293929107,hbhig
7513611601,fihsu
7965109274,vclzu
2748313957,fkdhn
2258419967,menxi
1725260425,vzbed
2507674335,cdlyy
7706538365,novud
9132880161,akzqq
7034115614,pjern
3728117693,kzrfp
3730433584,appuq
5881005075,kgwsy
6272885258,dakrs
4381329613,vvbpf
1827297118,gpnzx
3886285551,jfaij
6086251196,xpgul
9597217931,dhujh
9255077552,ccdfh
2894030009,jhzrm
8279907384,eteos
5350154790,mcgtu
6662449933,cxkrn
1178348331,rprop
1238677847,gewnf
8909528012,kfprt
1821650709,manfw
4650853388,kopii
8496649102,ntnlo
2851040210,zifoo
2799531814,dqiaq
6951058216,gfevx
1432361041,ngydm
9323560823,fvowq
1245588941,mdqof
1820892705,ywdun
8729369843,hbjwh
3399304402,lpsub
8505351822,bkldo
2313833419,evtlx
4259946511,feyiy
4461221428,mhmsj
7092067144,vjmac
7170016725,fqtev
9543815110,zujmf
4179410430,gcrof
4415238903,gjloj
5708976493,acjte
9184602120,gcifo
3311583173,shjzt
3133173453,kvczf
1952462752,arhbv
3197288493,ewalb
3639801382,kbkzo
7269522073,qwvfk
2644402960,arhuy
4983759015,bbmxw
5163151298,joluz
3197880920,txdjj
3348752737,xiawr
5787312105,oezec
3578466485,jhmmg
1145991767,fsrwg
7621786582,ixxaw
2326958845,csfju
8214873784,ufvdm
8936311651,hqrkq
1948845399,vugvc
5551628442,gsmzj
5940910700,nhaqp
3835583619,hcrqh
1772521488,ccwgd
5544740083,umdeo
3495047748,yfwnu
4932989088,wglod
6528786267,gmycl
4642285214,iivlx
1717710344,bveej
5226778672,wetnr
7313454367,puuuf
6742338542,uksbw
3551147536,olvhj
5041777632,eafuh
3623914323,mjipr
7429196164,srabx
7076206295,tizwe
3901955073,dyxpq
2593650321,jorqb
4547730551,qhkkw
3823444379,bysmj
4226885163,dmsjr
1747913701,oqjpw
1248440809,krzhc
1531678169,baryf
1143124605,ptemj
8843401316,jgeuk
7324868086,cpbhe
3074918593,urnah
4836571075,ireuq
6847687559,uuniz
5827430623,eckca
6577424048,vhsvm
7143346392,yxzmi
7061154617,umljb
4736489054,skmei
7640956703,ehouj
4855493512,siexc
6370813796,snfqj
2898257864,pfhbr
5286531260,trhit
8610052263,vaewk
6340496854,gyrqi
7258796581,ezvrw
2280494730,hhmtg
4707529207,apqlx
7612676082,vepyd
3498011934,whtpn
6459428705,pkblq
9940590315,etfda
9265531080,oxhqo
7914100919,wdljq
9993094587,ptnue
7758116102,aydvh
4071969325,dkgpx
8131181718,fhhmv
1237105642,skacs
3941977768,iurcr
5231526689,bjtud
3480428534,ggzfi
7244241945,ocilt
6413323002,aegbz
8941222724,ygkmo
8404830854,zmihn
6273720359,reygi
4588856224,xniqy
8870573620,qvhmk
4868933162,ukvjq
7551809445,qjdku
8097443095,delgp
3723362399,btazl
6201800416,eapsn
6485243786,tuvip
3272397442,fohvi
3268649500,fbqqv
6555005838,xlrsu
5045402706,qmedk
3584505789,dzfwn
6134772137,egvfp
2190229131,clvsn
2467197642,ynrnw
9493147191,rvzfq
1565138432,koyze
1065438919,enmqb
8735873950,siuzk
9918553727,syduo
5709659403,ocznl
5103510009,qnrbt
5459187270,uzwku
3886848335,wnopr
6174207580,vpyil
8480908642,nzsoi
1609590433,epvsh
7860590312,kazmc
8003373247,vxmfn
4875532025,pmwlv
1031105653,lhelt
5472507809,yqqzl
3009065352,wyqxf
8662941793,mszqq
7605072386,iglld
7616246604,kdilc
8598866987,ctxgr
8799053362,ekeht
8200292174,mdwrz
7551515399,xjeld
1997590093,deuno
6806682074,aofme
2228882407,qlwvk
2633695199,mwiwc
7538047654,juqkf
1120495844,cdwrm
2389188400,qjopm
5809274240,dcccc
3948359229,hdglw
8594845205,httla
1198350352,ojgyp
3681836605,lnskd
7882407106,xuqza
8752312487,uxubn
3321149809,dfwsj
3313938230,ucwgq
2469048810,aglkv
1780306438,opkry
8717269157,umrjd
2996555955,orwmk
7609191030,bgktz
7798341640,dgbck
1852424006,osrvk
3696406996,qscwx
3815842636,ckwvm
3432770681,rcwud
2313697231,dknbx
5327818462,lrtzn
1072754704,cojbq
2177305340,ccvua
2859134193,barlt
3727611556,ffavr
8005463892,iyjen
5936624885,jwnsj
2883710334,xrabc
8972380157,doevi
5023089436,llcsn
6576799093,xsgss
1797790909,asxxj
4304280773,kcdkt
3362959384,uzhyr
5944009333,atxnn
7230145836,qngwd
7573171146,jzxel
7587961626,qvoye
9402668956,rpbjd
3202111769,byogj
1575620137,edvur
6803904348,eldgh
4817888021,zbyjr
3088019543,amxnn
9653007289,eavhi
5651232010,ercum
9797309392,qznpg
2646519371,wbajf
5108339571,upfxj
9695957131,gpcmf
5662500368,bvllo
1185911669,qmstt
1269323715,enybv
7369190813,frbpx
8379132361,pdoqs
1100886371,ewdxl
6705969640,fmpde
6036139004,dqxjr
9323734618,trnof
8169253175,vrimm
6755683874,qxlao
1686762593,snqzb
1746282705,oeaow
6596609994,rbfsr
9655184893,fopll
9760705351,enafz
7654984232,vfcgx
2105015885,vuodz
7878970926,sjkee
2545666644,jydma
7848664210,kxgds
5856979552,ohomr
1305602450,bqdvp
7215274691,kiyuu
8096649624,gvkyb
6416616398,vnobx
3347470008,kwsrv
9422468063,erpge
3483282035,gacxm
3619304203,jgjoq
1423116505,shftl
3037765092,tqksl
3952698812,mxwin
2819365277,xohgd
3209260117,skvhk
3938892197,smhmc
7872912420,szova
4417516115,fragm
1529531006,vzciy
3679326489,hacdo
5332446652,hdfnd
2590223915,sndme
2451812816,wavwe
3534955949,xgyre
5933143269,bxcwn
7778430196,rciaz
6639659827,tekcw
4096583219,ezjqr
3773272759,rdluz
9911205190,rhnmj
7035802165,lkmag
1557694336,bltxc
6681159125,vceth
2903419252,mcreq
3848736895,gkgou
6398724920,taapm
1116381775,jbwsq
4173052301,ccari
5986967263,srodk
1298986202,aujbh
6572386207,mpxyy
5801855503,yhgzr
7183940427,yaxik
1227414302,idjof
1208605236,idflx
4742360127,hvhvw
8316214390,gdfwe
2581173202,mdemd
4109129276,bxxov
3585824505,oixsd
3736427922,xlglf
6774028396,cpgeh
9865749393,tpuqr
7685116132,ogwpt
7968489425,wgmrm
2193893683,cakzg
8001652606,hksxu
6500196534,hmsqs
3781364265,vgxyw
2987615075,bzxhr
8158054090,jaosc
6337658169,ketyu
5891599725,pvznm
3292136587,lpmeq
3126499547,pxreu
8590729682,aoxan
2194062757,xtsec
2156290295,ksnuh
2645590740,nacrs
3242807400,oomaf
5579772418,vihda
6792446059,djzdc
3591909251,bosdt
3633157675,bkzgw
1580583358,qxwev
2194137149,cyjap
7570482911,wepjp
5134419732,abqts
7521518068,fadgy
4494801102,jefwj
3077957676,cqugw
1195482557,rfvdz
9522297879,ztmxn
6366579468,tjfgi
2457909920,opkff
4873101612,uqxmm
7166230218,nmazv
9556840643,byynw
4503596643,zfdfy
9419732345,oqoya
5456216445,swmsj
2171408950,xsylz
2252733814,fewxh
1142601723,axszy
7103647016,gppnc
7644161112,lwomf
9310212432,ifqqu
4287422587,qggma
7056103074,tqoji
6536299975,xkibf
1069795293,ktujd
9589225517,kpiqp
8265254654,ykgog
7919475360,qwxdl
5161425632,biyex
5066166010,rcdtt
6371583949,ckdjd
4860948994,aokzz
8833022796,dsnqr
2308696374,jnits
4521318768,afcfx
2691041943,eacwo
1442336138,afibi
1929587344,irexs
4462011245,brnih
1957502109,zziom
1726652797,cwtum
8718248225,tfuej
8870534213,gaeqs
3961941553,lghrg
9446943318,bgjzp
5721468193,unyuc
5934476972,erwup
1386715308,pnqpq
3094452808,usuvz
5401499258,ipyso
8018785816,zppyn
1338481977,dcbpt
6049470387,cvaxm
9031809683,iwpbf
3580769108,jmqno
6653994779,ztruc
5263939699,zfsby
7567618023,wulwf
3910543725,golcs
8035639142,uhhzq
1309471288,brmep
2063851399,hjsfh
1883067383,pzexu
7693657844,vrypx
6726477907,gefco
2111748598,zgcls
3694385681,uxbta
4842037462,ktfjy
8408374156,cpuzk
1869505085,iewog
9570705500,utmfx
1540564162,rzgpx
6291466525,dmbor
2680806274,jopaz
7363902804,uesmt
1638531630,qippe
3634455592,mnpni
8062821838,ebmdm
3844587953,zlkok
9298721563,ttlol
9441686301,fzeto
4302578269,mvwni
3392480299,qcbje
1053148299,keoui
2953653563,fvlct
1571863890,kwqnb
7112299125,jbphz
8036994961,wryzd
5201357706,ejdjb
2458727361,jrnww
1546815188,ojhbm
3744969805,bropv
8072013344,edfzc
3132959052,mjnrr
6165304847,gaawc
2096425711,hdpss
8719377854,qoztu
1800135449,tdqsm
1294770603,dvhez
2672378625,upphz
7256812360,cyoav
8330024136,sepjv
2268196287,cpogj
9827270201,kxhop
7405142948,gfzhj
5374344472,dnnlk
7101238162,xoshx
3420077470,rqdiy
3900117547,ryang
6071571106,prubs
1456622602,hdjkl
4355250430,lafoh
1782393939,kapgz
5993338005,sdlem
4563653349,wscif
1142710554,sippv
1595893806,oyrms
8181992310,nvjqv
2934650189,pzrty
8577269492,vhcwr
1414133677,onbgx
5646627935,pwofb
5369451655,chqhz
5627532251,pdxzc
9438757009,erojn
1332938471,iarcm
1448972201,eonij
3968748080,njonc
5750480098,zvehi
6346181217,kyhah
3721516216,mayot
5850872056,nlhpg
4988991521,dvspu
4500534467,gkyjg
1485577558,aalor
2158027022,jtcto
7090567741,pclac
7046894667,qapwy
9817442212,otfyu
5710862318,lbgoy
7717854148,okmwg
5801139171,ytgsh
7248724541,qlxzz
2751058475,agulc
1718923206,knxce
4337181421,onlny
8536326941,qbhha
5897981930,ooaob
5909767221,vcljt
2033805463,rjjbm
6541046593,bdtpm
5801020897,luuii
2277998079,okxud
5369025219,tumvu
3534007517,felnl
1015404262,zkmoq
7752336290,smjly
4551329172,ftxdk
7108148178,aemok
2755673364,veiok
6110633814,tndgl
7588926925,hrtua
3168018425,lqrsc
4828915735,ltpvi
4404748401,ilbzc
8463932335,suoap
2505506609,gszgv
1632364549,hxviu
8802112035,xqebh
5016989622,iohkx
1198941808,vmlbl
1542439135,xcbwl
4285005106,whfla
5390845601,ljefg
4334274473,jrcel
7348409348,vtrjk
2832891508,yeycy
5148167453,wanit
4952246096,ejmud
1657021128,hlbkc
2317295952,zkbew
1028227038,hwmxv
8280770238,buqtx
7651914618,rlqfw
7336250026,mvapt
7683105399,ixkzd
2265933892,kneez
5064147272,krqmt
5373837213,wtfup
6269045702,hbbfw
5145013972,klleu
4363973417,aaqdn
2672548486,rjqec
7004679531,twekf
9827245071,yihzz
9602594630,xbdsz
5108096834,uqjjh
5975913727,taxlx
8674108364,pisfo
3991247788,qdqsw
7732291887,jcmif
1480756190,wakbr
4967830837,mguzq
9071741574,jcwos
2612112294,pgttr
4653296633,iiykj
5104840605,qjisp
2826557401,afrsx
4275865844,nobyo
9577020868,dhipl
1118775794,bppem
2977777191,ucdod
5718075949,hkvzb
3355407036,peksy
5866702984,qkmqb
7931267772,ajmri
9456123725,guacl
2422315009,wbsbl
2160532122,mqixv
6567015621,puctv
3092285375,tujoq
4904800003,lflhb
8062536220,uycpy
9101201342,teliv
8871314010,azdck
5783212651,xdths
7301950691,zxdlm
2075606528,bpufs
8237437111,vsxli
7755933577,pucgd
4958015688,hatry
2836166274,seojl
1702332462,tzcoj
7969107275,ooeul
1281684478,coiwl
6491344477,kciax
1367657128,jklel
9915047565,jeybl
9500694132,cjqjd
1231309838,awsmx
6343013237,ttfek
8848522400,eoepc
5923314055,xsocc
4171335027,dijxa
1629836447,gpobr
2151388355,jgpsq
8552919643,wtsso
2835084663,tkzce
1999937507,tlrnw
5984248177,tbidj
1302277346,mebrm
6792342045,vntdk
5397038309,bdseo
5051730717,qccfm
1173433283,rxxzk
7492547801,slssl
3582831087,jellz
1529385053,htnjs
1760655134,jqmjw
6774934568,brfzz
7041696657,btlbc
9555967516,hlywf
3493759355,krnse
4808670134,ckogu
3405128620,tvaoj
8581820940,hdznu
6102294955,jityd
3312082172,pbjrk
2221580998,dsrsx
4048444003,pvlmk
3779673708,vskiq
3644476474,fuitr
3801882439,dlidx
8493169085,udyxo
2730397855,szjhf
5030045088,fyypf
1400700440,elkxj
6779116286,whwlf
2657444211,owoer
5451466673,jsdrc
3789036638,toyfl
6733514406,bqksz
4158012179,ivjkw
8485402254,rncvx
6356788205,dddlh
3379340627,xizvn
6895686843,hrgnl
9261807294,nliws
7603823395,kyslo
4457992416,uftxa
4320088914,lrlfk
2351652783,svryv
4479050308,ovtla
5804139484,vjafy
5802683783,lisad
6135219798,fxwyg
1708679210,wpvvn
5719469536,giqys
6112435180,wppkb
5360459333,kqywg
2648945495,lolpw
8441613077,azldv
1781515290,rwsdq
2773462587,vntny
5676862112,rhsos
7529534940,mfzqk
1535699554,vtxqk
2182140948,odxcz
8591447436,psinv
2365203649,dtxbo
1521371618,txznu
9215977333,ppiyp
5235964573,bnmpv
8978143799,vcztl
4801255957,kxigq
5762188523,kgirm
5688199027,sobur
7473517005,wdjhj
4980249864,kkayh
5095658320,bzkyf
5139936955,uteni
1592495930,zwufh
3002432998,ounyn
6252830774,ojetz
5749851380,qxhkn
4955805702,tiqwi
1081573211,tamut
4319825581,uahnl
9914847894,qmlax
1252020863,frvuj
6324531107,xddtq
4732290565,qxxdj
8297786711,jpsap
7220865382,bqzmw
8085465163,sdbsc
1691660614,ofzgm
1092868635,bphym
7720872036,gwesj
6963142837,qlnlk
8584655226,svwwa
6930741169,hkzvo
9496787861,sbvly
4529831763,xsmdn
5115131780,oznwi
1559213691,exlet
3077035617,xqggl
8327126005,ckofn
3725013603,omhdf
3264946410,kwnrd
7713925575,rjpsy
6398290027,wwjri
8966544781,qeuig
6750443315,ekjvj
2667868127,fmiay
7892719459,jnpgy
9237012186,qkyli
1635469189,ulsgj
7809087363,kkdgv
8677475321,jfmqf
5636152552,zunqx
7246601925,szbby
7652678321,tfyph
9877937680,elqtg
9663043432,lvdrd
1379683689,fdcea
2813687466,vfuvc
4015106675,prmry
8545522576,edibt
7470014010,dduoo
3480565420,mruvt
9396133312,ntenw
8251398573,hzkas
3803204002,tfqql
4916207816,uucxh
3014002533,alrbe
6973549589,ahlgj
8468339280,fwaij
6489733212,mafgv
6861172493,ldrvx
7985696069,rduih
6682115375,rxaho
8357935137,bjwnm
1709665862,iukgz
4783219920,krfbe
8567079579,onxka
1259776697,vlxdh
2560766589,lnvil
3211257105,vpgga
2143130292,bcaqm
6776592629,kyvid
9936060421,vygfp
8843669168,fqutx
2134227909,cmkke
6051213502,zswcg
2957841690,ztltt
3536486974,llwkr
5580176049,gpqhg
3824874548,ulnha
1914769670,knslm
4272548713,zyale
3584366029,vkkeg
5427612628,wbzyh
3952755822,eborv
1232594269,skzbs
3531183745,ungmc
8157884256,jdrox
7233763676,vxexw
4693516313,qbqbu
2606900220,jxfvk
2079939362,ntyyr
9866980218,nzmep
3859213522,nzpdr
4017118623,uqnyb
3683022580,ujmaq
9833724588,swzkl
5450118106,vabfu
6789866155,ejpuz
9324259342,mswvr
2030188315,fdyyu
5695551815,scxdq
8828541615,cbcuw
4577503473,urxde
6761672985,tuipl
3580405365,rhtnk
4018759395,yvzkv
2890696020,djbkg
3173962853,fcfgi
2698531431,pmypd
9679035861,fviss
7014550600,vdyge
5197203429,nlmll
9486365132,oviyt
9627708374,dspjk
9282873026,bzrsz
5745334942,ubeug
7267475390,qdgjk
9932338961,affvl
3887279528,lxnvt
6824332209,uskkd
2070571548,efych
7317693482,wdeeh
3448311353,wnnyb
9297143811,kfigx
6123481637,wzfsb
2588070636,wgdsq
8916709895,zbrcg
8631991505,aullm
8853173520,aggbu
8096029352,tkkly
8867522239,gonhl
3400123439,qwsah
4469214097,onkrt
7548084427,rutto
7951372092,kemss
2426801477,vrbrv
8795028965,lvcsh
5897295898,thlee
9667843217,vzold
9390847036,ftrar
5826683518,txtgs
7603679033,hibnd
5712308088,jkrji
4413597818,ercmw
7958722871,ipdru
2704637957,cmysu
9293671951,jczgd
2770924099,diwqp
4156460028,vdunt
9524483474,lmeoe
9732739616,hngcu
6503599063,ashzm
2625224740,iqlvl
6690888148,yryvi
1433855174,dddld
9529679327,ajtzq
1965433540,cvptz
3691214757,fqmou
1219962293,ndped
6927902867,xiioa
6755121556,cynjw
4651718923,rjqum
7303508419,wpqkn
9652020028,enaan
2398418812,katxw
6238826431,odaor
1454630493,mglbf
8178817391,hdnzy
4663366276,squod
8761333134,lhsud
9556607741,yhlpr
6337432521,ajysl
2813004351,zyqyg
1219584839,uddvq
3794856298,emkmh
3244057478,cxqen
1086798764,buiqo
4295308436,krynn
3577615585,cjrcw
8625375370,etpvi
1878457992,ogonf
1633353106,rxqfy
9430234856,rxpmb
9514522727,iswlo
5177704225,yizgg
1556137802,newhf
8596642520,rjgds
3269921784,vwmsd
9804148064,cwehi
1767874246,cinmb
4958718643,fmdqo
4610301418,hcvyb
5223846970,mcnbi
8280689378,lmuho
3025093610,ehczv
2291029615,rwaax
1452702649,chddt
5813839939,zhott
2651390533,rinth
4052483575,mdbeb
3279506968,lrems
6397465949,ugxsu
1955699229,awlrm
3643841826,ovqjj
7326168571,lvgac
6383529651,zuqhm
9434956248,qirae
7758472234,jqpxg
7502477914,fafhu
7478251757,nvvfx
7562003692,eawzp
4323071002,kbgmx
1173094030,jmfys
3348110499,pmvvx
2049405896,jwcho
9944041851,xctnz
9969235364,onwmx
5612827701,eqaav
1413863463,olefa
4308595675,hndyg
5616287262,xlyjo
4083039808,xotaq
9098088235,scnni
5429902898,ziizh
7557984748,bceca
5378346025,ybcab
6051281659,fjmdu
5143535293,ndlmv
7744769265,wlnff
1968073711,nocwu
5561364157,kbgdb
8129640765,etjux
2435608699,rtwot
5753851565,wmesn
9266002296,mqdnl
2656669286,bqjmb
9418085480,yeohi
6649559845,wlokz
1875147995,ajwrg
9073591953,gnulv
3273896143,cwckx
3552727730,zitdv
8006395768,iyuem
1673469936,ilxgw
5073495459,nufox
1370948852,jlaoy
7217945574,jgbhd
4695777793,ektwm
1263858146,iwjyc
5128791638,pzwml
9272817976,hdjdz
1214557981,mpycv
2177889852,knfiy
8885575241,yursk
6819150995,uskry
4008248772,zdnwq
3229084474,xyddd
5456685623,wksrq
3192602609,uoeqw
5412047657,bitbq
5173538908,nohsw
1376101548,yfnkx
5043342063,rhelu
9679413488,iooii
2348940127,gmxpc
7071645035,gzrex
3629821079,fmzmo
2223443306,bamtl
8560839896,cdmpe
1861613822,pjhvu
3113231135,aqfwa
7266471265,cdabr
8546884490,lshoi
3538017641,hudum
3633010403,lwqvf
2294218158,gfeoo
9658577378,huwmk
4740968251,ltybk
7646282070,uipry
3875797199,xapzh
8202509249,merqs
6477988379,cudyr
9021575585,rxlvn
6580148630,fvrtm
8490361832,jmyqs
8779723478,pilfu
3973160104,iohga
3159087003,jjekk
9832263556,rpkde
4700433835,fuffa
8065912538,xhiti
6855408168,oehws
4343310759,aukat
1968410938,uzimk
7803073371,qcaqp
3435434099,ufqup
2496795477,lyrgj
7159881887,ssrbp
7032977313,iufae
2982404274,utodp
8215602660,ajfoe
3924475478,rkavc
2995029617,dfowv
1130457523,iaocd
5983311760,fhylp
9160644636,lepfa
8837172297,cthcl
4148110304,rhghn
4380043082,vflqy
5448500406,ooouw
5397470081,invtm
8613269277,klunf
2846109666,mjsbh
8251280674,dcnwd
9929122223,vhcqh
7269522398,ajeik
4791950280,lwqzt
6147106680,badew
7492095586,aogbt
9904428195,aoprx
3612600819,pxoiv
6006120824,ifanh
3570810804,aavjh
2241080955,pfssw
8100809075,evslg
4612339585,nrnro
8048159106,fyxhc
6468833053,hjzqv
7760753015,eafgb
7303573003,cpiub
7009116605,daavq
5255181967,lvkbu
3532882033,fvbyv
6559664593,umfrl
8928536149,ohpxz
7840851677,vexbg
3766054311,kpjuv
3577297132,nutpn
3422082354,fjzey
1697607675,ebduu
3831552866,akgie
6612341011,jdvrd
1679385503,mjqwi
3025296340,zrbnn
5507845700,txkdy
8884542224,ygkon
7201419834,efgsg
4068724368,zilqc
1927785809,cguzk
1220896707,kdfys
3192597518,bzdqd
1825369804,wbxbd
1995642231,wievg
2716037625,ddyth
5530429083,avarb
4304603982,rqjvw
6919943291,rqmqr
6486516694,suvqk
9887762432,mdfow
1007903399,mtcwp
5862170793,nphmg
3649472278,dckyy
4294809866,kqgvh
5589984276,snbid
4213441825,hkntn
9878530983,hrefq
1364855372,vhlsy
4159531676,cuack
9812462694,nqtea
3508550636,hupea
7824041771,qatou
4791991348,yvdkd
8282751264,krbyi
7374751234,icufe
6031905067,uyihd
7479196035,atkjw
4885075484,ecexm
9754847247,dwpun
8009286657,pydfo
6280376926,ohhrg
6847753375,xgorc
2662543774,dtcnh
2105757550,whsms
4409775145,uhaqr
7610679891,sqlpd
2788943346,nbchu
1112668938,jeqnl
9099777045,gjejz
9793561116,bildd
9571864975,hgycb
6889611741,etggr
4302417066,cfnsj
2662377773,kmbak
3571235883,nuhpx
2810203109,ezqbt
9175245780,kaexi
3735744490,nbggk
4969998919,mnigb
6969718810,onqjf
6395287411,lfeof
4087537959,jvhvz
3346652323,muyge
2399880807,kbccv
3145007237,ryxsg
5465793759,pfevc
2432704108,nhftp
3695699016,likec
9396276134,ylwig
9555671259,oqypd
9361546474,cekcc
4640409309,lmmgf
2835010837,fgidr
8947568796,hjnol
1095799048,ltlod
3653970639,vlgkm
8076817740,qngke
7416880534,kljle
2599767272,hwaeb
9905130343,eylew
1107803127,eebya
6716184169,rqrfa
1074115942,scgic
6434967677,nolwe
1278548159,hwbaw
4021496309,thrdd
7454651067,uouzw
2960973797,mwdfu
7024848901,gcqtg
5673748834,oekqo
4982531916,htaww
9249900555,sywig
7644010842,glbpd
2062306365,xsddg
5492474139,hteda
8736826071,yaomm
5608129558,arjbj
6237811468,cieun
9419926015,gspds
6313297189,nvbzz
5500177557,wjbff
2904220789,prsqr
4877451875,pfklj
5364967099,ehfus
1150251882,eejhm
5079115591,gvokx
7558230755,mxefl
8803417264,okiiu
3042470945,dqrgc
7977742000,mkizq
9480452310,tnihx
4732783622,hhizi
1868271138,bycfa
9616302301,nepgy
3318423515,sfvzj
8549309838,wiahg
8520877148,aemnn
6313337977,tnszm
4457461451,mipkk
4143960579,lsmqj
7978836397,iucns
4228048951,ylusm
8205531950,qwbjg
1129129170,oibpr
9469961015,stvab
4799005279,wklvr
5368044392,hjisy
5746862653,fifpi
5990087681,jqjgm
4101904220,yqrbw
6361953895,hacne
3086269928,dymvr
6259703661,esnth
4591904919,cdwup
7551550846,txvkg
5326964242,qlsbw
1690989410,irpai
1923272480,kqzto
2409765634,cpibp
1269994921,ohctm
2391622276,okeex
2784846072,uqsqw
1984973748,ykumj
2669867390,luiox
5944571373,ttpox
7598463928,vfnzj
8190768075,bpkbv
4651621846,wsyip
9992212082,rcwrl
9979889039,woodi
7794597400,cflht
5191879200,tmrpn
5368442097,clywk
3929302668,dmyvh
1543358017,vmtmr
6951939943,zadnb
7738654804,xvbsx
2514632133,lacuq
1571275673,ozhqj
5977781140,gfvle
7970733607,nbhds
3237022696,wwqmp
4977462542,nrvtg
7589558373,asmjn
6081866950,wrxvs
1301007037,dzxkw
7713778022,aoglk
4158496047,oxezj
4555917971,qqhth
4942070078,qhhal
4656271868,dryws
2639779435,ayrvn
4629197209,ioxzm
1805281850,nyesl
9179393434,rqmcv
2299637344,unitz
1157305571,lyrby
2488547434,abtkd
7273994847,gujbf
5516033533,gowad
1037687005,xorji
1183607620,siggk
9589841035,zdtnr
3482980848,hnpzg
7106507439,zthqv
2480438226,azbjf
6965104168,jjhxs
3823315881,mxpaz
5796137007,lcvuy
2216614426,zwzvg
8095995141,uxhcy
1941578651,dnzie
7760497065,mjjqt
5394195567,bbthi
4000911732,nbmjz
9839277956,eowph
6562196221,jojrq
7357423357,nrcda
1023803800,houlz
5988205406,yqugf
7200207632,jskrj
4058994749,mndxr
9192376511,quefj
8953644529,fzchb
5654717253,vpxnc
7719439176,nvsxh
9983892152,elxeb
6290056897,gjsjy
2282382305,tmnwh
4496176937,wukga
1756638737,ngnoa
7167467470,aapio
1557586649,qslzs
2839250056,vfgua
5926876996,xcdrz
2791989061,udfxh
1627072353,uwaqm
2807968352,gpemj
7941920340,xaxnb
1276844735,iwlpq
1054420944,sazgu
6457309073,vewyd
7313489626,ojvsn
8489320253,kcdgx
1565463410,aultp
6704623680,ltosz
9759622026,tfzux
9730740283,aboxe
3618321670,kdtfi
4070080383,pfzub
6971131606,nfqmh
9029149923,eshkk
8712990901,uykly
7146494541,ucxwr
2587559606,digfy
3233161290,bxwju
5052354687,kuupd
3869384208,qtubc
4026628093,lsybk
8794768389,ojnyq
4168602733,fhplt
1829999523,yyipp
4726717383,umsqm
8939231255,hvvhi
9519501349,ywtvu
8363037918,febfv
4044462441,gekee
4099826602,zxtfr
7318987843,hmjyd
2963142083,ikupo
6042612387,lrpkk
8847591253,uthok
6253825185,cwzjb
8541693361,copzh
6719953231,sqkmp
2447333768,mjwsh
6244785411,hewgq
6408131589,nsvvn
5779748724,jmqsc
8409900615,nckhy
2388385779,ehzod
1283222582,xcidn
7812398034,jceyq
4398602706,orpdn
2863271794,ciazc
3529548601,mcddq
9247892581,vwzck
5925543985,xmlor
9541348694,dxqlx
4123779065,xisnb
2728370070,iadne
4509610498,gvzuu
3008595580,prbkx
7000618885,fknin
4332962561,zlvuf
7356869908,nqkaw
4216357599,fwaur
8115790955,btuua
5492568749,badwp
1065060186,rivdh
5120219904,wgkea
3642216216,qdxtc
2793722969,ewqvl
7969299085,lvnci
9360997884,lohwe
7350805635,cyyhe
2424182562,itifi
8600895122,fuuym
1530730596,hiibo
5459483067,vdryt
4410646142,bixdk
5219254392,njfyu
3901214427,ofrdc
7942703740,oyzmb
4815181181,gwfod
2399667455,oawmd
6115445619,kcblx
7232289064,kcmpf
3556757065,fmnew
3358268968,bthnl
7251273778,enijg
7915831741,tjuph
5029113096,ewoab
3698171521,qzspo
8441343809,jnjdc
8313310790,sldug
4907444879,dqybz
3986245777,fozor
2526969560,kcbkw
5363377307,llscv
3059276469,sjjtz
2121774301,rnept
4950378344,doepl
5461033475,qwvhi
9266387128,sqode
4636437062,zkfzs
9843544723,xcvjn
8627567300,ebqfz
3259522375,jkule
1606243043,tolse
2149433818,uyasq
7272460702,ngjci
7116731919,xyvsg
2495162016,swlqt
4066380721,cpqck
9996003483,frsnt
5693931499,haupx
6869800602,ldojz
6279595222,hwxwq
2932226517,rsfzz
6740189559,ysenp
7359383263,xzbwn
3987658965,dvypu
2203312102,defni
5264451782,bprxv
2046235234,zqrxc
9789050702,ukpgx
7497718076,bcnus
1584083119,gbsog
7868956098,mlmvq
7043262021,bslup
8016838338,figxu
8249596481,hdxew
6260192763,mdubx
9942044874,zscug
1770193897,hcohb
6923171534,ucwve
8517221882,rmboh
1890673034,ftbkp
3860629557,xrsjx
1962808753,uqdyo
7974600952,lislx
1684403383,hymje
4803049450,gzkfi
7945929686,crfrc
2149466431,vwxrn
2828609718,boprk
4770157563,fafaq
4122452643,dpdiz
1515555034,bzilm
8584025249,xyuyd
1619839371,friwc
6959119498,tkkfo
1764469914,hdzlr
2223932363,giejc
5256516090,ibxfd
4364051736,jmyst
6306029508,cuqzf
1373163821,xdtpq
7478639770,cvsdv
6673753157,ggfss
2705364590,exyfe
1331958224,xvook
2611288421,bjkes
1001126635,jebss
1667116768,qslvm
3352809301,nfjfr
8231044621,xbohd
6403874786,gerac
8538494996,byawj
1671669725,uymvk
7265979231,iasng
9677443215,wbrka
6698654129,oyrqs
7095911031,jwykr
2141946616,oeodo
6844445226,tbmas
6214105105,aranu
8977230013,rbecb
9892030871,thvgw
4032904783,guloe
2345143643,rntws
2069666539,ofqvf
5171872740,fvfop
4999288788,kcobo
8115810999,yudvb
9721205070,jukqr
5699628165,kaxhn
7923727669,ndvwp
6840210826,gsmem
7641574936,gudge
5883864460,qxpys
4620825463,fwkov
4650225402,piitx
7569146421,bszwi
2042988736,inmdb
9235430810,pqovp
4042304668,jzxum
9283176354,ulruj
8701474746,bajjs
1607144602,mgycq
6918136592,oqvuk
8299823031,yiqyf
3448351835,obxhc
3463596659,cewko
7251581452,ofnxt
4656678142,edxtu
8768199763,zbkhw
4927643885,idxxh
6601160819,fmchb
3166495504,ofiiy
7499592251,mbsvj
5496681008,cihus
4968320905,xyrhv
7511712027,mqbkl
9294045168,ldkmd
7973538331,jpmwd
8205886178,wxuwf
2367171806,xdrau
8372582173,fxjud
3933220591,trmiu
3922515319,xyayt
3753494313,ikzvc
1631910857,dhwqo
3628673692,ztwqi
3614712499,hcfrt
5960491657,oijng
6569673303,rcbwk
8515683301,bzens
5976318815,nskes
8406639695,nszlp
9403671308,ukrce
9904362567,zsbvz
6466267507,oqrwu
4546393155,nnnsf
2873451813,pogpg
5635079220,trxqk
2481577813,brknt
2121681812,efnsf
2673584743,yksuh
9760359108,ujuev
3579305023,ztszj
6493917074,ffbtj
5760942180,htoab
9918696802,oqdas
1763352553,tgece
6549891329,eosnz
6420300727,rkhgv
2253735890,rgrqn
5428942728,ahbhp
7942054857,gqaji
2558122652,duolb
7908251124,gtvwf
1839724149,rdlsd
5275901434,rkklz
2557151074,bpuyi
6686688938,kfddu
9108896541,qfuka
6527886714,elhhz
2214728898,qekha
6976385506,hregb
4251352161,myhbg
4140107117,rrafb
9492927356,muyhd
7925489180,rdehw
9244167315,zvfnl
9431057043,ycjer
7132285777,eunwh
3708161636,hplin
9290576436,oegyz
4947108809,eykzc
5216994951,fffyo
3874279452,svnye
8231472249,efaey
3150477246,ujybc
4802022605,kidax
8664249364,lwsyo
9317476536,jadei
1310787823,cfwpc
9339439182,fidcf
2432517604,eybqy
4175067595,ljmch
7666213489,luybo
9020069590,mklgt
6047687930,qhnkv
9705009867,voaoc
8790722582,gmrav
5773065170,giijl
6074441487,mypxp
2348650737,lwbzs
9104438224,pkgjc
2472587172,khmbe
4425848365,fkxdf
6030752274,jhkac
5909494663,narau
1658869786,gboxz
5304859230,cbtxq
9509194261,lmybu
6756117028,evnun
5954949174,dulim
2138851287,gunri
1045061765,jewir
8221082588,wlbcx
5812435224,wduml
9640393613,mcwsd
8359781203,azrdb
8015662840,rivhi
4773713773,ixpni
5354859389,ikoof
9959704571,ryago
5576753833,fktrt
5615732697,qrhey
4953227685,gghev
9020405355,mdslq
1336485031,cozjn
3732551860,mvkyl
5132263299,brdxr
1862538068,zqqyi
2696064681,qhmpe
6994076842,jtnpo
1987302850,jwmeg
7305184966,boqdg
9538286586,fzbln
9575550278,yxbdh
4995888636,xhuby
6066260329,gzako
1693903440,bhgrv
3590601317,nsbaa
4992452516,qykuv
9174116645,tkvpx
3078458014,rsjsu
8181299659,sbozu
7509126170,fbuia
9190254458,clxqk
8956689126,xnvvl
5765380775,nuncu
3084477535,ysabr
3626301606,trzsm
2514331105,lvbto
2614874886,yqvxq
5068231691,yfsjy
3700334860,kvwoo
7394351277,xjqal
5201739856,mrdcs
2058471504,kwrns
5970974628,aeuzi
1299196271,nvwbi
4145338145,mwprf
3456823825,zwgls
2783878773,qcpms
3324359158,ggzmx
3086172762,oxdmo
8386319732,buwta
4198995479,rzlpu
7343930075,hmfuj
6626237581,wpzwr
9539462371,kytig
8190993434,dnyaw
5580442609,wldor
1615019322,zxabx
8042338989,uqolm
5107113322,scvsa
7402767192,qgofu
2326081354,hqzkn
8841864832,ymknn
9934272211,urkvi
4204400231,ecdbb
2997114118,qjwtq
3656972613,qnvro
8625744120,hepxo
5478002732,fmsdu
6711362937,xkchz
5742005376,kcxhr
6036033943,yikmn
1583791256,eyfou
1394506260,wyiaj
1403914841,nxlrt
7062321520,uwcge
8602726837,zdxsk
5315599296,rnyms
9769755288,hipdd
3326945414,fkxuv
3777124775,svbym
3440672721,lltqa
6874475407,zqiaf
8538322037,ieybz
2673979091,nmjmw
2421879248,tpggk
3345804158,pfjyp
5743039287,guxoy
2352257179,gtbsg
5454189495,hnpxy
3572258895,xnsys
2661303803,lpyfm
6479003764,zttwg
7354419869,qkhcx
5822286784,wbetz
1941992309,bgays
3660031149,omqyf
1875508841,njdya
7818405256,etynb
1090603693,jeqpg
1692208800,antcc
4469766276,irysd
1959303289,qesrn
3878366783,twvvq
4791007971,zrcuu
3708990973,wvetr
3953196361,mpovn
7454698431,qpydq
4892601270,tprnj
9611031776,qkbwn
7874906630,gylnj
5923213344,xrird
3388063653,jnhto
7256682012,zzmvh
7045005374,daqft
3028922667,rejoe
9107890211,crodr
8687146938,cnqth
7448886733,gegtx
4695523256,rcaqn
8466172128,ctmjc
1958151645,usrsf
9073082423,nimvp
9782666445,ssbod
4723007643,hyupg
4521491804,ztaem
5857084906,uwzfq
5377503134,lfpcs
2657723244,abfyc
5351875434,jutuu
2587254145,rufgu
5063355972,hvapl
9323445560,wbvkg
9984790265,hwbjp
6786759345,ssiye
8918115435,kcbtk
2102913901,ysooh
7240279389,clnmo
8883441932,yrsyj
1315824334,kqoix
8867159724,ssiwy
8031063980,dygzh
9787913299,txbrk
3867661108,nkuva
6248508579,tnylm
9976641197,soubd
6066779612,daesg
2818178880,lqdyy
3564139732,krloy
2510449131,bgobo
3304846071,ghnqw
8448384240,ufgix
8920972582,uftis
8852980054,htkyv
6894760238,zusdk
3958384496,lyllz
7606200773,wxsdu
5264551175,ffqui
1933236963,rtmep
1230278486,fqzge
6731544000,jkoyx
4837428476,uhukb
3357054975,wgozt
9195263786,zrfew
5761889990,nnvgb
5282710548,qzteq
4895474612,oarsw
9751974174,wfpgj
2215076899,blvgt
2833022838,srjjv
2753785896,ectpl
4340747734,vhjtf
9743288188,xhwsj
9534332795,gkjhk
5734658388,jueyl
8186675624,pcxnc
3054061329,uezdi
2835430212,ixwml
1707149061,tsnda
6974787272,pujln
4510706193,jvcqi
6946082723,shaom
6271766790,yiknd
6794645322,pwhig
4187755011,tirgm
4280611034,dvuye
9586676348,gqfnl
6117069096,jlzrp
3436459723,rfdrl
7462751765,xnvhs
6707717701,xknzw
8538981119,whmfd
1740214155,yqovn
9176128107,bxapo
7502305449,vhqki
1255500012,thryd
8517137795,mcjnm
3148708940,ikirm
6043569337,ljteh
1882568632,vayjw
1562489337,xlmrf
9476659221,dnhyd
8045690059,ckleu
4820990374,wzpnr
2153462822,cqwcc
2560141548,tlani
3448873550,sudfg
1452100157,swmyj
6050871746,rhuuw
8555522234,xumzd
2204905726,lijvo
8127880781,aspvh
3714750911,sgabc
9028349302,nnuqq
1561301581,adeyl
7630431761,txwyo
6280222405,itmvu
8411393629,hmsvq
5275736696,nxekv
6052035477,elhtt
4020829680,lamfb
7769034769,ghoag
7893320874,qkewd
4994416822,kictb
2811167171,xcmrm
9879995675,umjwu
4599497652,qekun
6729760840,zgkux
6602928857,pzbhp
8704263656,qkxvp
7722833139,ydgov
4577028675,zybnf
2041831690,sbiwm
3508389850,uvlkd
3518946014,sjsak
7694335442,sfray
4108228265,laeal
7012039425,bnkno
5301687393,sjofm
5516026802,jkfae
8663076976,etrpu
2514493034,nlrsq
2613184598,caxwl
1977447386,mtlyz
5657157037,tsgfz
3078930863,ngjgm
8723045887,luavh
7308365127,qwauc
8419718223,qfgph
2055137327,cobxu
1612583976,nwbbs
6074804767,ejuly
2049693817,xzlhm
8725051800,cyvta
1003260410,xgkry
3343812989,ozioj
3928462991,sfukw
7756842602,emevl
8294349049,loywx
3186203564,obsnr
9118583604,hydzm
2012102015,arwoo
6309012429,nlxuv
3359313935,xagfx
8621137312,jlryq
4380909928,yzpux
9654021943,qeofv
3933421862,htfob
5299932096,ilpet
7280368866,bqhxg
5369809604,cskss
8849188440,rmvbo
2681082734,dmxlo
1245893214,qexxq
1407625209,ofgfl
7033161632,fzcns
8355773002,nsogl
4740226155,wxwlj
7112931279,dsqyc
1757882591,cahgc
5742244318,flyzr
5953296514,yznml
6326754082,yzgre
3172734120,voafw
7264694178,wvldm
5333223209,snhlv
3078271042,lndyf
1693798227,iscov
5953264935,lamqp
1944213087,cdphe
5189614312,wiahd
6231260498,bobof
3211286237,ynkua
8105042424,veukm
8074975673,gvebc
3927924027,qkedn
6833730415,jcvcl
5728344388,btjvs
5444110785,msoul
8968963152,qbzau
3270477129,abunm
2525918393,grtki
7416272964,mzwvt
2948915820,eizot
2161881233,bgrkw
9965325523,vzamn
6252594288,djzqk
6561025241,kphio
7246624093,ifgsm
2915081580,lrpcl
2278059363,cuhbh
6455949457,pjhxh
8056391237,amhmk
5105978417,zjsie
8615250257,llyto
2146968096,gvkqa
8440357997,oteyr
3393448666,crmlb
6902527810,gbsir
8700588736,fdymf
7888718762,tcpjd
5131428510,zemqz
5488216003,afrel
6741037202,luxkl
3003671829,srwjt
8437316960,zxefg
3521354815,meexd
6622580397,wgsrp
2377902378,rkzsm
1685776439,kjhes
9376167394,krwff
5753593156,ujujm
7371786947,qussn
3403594303,fqbpc
1913227399,lpalr
8893824830,vgbha
9107709447,rvslq
2766100009,xsbwc
5183484049,czxrl
3771917718,rtesi
1221266036,mglhp
3448726586,eehwb
6451777136,zwcye
3186393915,dfaid
1353206921,vmywo
8209664186,nvsrd
1722919256,eiyjh
3334926858,cqxvm
1083436796,nflgo
2467040813,hihqj
8263421451,cigxd
1417033505,ykcjv
1979283016,sswpn
4142999148,fotka
1176073245,irihk
6773902876,nrlif
3688605934,rlowk
1853846277,lnrtc
2601357889,lrlqe
9132282595,betgo
7427857070,svnpq
6766122017,kftiy
4399324983,euocp
4937507971,wklyq
2716244040,suxww
4316156295,ynsmm
6157024768,bhbiv
1366419690,nahyc
5692955550,uyflk
1706880376,yztcb
3128543921,hhepb
5450099067,qgaqa
5725053808,glzpk
4773659651,ovwtp
2703922062,fhsfy
6166189554,qjntr
2801938922,znfnu
1684607823,kjmng
8206882067,jlxgu
6381649288,mnabv
4798694790,bopdz
7600661125,jyxod
8474155905,mzkdc
4151841358,kxhhp
2790052219,kavyl
2913316974,mgpeu
7062376316,luqal
1473522977,ikzcr
4950820840,tdfgw
1087296748,tfatc
8410422666,vbyrt
7356771145,tgwel
6757210152,uuvnx
7185613384,dwqso
6375005700,ziryv
1375272908,ytuhm
4659000232,rahgm
3183586037,cjvmu
6463019431,ysyek
7295587843,jzayc
5446681222,zyzuo
4573493809,xbhju
6157575434,dnwet
4232266925,uuxan
2601964860,nsdze
8320674844,foavp
1689736218,mymqc
4635043124,kbxil
7078064854,yblei
8902408553,kcsfg
5894604664,hxpvk
6523487003,qryla
2388693064,kdjul
8908771726,zhzdn
2548369812,qwnor
4402622001,qhung
6824041036,xqtqn
1014398499,zbulb
6613767756,nkqjk
4136419378,vyynm
8238817191,uyqvn
6658546776,vwkoj
8769804484,yorei
6561046893,utvce
5213089512,khewp
7175451196,jwnos
2110560864,nnvox
9961757198,efqhg
8492022355,dylrp
7599838597,rlgwe
9720103295,fafye
2220215309,abmqk
6118015575,qpjwu
1091253410,okpac
1812716279,vgqxx
9363303788,wpfli
4223656649,gspvf
5543514736,hgoji
6480739292,jxtqz
3666252478,eoysv
5817358635,vmlho
5940856819,qxjcj
4223520309,dogyc
1019339957,ehabv
5537568366,gzbwb
3154664619,vlvym
8299210997,sqsjd
2681751581,npuie
9215297297,aclso
3892745292,hubxz
6826311238,xpjrt
8672975728,qgbja
7662143345,mqtmw
9249844868,mhpuc
2339589717,lftkm
6718919455,ydcqc
7558018855,ccepp
2776448280,vchck
9499640424,ojfjg
5717494327,pgimb
6030896612,vgtrl
3137263029,xlwll
6108725063,ukjfu
5355173912,witnq
9741900844,bwxvn
5792265807,ajxpd
1609032403,jjycs
6586265920,icrzk
7866912534,lltxc
6229325836,vmvsh
9561766396,dmjtn
2858901787,jkryl
4106465107,hfyrd
3527539920,czcry
3842062342,hoevz
5431231399,dmsqi
2034261573,klzuf
1413369129,scaky
4691672845,ibfxc
4289678487,qlqwq
8546201586,anuoc
6972279980,jaqvx
4975211634,oshbb
8582259804,xokyx
4500533661,asdus
2132549238,zbeio
2585767600,vzpxm
3401540462,rjkdc
9988267514,acnfb
1227558674,azqxf
7204403272,gnysa
7492215124,hxmhu
4585706615,yaprt
2668591426,rwtda
6490368452,aiuei
2520842833,ajfrc
3594950277,tpyru
5826426939,tkvgh
9882998369,xepzn
8318096763,cpszk
9784281204,flkgj
6000679562,ngggx
5828420118,ljvnu
5172986403,chlez
7017327577,snrsy
1078835742,kpzxr
3047607734,ralyi
8763425420,krbgf
1816008810,qbqaw
4787769521,qioze
4448947154,sfhlw
9104856178,bgcbw
2939862460,ctmnp
3164644796,shted
5340997496,zcltq
5234699007,cluii
2812589648,bljvq
1442817696,xmjnm
1842401358,vlacr
4766694069,stabd
3449641294,isvnb
6855590345,bagmf
7592444768,plpnj
4532512393,uhbdj
8748652129,atfbx
1967665511,xpqzc
6440439166,abpeo
9431571990,hljkq
2382717061,yqsnx
3863162812,gdfdy
8397624241,ilbxn
4763537013,uoafn
3686808952,icvpl
7715218276,diktd
3227581992,zgsve
7998321127,cptcx
7919795058,wzoex
6117573888,hssni
1934258155,oikzd
5293141458,beubr
1275354844,hctte
5770851962,revbu
9989222255,ojwss
8763653053,gogrc
1404415585,cwceu
4012852230,xhult
2143457016,xpros
1973933178,efqyu
6209690326,ojket
9962666215,opaji
4710331366,bboks
2317003563,uyogd
1927632196,gtemd
9086312715,mubpy
5409616641,ebpyv
7039052912,tsmne
9292012938,eklin
3117748100,xtalq
7008947844,nchde
5911288935,ybhkh
4297395501,wynhm
7340520525,lijpw
3242964417,gyrfz
2918130810,dhjed
1496239939,wxvcv
2294040791,jngqx
7216647757,meltp
4679623861,ovfbo
2830733800,yqwqh
6500587836,batey
3860296903,ejqxs
2205603014,aiirb
2423064707,efqux
4680590242,zuvcj
3094852900,vejsq
3293797195,ilhqk
5048819858,cnycz
6291397262,sghwb
5923688281,elemn
3509887767,irtkk
1908913948,kmbof
7919522430,ogmhs
9399555574,vmczy
9636730984,pqbhu
9708107098,cafcc
2645860001,yjzhg
6742044228,yvgxz
1410613201,lgain
5389874793,wujwb
3029985221,qejmd
9364440390,lakrh
2008313249,eizka
7116916345,sadbc
1192229704,wuatg
8939054501,wyyqj
6521857975,vozyq
4475881127,ploje
2708342900,dzvvh
3151754028,cnoyi
3710008214,svgsw
5761083821,ogcqj
1014261064,jbpai
7387544794,biioh
2315539177,kzoxx
7234667889,gglwg
3176756181,hvesl
1631718788,ieggl
9215181957,fswjc
3564678256,wqogi
2966463050,sqltx
8231686671,atlyg
6314889968,jwrzy
2537106543,jgnud
4151650421,kgzdm
9324491327,gywns
5151019127,tyopb
5740846516,jpzfd
2395871024,rosad
8221660790,rtonu
9492283967,zhpzi
6253308571,akwml
1187372802,pmzzi
7131076290,pahhn
4081832823,hiuzb
1608282509,paswt
8752711630,ijgwk
8054430016,znnpw
3146791713,sfdsc
6758770182,exvbi
6159902500,fsujo
5876366686,wutsm
3153134234,xpngf
9891570119,chrlp
2523214848,fuzpb
5879137655,hdczl
9825100128,dgzth
7629490571,bpqls
7081903146,isqtd
1788912793,kavme
1161873264,cvjur
5026854555,wdyeu
3343968717,aljmg
4455318986,ovkoe
8246588894,vhncy
9679918548,npson
5681968407,epskj
7403006564,qsmot
4011658300,bqzdg
1053008175,segyo
9478941465,ywllt
5029546660,uycst
9886755671,amogt
8956867319,mcnin
5027821313,qgjve
8085180500,rdbko
6575589975,ibxtx
6121016076,lvmbd
7551037975,zdjff
8800759364,gopaw
5545219487,ozqun
7581001867,yksgu
9074999487,txsli
9719565039,vbipq
5813343715,lkpwy
5050908829,vepvc
7554293470,ttuia
4705835595,wigae
5802167393,ispjo
8317930817,olrua
8164936276,snonj
1883899174,vrsoh
6933152293,cslmb
8891724630,ifwaq
7666976334,iyyxt
5341084273,fdawl
5082060182,rubqt
8140255969,lfctp
5945590972,bugnh
1526175064,uuzwh
8214558141,nxqjj
6204255446,kafsc
6129843004,wtduq
8246822338,dkchn
9598503062,bgrjq
3872225543,vwtmt
7278699987,sjptj
8767515746,gphfb
4520565768,rewcs
8652958107,eiuha
1430285055,wuehf
9348024997,ucbdo
3710057178,btibm
8057415867,fnysm
2528708331,itlid
7624763748,yrrjt
1806390183,oddew
9143460761,ffurz
3838395920,rvhwb
2796619801,fmirr
9454928206,zrork
8825556334,vdkoy
6760535138,czwvs
6142717882,ztcrs
1589230094,pemhh
9803835369,tamgi
8595267973,ovfbe
7318232829,vwpva
1303610409,alwea
7076032996,iwnkc
3041121731,riwlk
8891995076,wqiac
2433227759,bkzfn
7300487858,gvgpb
5808926340,xgnmo
8051700991,cojzz
3140952048,hgbxl
9615143018,lnqzm
3004237258,zyemj
8319013983,ceunn
8904462297,caoqv
9147427595,rckna
3048595776,cbhuk
5079237728,wcmih
1896410160,klksk
3918336230,dkfqi
6880995202,peour
4739654260,hrseq
2642737772,dzxcu
9250506913,eusjj
6996506759,xovlj
5246277437,ibkdq
6275632924,hipks
2992111763,kvlno
6797198457,jcxdr
2507159483,bqpbm
8646329826,aabwg
8429455462,eixef
4251328522,gnwvp
8231049591,vtxtw
4073294852,xczmj
4804476016,apurq
6605593757,xyzpq
8021321006,tbnpm
8181993914,xcjsm
4335667259,yytyf
4833639982,fkqke
6817400488,bksnr
6929269997,oejib
9315425495,jeiqx
9016320908,vuvha
1546239570,pxpel
3480961028,uboxg
2726796746,mewga
8710033416,dvcqa
9923676500,ooscu
3606625250,hryoy
6025652794,cvldc
4918315176,durdd
3186170562,osiib
6552883270,wegzk
4691188611,kxajo
1256906039,frurz
5759864771,xswly
3871859675,bovuf
1110752172,pqdwx
2867613231,agqvd
7353673580,zatbe
3757145534,rrsvb
2814414723,yrpit
2093821922,loyzq
8702926904,bbnxa
3646521862,xafdr
4050810280,arjdv
7077693420,bgacy
4471637345,lqtuc
8138027657,fdzad
3973734607,vqmne
3243333520,zwvmn
8860703111,ppbow
6754687542,xhswi
1682803269,sdziz
9239282662,slsze
9471715930,wtwvv
1082317686,vhqwc
6404401012,ehuyp
5806861746,dqbfu
8008926339,npitw
6438486855,nhyce
5697291224,betbc
7858897202,jgtmq
5061386805,eqmyh
8739309478,xvfnk
6387752355,hvtxg
4655381687,quspw
9980082642,eycln
3573682707,gsuam
3235538817,iekyx
9765329300,qxktp
6030951194,orsjj
7137446397,ccbpf
9592427258,kinrq
8092348018,ldrwk
1507275872,tqowy
7326751025,jiqmj
4087475765,glerr
2336393236,ryoyw
1579078840,ufhsz
2962785115,doklv
3644500199,qqghc
1654024834,qawrc
4551457527,bekrn
5930597876,aepvc
8193653380,oxhmu
1541712253,geojd
5494078525,czulg
2993582015,xqyrz
3150874315,pqjuy
9152804659,imhak
3632254129,gdpot
5176884543,cthre
1441436981,kxlwo
2868809475,sipyu
4122165985,sdqrg
5693424804,yvhgm
9007906230,uqefv
1336577137,zqddp
2291955143,xxibm
9027811064,kmskl
1589529107,rfrgx
5574399879,lswxc
4426089475,pwrvk
4895214885,dzfmx
6937771127,cumih
7347852311,mpshp
3899069387,nmtcx
9199159285,hndri
5673906748,wwqog
6706582414,ijilv
3684604211,figkf
5702842354,zkolg
5354677803,bvkzz
7247694137,rddsj
9745707208,qkemi
7591260429,ppead
9568542165,ecorf
6384345975,mpcxo
6656122983,fdwoh
5905110806,nylmw
4408878803,euipx
4566980078,blxkx
4284124347,kwuyc
1126351203,lkkxh
5431229450,iaixr
6588335179,xzfkp
8574215637,egumr
1355382586,ioles
3769385376,vncvx
6539537235,qtung
9592011778,zvfss
1647074929,osjou
1915042341,zincj
7488737509,aodgy
6930198275,lwhqi
8549599879,stcoe
4233877941,zuabz
5724176872,ipcma
7936070282,vzzvc
5944281712,jhunn
7175616464,iobjh
6204767246,smzmw
5011382692,dcxgw
5269910252,hphbm
1074217348,zmfqz
4551425259,scnkn
3469909362,ukhox
5996854087,gpmrr
9123452518,plefk
9714820382,qphhy
5508750156,huwcu
3106349411,nsait
6985992406,hgoww
4975501485,fbpmr
9246581599,ylsgt
3172659332,uvfwz
1197798940,extxe
3601368225,wwnip
7298968405,wsigq
7005626447,xdzzw
2027124556,xhosc
9997577375,jaxhj
2535001496,kttxb
3840886693,lrwam
5371963918,chstf
7556448014,qtzgz
4174639027,dqhkm
6950510337,ldpaq
4281658987,ahzmt
9700848978,wwfyr
3704214189,nsyzm
9836804057,bpxfb
5535194696,lbjti
7983237514,sddpe
8516486478,jycgu
4737028478,civkn
5384869844,zafbb
6117480800,rfvvd
8983899902,ttpvh
3041318934,yqfcv
6434518265,tbtgd
2394928818,jywkb
6352808444,ikqil
1911833401,ybmjk
8353338800,sspxz
4466893281,ojdho
9431283623,eidxj
4793947639,bkmqn
5526688993,laivd
4400630539,kdcou
1748842294,lyuei
7788685421,shbee
2903835905,tcvwy
4935606999,jcwch
1560920326,qnnin
4506294063,xnfev
6336286969,yluyu
3541151692,pvtmn
6243403149,ifweb
5543026443,lbvvo
3080222143,xnobc
7745273152,soarq
3327381095,nltik
5439145234,pepni
4549895497,qkdep
2368970755,yqwvm
8353509567,anbxb
5468588864,pwhtn
8784526487,zaqhw
4587960982,puatv
2447408066,kkkhp
8782458005,azuzn
3922629945,vruyy
7393471328,knhup
6743658763,iprkx
2783766263,hqqih
3071337083,qudxx
4884038539,dzfrk
8068747989,ilgnd
4141233066,dlzwp
9974224721,dvojw
1869686107,qound
3164180564,ywlwc
9855036330,krerw
8983863748,qbfpg
4750254118,wbtzu
5645796144,ipqik
1385061013,awgrb
8259281380,dzrod
8452283981,cpnvi
6504572361,blrgg
2806256977,rlcqq
5878324076,nxqny
3363193632,xkoxl
8763338929,kxwoo
4126425804,bknil
8657075688,fafig
9399944519,nrkfk
2215552163,wsgdd
2331115240,ylcre
8186973521,mjkxu
4373134122,relza
1509704504,ixacw
2079516542,ygrnv
2529585863,znpij
8087667877,nvejf
7420995966,isvho
9732283141,zhscq
1020203988,kdall
3996855869,jvhvf
7846456141,pepgh
9756110003,ykpqg
8082454241,sirds
3795511928,cvenx
7165790599,aeceh
5934568811,ilejq
3748585134,loonp
4115792769,qlgyv
8821381356,lydrv
3320339674,jmley
1245991335,uddpa
8083402505,leict
9559067266,yixjg
7365331402,rtmjn
1527217273,ulsvb
8544265230,xqpya
9018535515,jlugi
8915091059,gucth
7093186793,syfoa
5924936501,uiwpo
3321480002,xyums
2918204134,qdyhb
3888307002,kjlsq
6009738640,ftdas
4199229791,ymzys
3958705411,wgblo
8943538788,tpods
5211934012,ypanx
6105512242,auqlp
2363021839,vnbpz
6932575394,hijwu
6443015793,eyylj
4389351479,lrrql
4616691076,bnhwg
5770370962,hlgoq
4419754391,qffpn
2169782588,xjjmy
2737654467,xrldn
5660785292,woukw
8863695323,rnjnd
5439740091,hbjln
7360866469,krgkb
4344458751,ssniv
5062041721,nvamk
3994223559,fyolo
9418763744,bzayo
9580051349,xuhtz
1391220850,nuoqa
8082078850,yhrxx
4256237046,zocqk
1389643712,ifqmc
3673987650,zhtmf
5911245452,kbdex
5673443960,halep
3739484115,cxzvb
3565668023,vzwlv
6729651798,hymjn
8765165721,ggwvf
3206279566,thnfb
1105866587,sssgg
9369929800,omsaz
5480894251,smerz
3234748262,fclpr
9369714089,aalsf
8383383919,xdxxx
2134709231,pjlxc
3764126810,rnftx
6628611288,qqqxm
1499827267,aciax
8065270133,pzwfu
5686651815,hkfib
9261424721,mzxuy
6084635482,ayxoc
4994523614,mxkfq
7685392079,bxqvp
3118298229,wtoqq
2982766563,mdhpt
5680624118,ouqxg
8526978240,jnjrg
1989404783,mywtv
4373999255,vggvk
6163112162,sntke
4931946654,igtex
1156783900,feeyg
7567996860,hzesb
9058619420,oqecx
6935071648,xfazu
1377153941,knzee
9517104130,mkdcm
6824728926,xhevy
5148728423,pvarb
6106659452,neziq
2933146994,ndcqu
8124758051,pqfbc
7067887929,snyzp
5341006798,kuhgn
9535774670,nhtph
8315330937,lafhf
5976463587,lezlc
2322632319,dujwu
3655713235,uajdq
7678043063,vpapo
3227040843,teago
9613448758,ljcot
9855345868,zgiar
7500347125,nvunr
4198567420,kjgwv
1883803140,caxrp
1800411658,hiohy
5494475354,wyndf
9403539003,kpcah
4292640041,slyth
3215779372,wwhwh
9992016184,dypic
5040329694,bgxqj
6837004331,qmbrq
6172919137,bvils
6085163762,rsujx
3063523183,nhqqe
6886198637,gguee
8969235106,wzvpf
6405923491,bpjlv
4806055132,zwnlo
6739623116,iired
5054557102,fyrbz
5417814953,gkxsp
6971601776,fjcry
1253810195,yraly
8921827933,ohuza
7367418062,tiufw
2563245273,evqie
1040232224,oklts
1267174629,jwuvl
1187915893,yuwng
4256252002,gytkz
8801269587,ywldx
2704489617,bacui
1750399177,efsch
5570272220,jqhnh
7854281292,yadmh
4097414675,pvqfc
1963984393,hzvab
4366647684,ogaaa
6886418478,bmpqe
7583291546,dkxjy
2536135222,selsp
9628626213,cjtqf
7646343276,spvkr
9613756311,iumdy
8660313982,mqzkr
4339752817,wqelu
3820460779,pioxx
8286308713,mzawn
5715662563,ksabp
9676369138,yfcdg
6876616615,nmmkg
8635027693,oxnwb
7713547591,iqsed
9016815685,blshg
1805918531,nyazg
2471307941,qluer
2055637395,ykzme
8503158620,dammo
4194688427,cagkv
8849916108,bbkvk
3069216970,zguwy
2888713387,bqewj
9752373452,wxdhd
3618075703,qjqxj
1292748509,ekqha
1828219903,galwc
2768853617,ofzrs
2410731039,bllbu
9104015113,aagkz
3975507259,kffef
2079781160,gujlm
1476066872,lvqfn
5352331123,tttvy
2993560723,ahagq
8507074528,smoxj
4498675061,sdkzc
9522607955,reuub
1615437419,rytjb
7072999336,xxtgk
8967499972,hmiye
9783465175,zdofb
1026825848,gkfws
8236539237,zobut
2403977197,gnknb
2801371885,fskgq
9542500789,yjtuc
8496240805,ppwgz
6198386536,bmgvl
4530992261,nxitt
9260042255,wkqba
6636350861,vqfce
5026593576,qxsvg
3340609791,apdhs
7907989137,kaxew
4565178466,rtuip
4475752665,nlmdc
1378572738,qoukj
1312109675,ronxu
4542178635,ljhsz
5541847767,reymx
3093132398,xvqwi
5818883062,icwvr
7913911073,xvgzq
4479355223,njloh
4882432484,yqefx
6828385169,vfzpu
9509496270,srflk
4740825092,jwomy
8308298934,ncuzp
5241588029,eixsj
3178013589,nimsu
9210536713,plong
8757247400,opubr
5088927331,bgwki
8930792985,svrev
6617637656,xdypg
1261431972,yhutj
7053081571,bpbgx
2666906728,wbztu
5671580275,lgtco
9431491866,bkmzh
1085599017,ylodf
7177935348,eavcw
5152153792,sming
9157670065,xgild
4526584834,zplwc
4863012656,jwpdp
6476541155,beool
2406305439,kvyqr
9612384174,wpktx
1243252381,xlagp
5215233597,emyqa
1402314459,lvkws
8146454345,meuds
4013026822,bhcox
1902184132,yxhnt
5004083593,nnshu
5256461988,xdfda
4982528411,vvcnb
9025189639,jvdga
5346357458,hqntv
6863449879,tlvsh
1776895982,ixwkl
1052727928,wpxmc
4449314321,lvgmk
5579157806,cgxil
5647485712,lqwsg
6344076436,adtxr
9633483761,masbw
2316938870,rkccw
3786514028,tfqzc
3040807292,jzljt
9217392938,rbsnk
6590177207,tlowe
4842954549,npdbm
8633029109,cbgnf
2222510246,mykpy
8826028802,zdyqn
1477908914,ikyxy
2683931086,drjtj
9228715431,djela
4950891744,ymuyf
1829542860,vgfby
6766420199,olaii
5902206798,nlozv
8321725014,nlbsd
6147826245,xcwql
5043376011,fqjvb
1861920716,xokti
8192000507,fimvg
1856503192,gxsga
5985269303,yygji
3923941431,uvzxu
1563659208,jdawo
3108749350,jwnbg
6272379232,kbhmc
1384612500,apcuo
5954445766,kwakt
1962596801,heume
7135094690,vhyfh
3586485666,kmapv
2651627411,ipdoc
8599118473,enxyg
3982408958,plfya
7103584482,vuuva
3610102245,xedtu
8644962166,lyqeo
7566025173,gjntn
9425527303,exvlr
7472413309,imwyn
1586425002,nnody
3907306860,wajfv
7451923064,lcvoz
5404306741,wtdzj
6587141895,irdsh
7451538529,wubfd
1093316734,xllkm
5700957590,ajina
5008671950,rllnf
5313961922,fxwwd
5155570433,mymwn
6038178660,sbhkr
4076256979,bauca
6376245684,okuzn
5829461589,vtynk
8051718611,qwxum
9232530572,loabi
2772226362,lhcbb
4258212975,edggb
6710712059,zxauf
8337873529,hebbo
7969938890,cidbh
7587705488,vfmnh
4803660716,vaigw
9987224179,zsoeh
4955695851,oswls
9680369921,ljkef
5909842431,ljpor
5380280061,ddkxn
5832439458,avblw
2073763840,qwprn
1198698441,yaxti
5049652919,fjsrp
5906901320,avzxv
7862634081,neayk
4907342225,aqzpv
3244819865,bjmgz
5227816584,pzqnr
7597664735,zgfuw
8149226196,fijjl
5629469821,xgmfd
1566309422,qgvof
5846982850,oiwer
7502768232,ledmr
9280025575,bdgar
4812041297,nwocs
2972871010,vtqqn
7787145088,rucgh
9573572997,npavf
8137322337,rakib
1819411902,zilmw
2041373716,ssfam
9369147356,joihx
6244202006,naqmf
6860202379,yhlzj
4973619223,clyrw
9985671486,wyipw
9053112125,ibyjo
5531853152,xpkeb
2822265872,hfyej
6563854987,exrip
3378411549,dszfi
2248912340,xdvvn
9647963666,mhsnh
9405484347,jfwix
8008285584,juctk
7014153774,fldmb
4494276721,znwdy
6545953605,vatvv
1489224125,enygr
7907476991,szhqj
9539058569,xrbwz
2786869517,axadu
5736593815,jykxd
8703304119,bxrkv
7944207361,dzvtv
9286519436,gkaie
3337526396,evaop
8733466337,voxtm
7590728022,opiji
1306202825,xetfo
6077161122,kgyai
9800382179,mnduc
6842665484,onfeh
6444393419,qxpxs
7694912881,vkbbe
2466136760,ehsgh
7337685381,cxenk
6405126664,tuxsp
9323808834,rsqjb
9465555282,vlzyo
5334470969,dbryc
9337093464,vaygx
7494605343,uorka
4024281816,icmfk
9249252601,wztge
3844233210,amula
9698172268,jkckg
8399115033,khion
5215608710,xrdgf
1141498803,mzcmr
3523798797,oygls
7788838190,ecfzw
5989587543,fyicp
7964442262,lllij
7684155988,jkqyp
1596539729,uhufg
7801830866,xqict
6026386666,dupdu
6684176138,enmfr
1479263796,xzdtv
2900041184,doxkw
5954896400,ohyyu
6865083017,dmeiw
8247247933,zmusm
5915912601,lgxty
7137110119,gezuz
6798762884,egdgr
2076715592,vtzzf
7481672672,gzqck
5945960497,zgpsc
9003769837,qgpzz
7412833118,eiyms
1516361232,hlmgt
1511515439,hlicq
4687543206,hxgsh
2578347825,njvmd
9399637863,thqmh
9190548477,nfgly
7165227130,xzsny
7074464687,pcywk
8581273806,rtsoj
7653054415,movvz
8622034703,xxdwb
8936538522,lclou
7694063100,zocxb
5533551480,fvxnw
9594094367,fuhyw
6788247129,nxqal
6798660613,xmwse
2896641945,nbgny
8330403880,lhycg
8069119373,ktzsx
9278642728,oeisv
5838440679,bsslp
7050532397,aloyf
6358377902,xzrms
8162163646,alpyg
8960633644,uhqrm
8102072695,udwcq
1716454961,tuglv
6332639878,yqwgi
5268227535,rqitu
6683810952,tugmq
4811554933,zwkrd
3178988281,blapz
9334161907,zedgs
8197140791,dmmxo
6851766671,xspbd
5060771935,fchtu
7373148242,ekrkp
7200869819,hqnfb
1952245063,ponht
7134867615,bzvgr
2009515010,nusso
3748997688,ocbka
8033821409,fcqqi
3502637875,urcdf
7153276734,nkita
6891566323,jvstb
7820766351,fpasu
1756158598,zvtvp
1967646758,jbjvs
5958611153,jxkhg
2047511002,onyyf
3073709829,pegas
8336992717,erilr
9977896804,eutvg
2996252925,oqzei
7729537238,wouhp
5185441656,hfhrt
3062102907,ungcu
6798239708,lqlil
6469487743,sixfq
2239971864,hygtf
3632177728,atwjb
7026464026,yfhhv
6102487103,hcbfn
1585475251,jxlnh
6360919868,pkaag
5167828980,tzabt
4191406095,jwfvi
4823236295,iwdor
4568470578,djomb
4138028102,casln
1800894039,wgfrv
2900379411,uyail
5614688108,ilgkv
7346704109,uujdh
1322293216,iyiyc
2126139532,ornlq
1539464430,exmzj
1667440918,aufod
6032633365,mxvil
5784593291,nypmg
9284715211,euzda
7751625339,gpade
9133213509,hyxaf
8050432998,ifreq
7152006708,puayp
6085854746,bguyz
9299751097,uvucf
5439630200,xucbq
4513955896,dfper
6692177451,ahnxq
3512420992,ayvbl
7651720587,knjdk
4587901513,pmxlq
8381371622,gqprn
4530306110,jbumi
9848950141,vnxde
6217674973,hjjxl
2004227671,rtbrl
4120240735,yxzvt
3974359336,yftky
9936621706,duvuk
7419213434,zcizn
1678481482,jbkwa
3338897672,qjiev
7694608510,ckgnt
9295784833,hrbsz
3773200945,dphmx
7404104505,fmdtc
4212100210,ojccr
5310736541,gscso
6313922967,pwetl
6555750930,copts
3013792112,zabvi
7533467280,vufez
5236989943,ykqzm
9711222309,jppkm
6579602135,ysmyq
8700240107,saauy
5403554550,ibhdk
4781004563,spcwb
6776594931,benla
2020671812,jzqxr
3930186561,qksme
6231860030,dcmgi
8928562276,nchmf
9807213105,fpmxz
3142256048,imxor
4535590332,imrsr
8361441931,nrfll
6205189037,boipf
5779378729,nzwpy
3249082423,gmxok
8349199118,hwhvh
8852213991,giexc
4628683361,lkwkp
8001275136,ekiff
1106549346,psulq
9598386761,lheul
2779524744,ylqfm
3457781072,pfgrd
3386908935,lfptx
2008042355,wpgxv
8051184220,pdkji
3756838250,bfefm
4180464953,ncxxf
5145388231,gsien
5808371471,vdwoq
6421619947,katyr
3390490753,lmaex
5018670207,uxdxe
2170625845,xbgut
7448427498,babpe
9053008693,atohs
6852380007,kmuad
3285527498,ucsun
9531839793,vgcfm
1693431288,lmoto
2696688112,jdgxg
9747281034,hptuk
3171889858,jiium
9064692504,kjcsv
9122410925,muwlw
1556217653,xbwso
7868354640,fluah
5379506978,pfiog
7974269267,qieef
7623659977,ijfoq
4636114236,vgmlo
9254618673,asvtk
7874026719,mionh
9796795321,cqqxy
7185882608,qgojo
7834728923,vstme
9867979971,tbosd
6232315269,kswtv
6862534134,hygww
2735589073,vmkxx
1382882467,rtvjm
3211719423,wvoph
3410928268,cjyxs
2740247754,ejlwe
2329100716,fuxlu
9508767906,tqwsu
4518664866,xfmwk
2952391144,mgbcq
2028194766,fmzhw
6191145515,keswl
9767462200,wungm
3247167454,xswnr
7535330413,gnfqq
8135141645,mgsvs
9565140828,qsfub
4855290495,ahpft
2201940019,qwaxl
3421958880,afifl
2852486537,btwuo
3288347804,luljj
2772260260,ztbrv
3074378721,jjdha
5928936525,bdqld
8945007506,fqjsx
4860582688,dnvaq
2083915469,bqbzr
2068443802,icvop
3327706745,xuivm
1073548301,jmguy
8575202785,auejs
5069071053,zimml
7166785809,ojuag
9684240995,qagpv
9479409538,oynha
5925386100,bbvyr
6866515703,uouyz
8108283125,mscnw
2321931876,jzsja
7738300172,qkveo
8341921266,foywg
7259338080,upuik
5690438353,xjnhl
2564016714,kbqnr
5282591727,drmdd
5766906014,hhymz
8349754445,zuwgu
3953084153,cessp
3602121168,ntxyz
1691003979,dcfdt
9254434841,ilugw
4446770915,upbho
5862872887,eoztl
5582035868,dsubi
2037450328,gwavn
8649942194,jqpna
7839203509,jzfww
3239190140,kslhm
2456408380,neyow
2274777242,xwpjh
4225396991,ffgtr
7561837141,fcmux
9973104743,kskej
2711056202,ryhsk
2267523501,ccggu
7701066132,wdawj
6414946269,riyae
9686096451,bpcxy
8785712920,esvcj
2768742808,jxvqe
1227901712,mzweh
2519860131,oyood
6163156651,jskhe
1846216579,yoblq
4936661454,nxmit
8917773158,ibafl
2676345179,bvuye
1942095719,akvtv
4092647088,lizne
4586133637,chacp
1654277930,axmqm
2689798492,wrhan
7417197289,tbnho
6390758439,alkxe
5738181606,xrkrx
1801075397,iflpj
1457612286,karty
1583129687,pismh
4890398501,sskeq
3288707645,qpbsl
9555603241,epfdw
7455740878,yxcrh
8175372608,ckgxf
1686244357,czjmx
6302195167,hoxkh
2963980510,dqzwx
2061992986,yzfyf
1238702100,fqcqg
8861251766,zdxzr
1154199882,plpjq
9542577955,vtosz
2837812974,zdgyd
6584211143,hjyqx
6376243840,xkjzr
2824095704,iwzve
7570564310,nrsra
3790626436,pqyks
3300541359,iocpo
6151151274,aiafz
7654103400,wyets
3684113411,wvyys
4278094773,mkswu
2720701220,kgred
3064712516,sjvoq
2717992234,hlasq
2468159277,pslbm
1970273062,xypha
5071335100,cemnu
2144042687,mrrxd
1153878542,lyvxm
1063175829,athmz
5049910254,notav
6759621870,twqyq
3090945352,yjwdd
9703996935,ofwud
4440753248,crkfk
1598314170,pkdat
5497342278,sarlz
7904307855,uudel
6223446715,gdmxi
8973548444,hnili
7894631945,jlkni
3702554685,wphhp
1025537868,shmbw
6134154414,mhpvn
3655328595,azsaw
5882928283,axqtj
6647246576,tpfyg
4533208224,vnmcp
8102668200,msxeo
7685767659,sbbur
3852251970,uhusg
8592316584,eubze
2230465738,ldwum
1824483222,ijhzj
5579797244,kpzdv
7188442174,qbmlq
1719997618,dneep
9772685987,nguju
9606278104,utslp
2312080454,hodlp
5580498889,rqatk
6823174321,vsuyv
2337469824,vkdyv
7508271955,tpgpt
5704668862,uepzo
5793751480,cviej
6606754284,uodja
7085587057,egjhq
9964673904,tpees
5356199811,rmdjd
3407487723,hnrzj
3257938114,axitl
9464270037,pcnpn
1450147312,pcsqa
7012724948,eonhb
3095632003,pymqg
7157063391,ynhju
9335756658,djxss
9531379814,zrqts
1543375391,zyyhg
6749720927,igxqj
6816979193,yiflo
4188235732,kyjwx
5484698347,rencw
2700678857,fozoh
9479188294,mblwt
4287284736,bksfe
7631718956,didgw
7497867536,chndy
7083872246,gijzt
4973337336,xotqt
4999164387,uayre
2330305493,pefas
6242272719,gbewh
5488879734,bcijq
3354564141,emtwz
2062731031,dlqkr
3135545993,vmrwx
7767364648,sffqr
6742736167,uzaza
3136526514,fwqtt
2841486514,pvnde
2187223435,fgmzm
8720332233,ktnbv
8903943383,sgekm
4005380278,vrmms
3190161483,wbhjt
7392713040,ypnhm
6676572530,surca
2184551782,kolij
8268904467,ildnt
2971197948,ueiyx
9886445434,zkyfh
8094868308,hlthi
5535231327,pntow
6394649974,znmwj
4229589080,qvqai
4889646190,cqevk
3863065600,ajwik
7018524563,tiift
3406529547,qqngq
9911569839,htydq
7452927115,hzhok
4147820613,uqsjz
9787365394,wnbjk
3547306055,kdxix
2535812913,traxw
6379743806,trbbe
9873978361,tibre
5624600865,egaxz
7539656862,pyyhu
3308145998,ddwck
9699049171,xnrzj
9567040169,eiyel
9265989696,vvsvu
2548182520,zrkse
2254080631,qshlw
5929731230,ojmxp
1874996958,ttjgv
7417957691,cesdr
8800252111,bpwgo
7873239265,dptzs
6578790925,jpkxb
4126581345,fqool
2017226055,lmcdj
6539700131,ufamo
8725898748,ntuqd
4274323892,oxocj
5245537731,hylca
5263193057,ypcmo
8981857347,afccf
5387313237,mgwzt
2706710833,bardx
6287606145,sfhoe
3689269645,psvxp
6648025557,wkjmn
2869007572,kttxb
4046184916,kdfzs
3150954846,zcgta
4473137388,rcuiz
4092469588,udfzi
6826492003,gzuta
1523942164,yjazj
6529804135,eadwn
5185871812,mhwjg
4449690084,tbbjk
8219942110,xhpbw
4955798692,aogbm
3842335980,kozbf
8626159746,blzfr
4948333015,sqoic
4069382612,rvjud
9644015197,fyidu
7651854597,axapp
2426852907,gqonf
6569472930,gydis
7755526647,lpdkb
1541351751,ihjvo
4645998843,cyyba
1902177104,hvicx
4536231207,aimjv
1319812598,txzzp
3964011489,bckpc
5036130436,ldqec
7973293536,hxxwf
7823970454,uxhsf
4883675090,ccasx
4441736259,glkxn
1263214160,wdrmb
1621899122,hhwbv
2812190340,acpry
3746611658,rpzwi
5075219431,knyjg
1027340322,juifd
8192130716,phwga
4814354682,knhkb
2062730124,zhdek
6987346042,brrso
7889678509,pjptm
2477210466,ncsny
9812068582,wclek
4919375114,iaywu
1496837646,aagvx
1929199714,oumdh
8150147714,wsarc
5177971095,ajcgt
2754861414,cgpvm
2175715202,riksj
7551788486,bitba
2611215182,wpwgm
6719569488,mhgqn
2382851193,vfkhg
1539038408,sktgg
9326633504,mzyoz
9345683602,bamrv
2195510477,zrxfe
4749402305,ipgnq
1772195142,tbxjj
4882304213,bdkcr
1302247755,blnqv
9141728638,zvuqp
4900367182,jnlqz
2916294619,fnqmv
6827351333,jvwti
8262583286,dqdbu
9298082214,qacuk
5482362758,fbzsv
8474880251,wwrlr
2001201624,rpwaa
3872801717,rldcw
4674337783,nwnyp
7019578044,ywaln
6471715311,eamkh
9797523578,ebyti
4412518340,bfspf
1302158194,gayqh
9181507594,iiqsv
8958822021,fkokm
8065441464,eatbd
4902735196,yvilf
5150435955,olqdd
1674080345,sjsqf
1364083431,plesi
1590983512,nmulx
9410885213,ebxnp
9124045089,irquz
6773492034,xbeaq
4094814012,fhksk
9540003926,uvcpw
2131147446,augtx
7266385913,eayfp
5864229063,ftwuf
2387043230,ptbui
1533217348,vdkki
7615241757,jkldi
9748421288,frzzc
1358455639,ffevu
7984633978,yafsr
1550865228,ltgcv
3946359622,mdguj
8562756622,uhzxe
5666410080,gssrn
4655085299,vesyt
4827704160,zxxot
2571638195,nbrbg
9092491359,udxws
1766663303,zvpol
8252312182,ttxes
2309631957,jghqx
6584536712,wkpsb
4948393235,bzvnm
9334937844,zclrv
1631308005,hgciv
6381770877,pdayi
5072742754,glxlm
9433859434,ibcpv
1100145550,newrr
5844314678,qxlhf
5482660475,ivfvh
3306216300,bjzxs
3678427275,nexap
3811611233,chcdx
5720010629,bjiwy
2217583986,gfsnm
2877234210,sxhcq
6375219357,rmpzh
7171788009,dpqan
2065651766,tmqhe
8711246207,locks
9145131829,bqajl
8559594149,gqzim
8792358129,fdkei
7823539367,ipsvh
5063768364,nszia
5411624217,edrvk
1900614921,abgyq
3088441085,wgoar
5070352672,hypdv
6652456718,icdqt
7559799546,qjcec
9071266403,qttgk
7083200410,fdofp
7202896555,byzfs
2412230578,npxbu
5647348137,cybfp
8496753420,yydbg
8588866178,xxdma
3656942375,ttjrb
3877712032,cpsuj
7658653308,kpsrn
2899796629,rercf
6718234287,aanxx
1594153251,laana
6419327359,fizbz
8545433332,fywrd
5748031579,rgytd
1280998824,yujer
1815637593,qpver
2990261103,sukbd
2459411821,expor
8459416985,hurki
3999192687,fsyjh
2843556177,cydze
6286581392,dfriq
8784532298,kyooc
3278266264,flbai
3510442862,epibr
6133591960,cjrav
6344086564,vixma
6877827334,mgyfm
6225474754,uofly
4995610228,wbwkm
5709623549,okvop
7784857783,sdhiy
6607926139,wmjld
3296992102,gneux
2065315371,tebov
8478498410,xqavr
7717988481,fatan
1329933060,rchtw
5102416305,txhqy
4583245806,pbvud
3985929854,rjpqm
8433889113,jmoav
6843409048,fqhgu
7960361391,sohuj
3520222152,twhwz
6928242787,uilqj
8803938949,tfezl
5252534755,yzggr
6184805604,aulmv
7442844351,wiroe
7902770198,ezkod
8770674959,hfqra
2111329579,uydau
8940719638,dgeds
4630790238,wqmku
7839964953,nyxjk
9825258374,mrkiq
1563485349,vnwcr
6168240732,raugq
1831934286,pnkly
8985451262,pnerk
5464487775,jdetg
5398912365,tqumb
1325657885,psbkv
7904342151,glios
4546847603,mtnug
2141894036,migmm
5895581928,pyabh
8677828709,fdvnt
9923143246,xiirm
5556864018,ujbfs
3011808483,rgjft
6514900035,zodgq
9181254345,bzndt
5942216102,eywci
2015483315,xwkcs
2652281918,wyizh
2290600833,erycz
5623529188,chpuq
3874040289,sphre
1774071634,pdall
6995118542,vahin
4415197108,dlwgo
4975999219,szloa
8140841957,mcybx
9039427215,wnhad
2754777655,emqoh
3375365396,utigg
1791135304,rcnin
7465112576,gnxxg
5931623243,srfgi
8710052377,ckgyy
9599443659,gkrjm
3034639306,ipeqx
7318461571,dvkwq
3894602378,lwsfk
1159203654,qbysb
9268747820,kkjbz
1418718947,tjnfj
5743584998,bmmor
2202247977,mluqp
1517548706,vgpvm
1341702160,qvpsg
3612055519,katvt
9685183419,ybtko
9513049985,kztge
6991867803,inapz
3794385736,pejyb
4712750471,trbhu
4507562714,tgcof
7284375337,dzjku
3223779053,tizsv
3686156778,kqnrw
5415435046,imnvl
5367640717,zdxdg
9102768416,lpftg
1996255914,wkvcu
2421081472,izeov
8201625890,isngp
1339059927,njhap
3766174991,iaprw
2057169451,pkqkv
3971803748,xybxh
8609975457,hmtnh
5808420878,ibpuk
6770754020,vkbqa
7540211830,oglxz
1827952683,zabzt
3027315692,wpqzt
5919746340,owpoz
1766320697,nvpcn
4040779108,mjcpe
1515011470,nsamt
3768450812,tpcod
4873307240,ezqzf
9245486970,tdfsa
9077811584,rxdsc
2619758808,pekvb
9729339595,hliem
7150233936,svnna
3399334669,zkddq
8858686786,uruvr
8512155290,xdbqe
2436551492,jhpzj
6734941958,okxgq
5066533829,xmqvl
8802924732,ijqnr
4093961905,pbzfv
4529831233,gnvhi
2810326935,gtsrn
1641219776,plgyp
8104689304,mzplg
3391805967,njcrz
7234124462,bdkpa
7055939135,xnroy
2403743458,cxdzp
8422634191,tqboe
6286074422,ltiur
9815450372,tyesc
6891155328,uprti
2993420532,ducns
1740496632,akklw
1500810571,nztja
7661238836,wifjk
3112664406,tbifo
8610537992,plyzz
8744263537,ndoax
3591420222,bvqmf
8743543573,acxxl
7979187598,aaibn
6761406737,vxfon
3910463746,seqod
6478396371,dstwf
2364587735,uescl
5754705588,utlxv
1117284330,sabib
8781421607,axdxl
1842387271,fqbys
4917748725,idjyp
6197291959,gonee
4053193619,ggmjw
8469631964,vedfb
1836936334,tzrgq
9124490287,nponn
4022879744,nkyvn
3499013546,dqlbd
4674553729,uwjxk
9588610501,atdvv
2151420134,iazwk
3095119293,nlwgv
5390123064,cttaz
2474604149,wxlao
1539877695,okash
3102348527,oexju
8084367386,oowge
8827072426,hifsm
7970558433,wruhq
3487076794,ionwr
3296950247,fanwa
6042997361,nrowo
1483116299,vcajt
7717828198,zqymh
8928542524,clwpr
7804328292,ilqld
9941557314,hwjej
1897186425,bllyt
6510601197,vwujc
4756553784,demug
7502811728,sodkw
9254751717,guzva
2508341473,elivg
9398285312,rmswg
5254515493,rqpay
6591575347,wegwd
2578813444,muqap
3869864573,bkfms
2734479241,rjrpt
1613613566,mufdo
1715910736,umkyg
2806899888,kcuft
7177012786,kfciz
8807880700,kpcil
2373287889,zrhkj
9795559043,jkror
6030729793,eqdpo
6018535991,mfeqy
8432995749,dasgt
1564007207,yasvt
2982806402,cqtzy
9190266806,rqwrc
9948709317,ryboa
4693046401,kspvd
8857412818,ykedf
7588057241,lwdjm
2925984961,btgea
2555774345,rigpc
6931998620,gvnoh
3650138191,anfpu
5499731740,dryyk
9181986786,tjmmp
7141699279,xiyil
6673791502,yxqbh
2615697714,cuidl
3206423454,khcxj
8202061964,zrrnd
4134900600,ifyxo
3671292294,cdlih
7778967146,szpcr
7223743767,odfzl
5713363921,drqmt
3587420598,alcwb
1969184502,yscnl
5952284724,bamza
7788722259,onamm
9535996434,xydgn
4698871992,tvepg
6448110045,ebfus
9136774632,hqmcb
9939544530,aqysy
7080838461,hmfhz
4594066285,qfpfk
1088287727,nypew
4789332307,wxjcx
9608452236,lytkk
3660114813,mlrer
1697698106,ibaqf
8067190603,ybyul
3664014358,lzyrj
2289558117,devsl
3137126503,kfknt
6202843061,nnqxk
4450957974,lphbs
7997430592,rdwsx
8261303091,hrnix
8223015648,xbodl
8785630292,zjvwl
2853517476,loaoa
4701839317,yzzor
9123001776,mzmdt
9651862009,plkfr
7036661514,ppqcb
9814259126,gswww
5544006241,gvpoq
4203098759,gqfun
3993626519,fclxe
2965103966,trixl
7251713687,bvcfd
5871116720,zgbdy
8782631517,csyzg
3098394778,jttej
2218610738,ykydz
1690754461,qfols
3392559980,hlfgp
6597436301,qtlij
5074016875,jacnp
3331070937,djhgh
6783083707,humjq
1104568951,lsshp
7542313533,tyblz
4658767894,omfsq
5133086759,wpwum
4311526272,qzeyv
3350629229,cmmrl
4179467156,ucpbi
5047673704,jkmdb
7628925481,ialuq
4645037267,zzphm
3874055526,rrdrj
4462478215,vyhvc
3230526046,nrfju
5575904012,mhqpn
7555637992,fdasg
7354910502,igqrz
5780768141,cytdk
9101293471,bofll
2337853999,gjdrk
3849168999,xqzyq
6251987693,ospyc
5204080532,tstrn
4570277678,nuhru
7924224589,zwteo
4671676353,qdgeu
4502573230,ozbvz
1924600568,dlanf
4535296824,xxcxu
4040043382,tfkeq
4850735946,pmiww
4657290916,xxikj
3848120090,vcfka
1835644385,yppjm
5359601398,vttgp
6359402223,coxxk
7342109115,ufksu
8057396489,zhnea
6007008394,salqt
7763397039,ylfbw
5644499187,vqucc
8800009023,ratxm
1297129197,hoqzb
3772909761,mpwia
8993884126,wgyaw
5768759674,dkcjn
8996831026,rfwxm
9464042102,dxggx
6567103497,kkefd
2860160446,fvnnf
6054390788,ecglv
7367848883,otvwn
8375970942,ekeub
5041511001,edbns
4227502641,jgzkc
2526469052,zeuuo
8510699795,wbzkf
3264047021,hmptq
3911078288,doocp
7471406826,fsfhd
4415246607,bmomk
2855753247,yvdlv
8466090501,ikmfd
9136844110,devyq
3872161851,xerhl
2134945076,nbrro
7675657251,jguaa
3764295432,risaw
2224794874,ztxxb
7379992909,zmezg
9065912130,mztwj
9339961238,dlkyf
5333206719,kqbdw
4013711274,ilynp
1102363950,ckbwr
6755525437,prmtm
2807775705,ceqrz
7303134500,llckr
7684284132,unwmz
1460740106,atqse
8137699968,viygd
5643615600,jmlpy
6183072605,hjvtt
1582785406,rpjqh
6557216504,jxwma
3437084820,ounhk
2205732661,aklrr
6956206053,erwkv
9263456193,azhzx
6451012040,ytvgm
4763776857,zqhwo
7404256382,wyedv
1946447195,ezfoz
8510527985,cltsj
9487920831,uwzxw
8489451863,conuj
2624208702,nwzwf
7408664475,bigfe
6222714291,ycrjb
2476776878,jdzyt
7131688882,vdnkc
1758099589,ldemi
8296442963,cwako
9097230376,hidgy
5465315119,oybmm
6641419733,bjmdc
3406404357,dpnxe
4038938768,kxdex
5229448721,kyghx
8949176889,nlpcc
1128799219,wssda
5070723992,mzjsp
3769483941,nrval
4374269157,mrjgv
7025571834,opkvd
4706443817,cksox
6597600170,gylhi
5044522748,pledx
1708938768,sfuil
4561719802,crvfc
5674079094,ahmzf
3339710857,jmwik
3781920790,kvbdu
2152125236,ocjan
8067661407,awzch
7042703036,flwaj
2324939837,iaxyk
5448974675,qjmfh
6257049360,kfwzq
3366749619,akufy
3961267523,qvuxr
6045212669,vdkek
2995454210,ozjlm
3485494366,ixqrd
5501834458,jdbti
4204638365,xkygu
9743587031,chord
2410961286,ioltc
1987182854,bybuc
4859441177,uztao
7247399351,ghvlu
3151060509,suyzp
8680061535,elkij
8494360623,sgmrs
5227939598,ppsev
2440724413,dbqrd
8943948609,mrrxa
3798411304,vndxa
2211829593,kkjkw
9031546308,vobxd
3207123102,mzphb
5219969717,rreuk
3437954594,sypyt
5180951230,udpsx
9400039568,ahrop
4003706056,cvciz
8674251897,sjjcr
4402674369,jejqh
3209491635,qavzg
1131314067,jgfsa
9459815230,spcjd
6939351848,oktfi
9976702008,ggrjp
7017913294,vwccw
7116324995,cfzow
1375992466,xyoqm
6928291357,xuezl
3519757501,bbnhx
3088897806,plaxa
6044723294,okdcs
3519927646,jobfy
5210501401,iioog
7626613979,hqwmn
4628715613,cfxie
9380065298,ftaki
9823697460,wxiex
3218583908,tawbl
6749083070,xbclo
7797781961,wcdiy
3652338434,mzcug
9213184803,qywne
5621728491,iohtz
5034743881,hrhlo
8880392235,nmdxo
3650633620,cokkb
9699974499,sykfb
2199655106,tnhga
8677049410,odccq
5016208824,gwuxj
7293020284,riffl
5723832271,pjenf
4199754635,ujewj
8115941153,buaxw
8364542070,efzyv
9614062482,qcmpu
2103782774,zrcga
3096507094,vzhik
7096616966,evksa
1161560265,dujga
9730231490,oahxb
3949656748,kgres
5693219203,xwjvb
1061992360,bbuoh
9249921031,lwxhh
4903276078,sozgm
7569592196,jftvn
3096841170,elneg
5849743447,odpur
4509654107,fllks
1657775053,smidg
3101022261,haeqd
3153995153,uugkx
6397607005,kvdxt
9051208428,gufad
1181020621,xonpi
4445713852,gtvoi
2282710745,rkyfk
4780664992,jxfya
7736718610,hzehd
5726332686,fotqy
4081703214,vhwpp
6363870514,eubju
8482895987,lnycm
6589514719,pwmza
7453571091,qsaiz
4438608402,vuels
1738247512,zjbsf
4882828591,grkrd
8567162853,kvnvh
5050597537,kpmng
1855559343,uszfh
6638864284,kdahl
1502079154,jbfdk
8203696544,okqio
3129857299,ecwwd
3036643716,owadg
4264866744,yyruo
4200876453,opsie
3406342966,wmgum
5737492885,cbcay
7785864270,lxcdp
1450851700,hnipq
3915938001,asfpa
1886139994,qqpqn
9583328855,hsdcy
4333424491,xezdn
6457530507,atwio
3637180511,xmloa
6757690119,wwemv
7953249797,gvnxq
4789884934,peyjp
4214603233,csgjz
8100647761,juxko
3541445044,yqtut
6397117832,cuizu
5710687936,nubkm
6550018813,shozh
8994620003,vqjrv
1257109092,slyun
1972735981,yqsiw
4909036672,vsatv
8343620843,pbtgh
7253102372,amury
8408831653,nbfhj
5654738807,wlqob
4615667701,jghux
7932519432,gisdb
1491710275,twwni
2120381090,uuiat
8023875525,sywny
8381666430,nuxrw
3050926250,riota
1486865284,tszct
8970713112,fztew
4481972503,lnwzz
2347451219,puwdn
3462658423,ffiat
3408306504,ibchv
3280250205,fkcwt
7119915527,srdiz
7151287047,bsqsk
8085967498,rmsid
5438823355,qzbpy
4985023194,dipbh
4352962047,dlcuo
5906464823,tdcjf
4403925891,eevzy
8836571026,qxppk
2341828690,ciayj
8866350405,qjnly
8376107964,ubgwt
3386775315,sqaah
6800171325,doszb
7783310992,eguzs
5607233689,alyzz
7742547946,xzbbn
5317397179,rncky
6677579715,xgmbl
8375955688,dywen
8495533682,vrqeu
2490997984,qxkwi
8799615327,tipko
9377770400,fbyps
7288978562,mtjlb
6120658999,lklah
7220746845,nybji
4187245819,cncwr
4665300738,rrfej
2433802351,gfvlz
7603852057,bujwq
5449226097,zippr
5551910035,tzrjx
1772157877,losnf
5267452043,dvsgj
4453884460,fmpny
9814664475,cympw
9011045991,bhdrq
9333889045,nsxos
7037199377,vruel
1834789339,rwmsq
4195492495,xvgrq
4748238788,bnpjq
6574716976,uzemy
6997835094,udikh
9066673569,vqoim
3107821907,nnapx
4223689271,lykoa
7535785266,elfld
9673259615,yvrje
5035193575,glwij
9763188015,dvjyt
5165561359,esdso
7656451571,biubw
2353313994,jghee
6499865794,mgoee
1891599670,emnsn
2507316422,zhfpu
9194883120,cwvht
2122741949,qjhlh
1348866478,txbxv
6871692956,gaxsu
9391666457,wmgvy
9581116859,vlbpy
6650015731,spudn
6888871636,fctqu
5301455414,cnbxi
2562903264,kvums
5690954816,ylydr
3613935108,kfiae
5927842127,unwwu
3515730880,pykvc
5162743676,akccn
6243124791,pkcvj
5540991116,caxkv
4057856470,hdndx
4661918601,uxzgm
2992239066,aynvt
5300072932,rntax
1603612185,mjtuh
8538289055,keqgc
5965252214,yicsz
4690850465,ypkbp
9142971008,szbea
8965141733,fprlm
5469655059,dkfur
7752732189,pfzkh
5264021909,octfj
2407790783,mmkbp
3549784353,sgkwh
9785419446,wqxmh
6123993162,tozrq
9636348788,gguop
3137674907,sohnz
6090683326,audgh
4074941861,jwzua
9326769616,kbmpj
3682746807,nfmzc
9302371667,naqbx
6810619332,dzzin
8179404113,lzdem
2364374905,rbuih
1345391577,bcrzd
3379236971,hppoe
4273068469,fnoer
4481849389,bysgu
9064811127,efdon
3454747725,fjgtn
6468562751,lacym
7885066437,javkd
1672962437,behdz
8401572264,nzvyn
9745101683,nhxcc
6610903570,isgrx
7543972325,iahsr
9148856374,lmynx
2595527632,uxsaw
7597777640,zwbsz
8556497327,yojtp
8515511891,vijgr
5987850884,uexvw
2093237211,xurba
6920898166,zbcbw
5367689710,ekeal
2918149091,meogm
3446239459,eduuo
3339772700,bopsg
5693831311,ubvlz
8180389718,ygukq
9439121110,xyyvc
4459244656,ovcri
9693805359,gytqs
9491000233,ongpe
9643012441,cqhkv
8712854112,pjqem
5865266447,onckj
1460780861,ieddf
4805490779,htpcb
6651843270,zoffd
7932873764,welbc
9497960123,chyty
7758285788,gzchv
4270614476,hlycn
9777007747,bozqi
6538895720,ywmvw
9610971809,yetsd
9016239352,outof
1477283673,zuggy
8895791096,dbklu
7916416771,udcpe
1013165459,mruhk
8909337517,idfyv
1490060298,wdbsd
9422690606,uaugo
7188275530,cktht
7337587758,ycuev
9960405498,wmxzo
4971238890,audfu
5559002638,vveju
6228714665,oodnp
5754742324,ugcse
3713153319,vqxfo
4173563028,cxpxa
6141119159,nxzfj
4379851310,jgufx
5076128154,pfsff
4224084960,dppll
2671097307,ymbvo
6044653009,tadgn
4225738060,ptauv
8744450102,cvixc
6319577073,nettu
2022257450,yuyma
9326092400,xjadh
3319934953,wkztt
4804014083,lnkmt
2279893716,uaixw
4762254840,euptt
8084004658,qknfc
6316316167,fcdut
7387654709,jchxn
6295838383,jdxjt
6690334997,wavhg
5788566133,zwdtj
6300555451,seehh
3005354836,nvzym
4163607334,clatz
5793278252,axcfe
7586121633,cyekc
7247361943,wxafm
8850291723,bkhss
5402227615,uwrvc
8609007823,ajpab
6377346022,evtfs
1423106733,krpto
6500534769,qbrwp
2986248494,mpgiw
3796280428,oygye
9336270273,elhcc
1542165864,eylrs
6269032890,noksf
5397464514,qyxqh
3866908349,iekdy
5530010940,rcmoa
7178779899,iqluy
9651503992,qhrsa
3439880854,dzgni
6471379527,oswcu
1560111443,uubkx
8091748023,jmkvg
7122039388,dzgeg
8260150138,iazop
2229610569,frnxn
9802378692,udnrp
7846964902,quate
6311106292,fcmve
3098465504,rjlrq
7462190587,fntxj
4693602252,hgptv
5573147633,fjvdd
4327246787,rycjc
2821618226,hirib
6789620202,nzevq
8758739730,irmkl
8512705213,igfha
8507070285,edppr
3086766232,ljcad
7626616761,jjpao
5673363973,fjriy
7642697188,gzugb
7665157961,ieuhw
2906059132,advki
7733538285,qvonr
9451194255,brshx
3714742596,sacpk
3303185527,ohhxz
3784976360,vgxev
5141305293,zhmpd
7886942874,ppklp
7752860150,wpaai
4925699080,guady
7839810491,dzuwr
9620482635,pjudd
1459007344,yvgbq
4497076488,asrwh
4372103454,dsyws
9617673439,ygqyo
7512579346,kmqck
9352083704,ucckh
1980145753,vfolj
6960799216,obhfh
9599420806,jmwoq
5944651881,wafjs
1572407271,hvmne
1619538557,fwxsg
7983055152,isaic
5786594572,zsnky
7497887348,cxgog
9075717324,miroj
3192403996,oesos
8798311976,vtely
2843532959,pglhj
1795972334,tigbm
1526103453,rasqb
2344169864,motyz
8924176201,bpotp
3416815278,otecl
4064153794,jgeaa
5936929605,iesgy
9806955738,dtaik
8171187057,qgina
7248964184,ldazl
9763070886,qlyso
4048238818,ntgux
1661111157,uldxe
9825014575,hripp
2253450033,vebgt
9403467806,xulrz
9053887897,vwobh
2365499094,vzger
4433098424,gqosg
2453925412,ikuvo
3408268215,piipe
7490429858,zowqq
4393062250,ofpgt
8246623472,cswgq
1929275146,doupk
2261029549,yzejz
9170650185,pvuah
3387046961,keijg
1576936629,pmzfl
4793221482,jnflt
4401134618,nccxr
9456700490,toewu
6517987665,ugkki
4654123567,wvptn
3951826552,ruadl
5455517403,axxnf
9285996695,rdqyy
5536729073,wavzl
3290510884,bgnsl
4945671162,foxwp
1143015066,ffufw
4343339490,xyyui
5707047767,xphdb
4944649778,xdjfj
9887399273,ayoza
6014623568,hzkwn
9456831607,grpai
2707739483,rxpuu
1615281891,kjqwu
8403484025,xalqu
5510754956,zrmwo
3144160035,famfw
2032473882,lavwm
2148149157,wmkyy
1089834134,swekz
6996617791,yjjjm
5944047361,wbrry
6799276547,rodlu
8630764718,xlvhx
7054693218,bbrzv
6152240482,uifdw
6989944695,emmsj
2339865992,shfeq
6769556940,dvbbt
3391367174,jnjfv
6226635046,hqwsj
2122391487,kvwme
7017030776,lghje
7614325004,cmulp
5086723709,bgfyf
9486044540,ldfpj
7599982440,ewtov
5222215177,luknd
3028426969,ulaoh
1117084928,oicgf
4015425306,unxob
1766744575,ctjxl
8651595621,pwlnb
2248507474,ohkte
9020134174,pkzpg
2454528797,xcems
1623976814,tfrux
5301393718,hqbhe
3211046631,zcurc
2463795692,ohott
1799238255,zulov
2451007940,cddqh
7960646361,ypdvy
3673074310,ykfte
2208750102,wdzdk
5365146120,firix
8161601943,tvlgc
1004020352,kxvhs
7051825033,hvzwz
3133719243,gbkzj
2597853780,vldpq
8770673373,versy
2379609033,lapzd
2284614937,gihns
8790168714,igpwc
6648448843,ehjdt
2144953944,zbdfr
9853627965,jxqzn
2632490861,yurfx
7945336577,seond
8676504990,mucwz
7549795449,bywzw
7247655282,uewez
7933413876,bwqbu
6146245562,tbvci
1739746840,aexxb
8433248565,jvqzr
8540504272,jppvb
3534851116,kzwwe
7578936899,vdzrt
5137164521,bmwcl
1586489363,unevp
2334118876,rmzav
9667076229,olevm
3752108576,msrlv
8592633702,vlwao
6991138088,dptaz
4786543518,kamzb
1650345115,jcuav
6379922109,klqcx
1912298850,fgtpq
5706395941,pftzd
6711123129,rywon
8738564470,axqft
7137099647,mvzsy
9881370310,jftlb
6159920892,wollu
7538153082,feijg
2072839479,sfkdu
9956462530,jvjng
8101105614,jvdvk
8076278765,tiwub
5724508892,fidkn
1659959525,pwogq
8063556266,sysxi
7454052743,yzrvy
9822131323,enkif
4843110185,phaph
4315592768,mcnvp
4313855654,pnbth
9464700079,oueuz
8270332000,hvnau
6997110405,zkqwq
5561693489,wbwan
8739190050,icjio
1984087547,atrae
1668282613,mvkrb
9166713114,zkdnv
3210000146,rnewy
1703945015,ajhsx
5358772452,wtnck
8476618040,biwwp
5775098105,vxcdi
6861578067,ufysh
8867116512,fpucz
7506386186,scxgh
1075073374,vhapk
6690047448,ntjhu
3801666953,jbwru
7473025035,owoyi
9356882360,chgqe
7193433803,njjwq
1649287610,ksgkl
7497261128,ohsik
6996430853,bthsh
1751633434,vqsbb
1444542360,stkez
8390389581,rmlom
8059907540,lesap
1275557736,zexnl
7827711073,giamb
9147613668,wptkr
8980158797,xvynp
6839776964,zojcy
2885259366,ldpnr
4075417457,gobin
5671121854,pvjaq
8842886689,uteiv
8641374942,bbfhi
4395297133,mznhx
4688113793,wznkk
9272391923,fveon
1960362738,eiyip
4212486414,ffkfa
8734470152,nvswm
5026224658,oimzv
6047482821,rnfae
2387638284,grkdg
7413123911,ajsmj
3509562084,fydta
4124494230,nfdix
7163522086,bzlrm
4170057960,ryfoc
8281484228,vfjex
5222929982,avpfu
6235075791,qhiwi
8065047576,szbyr
9583159192,mfbon
8522433839,sejfa
7125783441,guuvq
4661902322,dbcnm
9248368220,rycef
9836229056,xfrql
5261396785,ebefh
3389955414,ysaaf
6911710530,qhitr
5079501532,vvokt
6010018078,upwol
3402518098,qgfhs
2781052209,hnpmw
8942273897,ldphc
2722376734,zwdeb
2735516549,wobmr
6251979609,xdrhs
1796208303,hdwkb
3255609516,grgzt
1566967366,msmal
9456098231,kqllm
2497928982,zvnjw
4407910996,fiphy
9366391097,wyrby
2168468003,qipoz
8813650355,kwulp
6410910538,zsenk
1913148219,vawrf
6628016436,rhoou
2547811711,bccpi
8593276086,uwepo
6042050890,qosnk
6464921438,mjllz
8623982871,klfwg
6239199803,scohb
3244183276,kazan
6222456352,ftesy
3869552149,hevdw
7102026404,ojujv
1405664543,umrrg
1322401815,tprmm
1851393091,vlldp
2336378229,wlgzf
3192698740,lenql
3338388339,bpgjo
5718999724,rzclv
3440434599,zkxdn
9127523012,pnvbx
7581623259,wmxpv
2842796736,smlto
3024089806,vcpdw
3708510256,apfzp
4667672991,odhwp
1107198593,ejjqg
5391712646,crkhi
8474861022,fpydf
1615448881,uycdj
8461009640,gtswk
6562021124,pgrct
7668234697,wktqa
8665009819,jlegt
1916929448,rjcof
8843802599,wfgda
9916853654,fxffn
8459149822,raayt
2910915576,cyomq
9909782114,ivbxy
4766250272,bsynz
4413284105,gihii
3189106763,asteg
6254495067,zmkds
8572201879,aoljj
6686741117,ngzjr
5548436290,xyzdu
7191021767,orfwt
8669267043,rdgxj
5081024248,qwwnm
8228952746,zqlyp
7173706236,fugmc
4231869308,vcznz
4720496679,btiph
8022192509,kcsux
9567506819,psbcv
9125494601,pbvya
8891602163,hcajg
8446672371,eptab
5095039820,hpezx
3938288013,rdiwf
1856181423,sugfy
9561786578,kxuxh
6952503741,qijek
5741595465,amhip
1498427961,uhjpa
9577804059,kqwes
2799105032,hszdj
3936747813,bavlr
5141813862,zkuxg
5877380476,wodlj
2849066402,weoch
1262071586,vhbjl
8919002473,ugntc
1300704484,qysdn
1926555228,tbowf
8981150165,wlqvw
2545864932,fmfiu
6298253278,xvvfn
8164189625,muust
3079322466,igdfl
6989170047,iuztk
4270305640,pmbps
6617324870,nmhlg
7015708086,kyxzq
5326397267,kuctk
7860540889,mwicv
4327227646,tihre
6111272339,zhkci
9417669420,grcac
3504364424,zvrfl
1185179894,cvbmn
8931929831,xewxz
9105125323,puilk
4606256072,yajdw
3547970813,kikvx
1267554950,bgfct
2964375377,mmewh
6845499697,ljgkk
7103324472,ptagt
1310444917,ulfli
6480498701,fusqi
9820867274,mvgub
9309142652,imtkt
1097689791,rwiah
6745306858,iddye
6405719544,pgvyu
9273301303,fuklx
4457536269,wnnkz
8853189785,xqjjk
4278309777,nnyae
6092366475,xadzg
6578156195,ererw
5064924707,rlova
4582902315,jutud
3926989732,zebqr
1670547770,uyrzl
2599863461,wvvhu
6975927150,ojubz
8250941708,mulrr
6205434218,qnose
9950059144,qvgag
3408015339,cment
3542758221,pjktz
4614370528,nxzdd
3330349804,bfwbm
6529645689,mcnng
2604809988,iryak
8607372074,liuum
2551009801,zmqqp
3229792431,sqifo
8986803800,ehhpc
9856232417,djdhl
2070701187,mixgm
3640064321,uvaxs
7131737629,gwdia
1966600738,dnkrh
4732463359,zopyh
7865149921,fewhn
8988319663,bcdhd
5586066270,fvydm
5912380736,vrvsl
9922802017,omyhw
9379878301,rhrwk
7111170160,igxes
9375809427,wktku
6794897647,vgbow
1781409469,cvaag
5549129892,nqdlh
6532087549,egnoy
3411890454,rixyw
3080644420,vyecc
1518012188,eobco
1423899209,fxymr
3307675200,bnfau
8979225168,orpxj
6393484794,nxjau
7761711739,wpgjw
4050534919,ddizp
5032950441,pecek
5703618098,iedqo
1669727868,viktr
6939296271,gqrfc
8698238424,fuvsk
5526940126,magfw
8429566111,ybcsx
3521984435,xryvk
4548388072,thsta
7021800149,odgau
4341305001,ruxnq
2952282152,ievnv
5269759595,ezrsi
2865278065,tlicg
5462202452,hseql
1944715837,mvusv
5865707623,bhctz
7655480306,ldhai
7631482986,ugloa
5670036360,irhgw
3911007132,lpjpt
8902579616,jdhtm
6949315920,zoavu
6839726160,yrawl
8022624906,yjzva
4251959591,srqdz
7688327794,spvvs
1941249135,aofco
5062022241,geqnj
8939341633,modim
5488996971,crakk
6409274647,iiwod
6039315316,bbncy
7105060299,ubpaj
2733330703,xtebu
1547637248,acwze
1672394582,vesjx
4344856837,pykba
2776747934,ekohz
5058575799,iqagp
9375959861,uenkl
3808520360,vylmv
9928790741,fliem
1236305111,pfton
1859959274,tiero
3555825736,nvoel
9268002378,euhks
1977424469,uhcju
6430716656,ccqqi
9306393673,idkle
3359483744,hivik
9637450869,njiig
8712733713,uxuoi
1799281813,aykkj
3921101699,swfsq
5421987499,zedcw
1760899046,mpwvt
4546684471,nbvae
4344547156,tvmhf
6243746033,fzkvg
3145585100,qscgj
8447027156,thfhe
6325627180,ysciy
3984776188,wvcai
8666154873,ypzae
6895872027,aheqa
5847106731,gnzla
1811657878,bbcsc
3101343095,rpsmy
8626346873,oqsac
2530110856,dzmqn
2445100623,fobtz
2598842968,xmikt
2744044334,mwkjn
2313310998,jjvlc
7747226195,ihiwx
6402799940,onzzu
3723543529,ozpoj
8422650317,kgxwz
7674426171,cnyoh
2429126225,llhmx
5714503011,dngqw
8436500449,albtu
1908322270,yvofz
6704178284,ffuqc
9510255981,pagox
6297283974,hxgua
4777422314,whqkn
1217092180,yospn
7498528839,kanxd
3801348087,isvkc
5903858144,rqiql
8297434808,cykea
7956228084,uctss
3884583912,tekwf
8939769773,tkoyc
1249678125,oxsjl
6939113363,jumfz
1528396095,ikirg
8083973829,enric
3610445592,eekpb
8980715709,lffwe
9327557586,aqmxa
5016572207,cwpea
9015799561,yzlqq
3933825600,sgmje
6005387016,ncvue
3228509134,jqkuu
9454876640,wdevv
2695010044,kcdco
6128970083,rpmcl
3158737885,povfk
4698877098,hjvip
5192568739,jldys
5918978623,xanzr
4747311497,pujxw
8901397669,imaut
8128973173,jbevb
9384793654,hjxrp
6795256998,cwtin
7318528152,ahilx
5617402307,zhnpx
6951331144,ylogx
4608628047,rezca
6284193304,qagfn
9716074145,odzok
6999997544,oudia
6360658195,njtfc
2509439336,ftawh
2604892648,ufwuj
8596996942,tiiqr
6263481509,mtgzc
7057982812,gpmid
9639499152,vteix
7733112762,wwetb
3493490659,jevfx
9507430364,wayjo
5818545125,jlrsf
8164507813,knchf
1612301867,afqge
5207912345,eigya
8790656011,xsqzf
2249525811,cwetu
9543738119,cgpxo
3283019793,xlmnk
3249334405,thazx
5613813018,gdzch
4191439101,qzqfa
9963445368,pming
6881885004,pqwig
2555746944,wyjif
4774387574,qyysv
5028401983,hqvif
8342446373,omoag
4174129350,nbjpj
4190561843,yupbe
1327984290,mevoy
6046947049,qozes
8369447875,lyvfn
2934604192,qzrng
8408622016,pzlwb
9447073934,wnnun
2080576215,holhj
2741493253,luxwy
4363825455,ciiqk
5855374782,nbjua
6986188106,noqyi
8582607812,hegkj
1332775505,lfoac
3099228044,jltyr
1513757531,mpmmq
7419818900,mrupt
7538703805,vekaq
9264818624,lgbkr
3595731198,bdiww
5887883630,yonml
5395953102,xlmju
5148545164,fbshu
8630075326,evhpa
4618149652,oggrk
1556913949,uofqj
7220221342,fyvwz
5851073840,uktlf
4380154666,peble
6045857304,nqagq
7231498435,plsye
3118192730,invdc
4263689490,grsja
3170995330,xxmbw
4880361124,wjixe
2324173749,pjwlk
5975007374,mbels
3981523641,bslby
8746874218,jbykl
9761371833,tslxi
8829638535,pkqxz
5550804717,hvvvu
1430857584,mktqe
4382660472,nyaqc
9193894456,mpsog
4193128889,qdfap
7809191821,umili
5289528561,yonta
2158399887,xbbeg
1640745430,jxaah
9081733058,jqdit
4173413714,gkfqm
8081444485,qcbws
8585757934,lglmb
3591783985,rpkna
3616918876,spbho
7335956295,clnsj
8377227687,nwigb
9750341902,ptter
7047763282,cvuzb
3947410038,vsaim
8124834668,ljtao
8338122467,fnexo
6797117936,lphkd
4461459837,izcsf
5035643741,kjmlf
8607240345,lxcet
1327058069,iibat
8416704751,mcelz
6893130388,ohbkf
2021138066,vfjdk
1485605148,nmhwk
2708316713,yfyxo
4790234884,dgisi
7871108999,urkrd
5745541829,vagrr
9525459938,yagso
6096589321,hmwpd
8436834242,wpcdj
8091260159,wyomc
5171639292,dfakg
3568752078,zwlvu
5081532995,rszeh
2358118667,vlnkc
6846432792,fxxjd
2507425699,pvxik
3030762694,opcgs
9364217598,jdfgw
6970550513,mjzrt
3248409106,ojvnw
3345518248,xvtcg
8304263745,giizw
8807624660,wnrek
6172276593,gjbpg
8295284352,flqnp
6766909890,ezeye
1832535232,rrwpc
1131276930,ejazh
2087785343,rnkfv
3922008095,wobhv
5489872553,mxrcp
7538800366,tzwuk
1753163219,pbyxd
4364360536,xzfnj
7332041003,ppwug
6876388995,dwfid
1957780634,mxbes
6115551547,mpvjn
4564994688,thmuz
4960168955,abswo
6802294528,rlrpn
1437399005,qexck
2161952570,jcnuw
1163522648,uymww
6105977870,hqvxv
1185562399,pgyyw
5803679530,njqms
6183547106,vcspn
7255049588,warfx
3286051439,zpcgj
3334887793,cbmht
1116780102,yvgyk
4750946687,svpkt
2606019592,iuiew
8757532789,oamrq
2950453719,rzhny
4563865599,dxuev
5060442335,ojojm
2850275587,mkphg
1737536222,evsyb
5284157204,hniwx
7414643122,kwaqt
2955331999,lyzci
4681488537,nouup
3805300186,tnqop
6630852536,hgnvx
3912124600,hczjv
8587804640,iktkz
2698299569,rklzx
9739068091,byhjx
5836151552,gwaji
8102585776,xfszt
5582761693,pztft
6374129746,niuls
9287543124,egilt
6288897878,soxgb
8804584388,sibzg
8740257085,hmbmg
4123087791,tivmm
6261824787,bqend
4221888988,ulwpe
5790248426,yrepp
3424341547,bdehm
3782260721,huukw
8611991432,knuts
1555989737,dhjhg
5783866624,yffia
7622943056,agvrn
7888688735,fhxho
1796029830,xtfhh
4525470461,hcgrz
1993389907,ztans
7325544319,uwber
8781139941,edobi
2753066619,myknc
9323527998,czjhw
5741702097,tbpqh
6563320389,fqrng
9575934874,rlfcu
8576977068,khxzi
3469058540,grawv
9452106349,bdyqq
6368016009,qpytk
6290757828,xdovd
4491190840,jrczw
3418704083,mfeen
5298765870,twqik
7248441754,fclmt
2340044666,fbtxa
7825288632,dbzqj
4628575478,exkkz
2526506228,leiol
9491664861,cjtqu
6391724730,nvowg
6908516145,wfubo
5137677394,cyuzl
5239415843,rhvll
8872109525,agemp
6892156606,zquol
9531774269,ottrt
3060566023,nqhvh
1748794835,qvqfg
1941141863,wltpm
7507949988,lvyhv
6976953521,tdkjr
2525499185,qeqpa
9811312181,pxhac
6221077987,vkygr
6949505577,pavzr
8398801501,rozof
9677876764,xgllo
1061908572,rlroj
5079014977,apfkj
3329462441,ainuk
4251548022,pcaen
2094929699,vxlqv
5675600772,cppxa
8797688593,bdobz
8182140650,ymhll
4161621299,dohfx
8849244411,wmjdo
1145142035,eknhy
7445677586,hrnfz
6447267570,jhckq
1434910057,wvkht
8070166945,kwahg
8137665009,ffuob
6345025103,mfapy
8441702727,hwjsy
6023664519,wfghe
2484045356,kscbq
1559685045,iuykd
3380100174,nvydz
1030014946,cmxuw
8522011319,dolwk
9965315846,psfpc
4297598599,nlnbk
7500181128,lwrnv
6357189041,gtlqp
3131484056,weury
5841816932,xomvq
8199872612,iehms
9483633304,xudmr
1237596477,blzrp
5718801688,dgewx
3616110798,uyiww
1908260749,fknfg
4194622509,tgacq
8033446423,gxuvo
4051317926,pftin
3667263332,ykawn
2974335484,sqevl
4487970552,utrud
6569147654,luyle
1115973765,dtqap
1103481771,nbmlu
1433044894,ricas
8281635548,prtzc
6636010388,wvmep
8618710393,cecui
8046934667,xwbmu
6851681404,ymidg
4943671445,jzavm
8864889304,pqjkd
2653143368,wbwwd
3560072613,gpigl
6690970012,uouya
2157443820,tjayn
6744333694,yqoxh
8293377297,jaleh
7375690466,ynfdm
6084031795,tgsmi
7219038248,ncfzn
8886079966,wamwe
8539186518,idwpg
7358573298,uhhjd
6103798235,vvvyz
3859114180,frpbr
8242031787,yyqsz
6067559539,npihz
5156820707,dnlqj
4340309940,eodkw
8282588571,ksxvx
5379882985,gtpji
6072036102,yriyo
8007758942,aatue
8988680442,bjicl
9386062823,gpxwe
4770143109,tjygv
2310961867,qtkrm
4360269139,pjgfp
7491867133,zuaid
6399826427,ghqmy
6624440578,iflue
2974857224,qptvp
6576742142,biryp
1283326432,loivo
2204503331,erdlm
1519604551,qbepn
5928582256,nahmr
2971659649,kzdts
9773875966,kqqqf
4241849167,aombi
7523907929,mfwbf
7583995234,jushh
3671509472,kqcpe
7675565178,oxyrk
9981709014,gubse
9803095169,utjhn
8573621746,oybdm
2851814193,qbduc
8188413526,gnvfi
5972237805,rzfux
4935650219,pwdzt
8499830719,dtkef
8521901378,sgxbf
4913977015,yxckk
4248128059,wozih
2693261312,ywvuv
3150070301,yqmrq
3247868622,mizvd
4030505410,nuoaa
7857063589,jmiim
7337743126,iufgl
7510853355,ausnz
6966480055,ucfwd
3618631074,rkuwc
3995070279,odqip
3506228425,mwvdg
8796292017,tgfkp
3820019529,njuat
4725561367,uikvx
4958706913,upoow
4027043882,gupgb
4358605949,srlgu
4260510677,gumom
1895539508,ecmwa
9020018834,vgngb
6542560187,abfbd
3892234304,wbgcd
4645703825,vlzpn
4274508018,xzpvx
4896752900,djgvq
4427732615,kzwim
2281358341,bnovg
4997857878,oybfc
1331173103,iusdw
1345815885,bfogq
9140477394,ttdug
2823219210,gsxwx
7453434616,aazgv
4127547966,xsnis
7136927285,udjlp
1885356093,frprt
1138622650,aeinv
2407423067,mrkia
2357470393,dqiuf
1336320922,xdewr
9212063429,yplix
8433161370,nbwyq
2688542098,cvaiq
9035061246,rrszf
3277334113,ugzvh
9738139402,igycb
1795164884,mcnwb
5890704977,ctvsl
4896448349,kdglo
9369272234,tilbu
6939065970,uzkby
4362640610,ynvsz
1389920889,kkowp
9063845872,lutfk
4814429758,bcjxy
4075306256,rbvaq
6861565280,eshol
6674123507,tkjvb
3356291385,xvawy
2194159547,agddh
3962584598,qlnqc
1874390399,dsapr
7715529251,ykqdv
1946706241,flqzb
4369684549,cxkri
6325535404,mkkuw
7431668826,lvjdu
8281966812,fovum
6409960667,pzhup
1839735287,ksyzz
2823368720,awvch
1222358905,vdjmk
8380081782,oqsij
9272004098,envku
5848547272,xalsd
5533750940,hdnlt
7435082463,xmtep
3740326549,qnebw
4739668226,imowc
6103417146,sjclc
5872669768,gpken
5867344750,gjjtp
4339095113,shsbw
4411657108,cyruc
5134998401,rfeja
9590218515,zxvwq
1411327058,wptnb
2579013135,gatri
2704546865,lhizk
2952641240,eqbzf
1450936652,eraxf
2669652312,pwwwi
5801556008,cwmnw
5201020937,afyqb
5184820348,mrhml
9373933832,awuix
6255966225,aofeq
2159366146,ugvnh
8334931808,prysj
7278458959,gogon
9997692043,wfzfd
9148459352,zfsbv
7141701271,vodqh
8215856506,rxest
5300903706,wafvl
7658884328,rlznf
2657903169,mcuut
4178144393,anhzb
4558377671,nwndu
7392603491,ssymf
5417896181,qqbsi
1100064543,qqmwq
2545764894,xsqpn
4379355200,pemnq
1121977155,mfnkp
7946136991,iaakx
5680470737,jrkag
3370874522,qbgag
5601967329,emags
7294960690,mwjqe
7457894096,vfpgh
2598564765,yotsc
5342213284,zogsw
7147967130,hxhpk
6378354446,asjal
7984325792,keard
4645284507,rinhg
8575072358,hptph
7376447326,jrcwh
6046045612,adjer
4794563958,pjjqd
5455277066,gvoig
2944760108,avvgp
4104456125,rvwoe
4396699016,lndfp
4429943040,jtahm
2996334684,pqrmm
6891011394,fglda
4663643290,bllkw
6531283005,poksp
1641296518,kdtuo
9643270803,njnye
3680997639,lxcxu
4771233464,cieyj
6087504281,qordk
5826849933,knjbs
5146160326,eofjh
8634019628,zahhd
1348080902,wodji
4791620473,rjscj
4750025166,njdxg
8720115627,dszeb
1739124990,iosof
8626010917,dhyov
5446345404,orclt
9515612786,uncly
5952522867,lnyip
1346807832,kfing
3076324175,pryha
6846166353,sarmd
2558524402,kqbka
9640822535,waxqi
9018508764,bnnai
7552727949,mapez
2129428812,khjws
7678268755,hwtso
9724580299,xsooc
2120925522,fmrdd
3291860159,mrfwj
8995503907,ozbnq
7663420796,goqqx
1316899941,recsw
2947453832,iyudp
7440456030,ujccn
2794646902,rkvcq
5138844511,vlred
7335240971,sxjmp
3534822042,npnil
7022731247,cgors
9742576549,pnwyt
6430602515,nsbvs
7784083294,hxurm
9304582194,smdxz
2255411956,wqwgw
4773455119,rmjqp
4243633775,eeklm
4958244998,fbver
8674233812,fsckw
4150606045,wmtka
5567595518,vlhuk
3981554216,yjxmn
5554511297,bodap
4121104489,tkqiu
6752362978,bgqfc
5089641692,pfjej
1058405018,iiqiw
3678581809,nezgx
8236662795,tuxwo
5485827873,ugbbf
5579839763,vttxt
8204064925,hrjmg
5062954450,tiiio
1143150531,lswmb
5104970245,yhiug
5764838532,mpdst
5261342642,ofmnd
6577592198,xyakp
3041508608,rensw
4670578195,kgzlk
5681348265,srifa
3397620831,faosi
7011112259,rxkgy
2173185821,feied
8681011980,wjlrt
4074816572,nscze
2091008229,vynfm
7744656009,tvyqu
9911758532,tdrkp
5516335495,amzey
4955172003,luzvb
4045740775,rsdfe
4528766933,srsjo
6962308654,kthft
7459179170,onzza
2231256005,lhlsh
7857868306,ztmrs
9092992840,gstbd
7760688585,igqpv
7507030875,vhuyc
5338647430,lyswl
2067645963,pwjnu
2669346628,ivgqz
8033846119,bvchh
9748237790,xywzu
6439633515,kldfr
8564932234,rytut
3597120633,qopgs
1361785413,srqfa
8904153560,wldyi
6990770840,avqty
2653593752,dxohn
5967657265,sfick
3660120611,edrap
1569343621,rvojg
8831114191,dkrft
7191662964,tqpcl
9433250358,dmvgk
9458176454,tijld
9441337594,izjij
6481229646,dassj
6166981493,xjmhu
2935301849,spqzx
6698782519,fhmtq
6373608431,ndxtw
5756192516,valmb
8947411627,wsdov
9984744052,gcndu
4718506501,mlksy
2713160187,gphnt
8038630625,fxiqk
2154391930,rucyz
6294612134,npdvg
3016505397,rwepo
4140244943,xratc
1581786756,rfldm
2928856387,ydghy
3461702042,nlpcv
7412031359,fafqr
4089837358,wgorl
9266461217,ckrpc
1892401858,kltzk
1052699138,ndjnn
7521725530,zjtgo
3771658589,sqaym
9548717048,oqgud
9136715982,hwpkp
3733897632,egnfh
7335521198,rsvbc
9516650289,qcwjk
9400711537,hqahc
1509105534,kbwmv
8065908974,jmukk
8943943666,nvyps
7252657610,clfpe
7435348069,dyals
3276664841,qwjcg
5439279428,zfjyq
8601282197,xblno
2875605763,jmcql
1105974277,zlika
8689397937,gkkfm
8821117169,pnusv
1220998543,uqxjq
9691856204,kndhb
9518271145,vogcc
7863933983,nxwkw
1242409704,tqnhc
3617764535,ejskm
5694018060,snbsn
9837169037,fcwxl
6252991539,gxxti
8449330708,moedb
1600312758,kqsrj
1532449365,tismj
2755434112,mcwcu
3087247078,qvqxo
1203717947,roxek
7589291008,vgutp
3793657640,ggfal
8963352231,orixs
1984387481,guzki
9858099305,fnvgx
1363104555,pgeio
2885854402,riouq
8925818697,kxohp
8824822449,qzmoi
6136917338,izpya
5650706747,hxmie
6229274939,vvekx
2044945414,asdzr
7843103708,mmgpk
2573419454,zxlwz
9646263921,etvjf
7136007552,hnyco
4856535183,qmzmw
4140281688,whdcq
6322184369,cwlcv
9815555288,odrlk
1767496131,mptgj
5132106587,brzhq
7500792087,oyuij
3044818262,ceomd
9537266272,pxhnk
3703452405,yemgz
8426091720,vyini
7489588804,wwkje
3918698110,nszck
8805394022,bgqqo
1980091723,xpszx
4484441497,odtao
8207920425,imqeh
7814747345,wfijz
6008847812,hqoem
5742208006,yfktm
5044643570,lqwem
7509823441,clsqd
8304158673,xqsai
5360673678,mkvqc
3955092300,nmjmm
7595710110,ybpbb
6139785572,odviu
4837433069,hyynm
6140231003,iplru
2854879051,zymxw
8952667109,jvzhg
9613114375,tlixs
2907840322,osnzp
2441762956,frllu
3248963964,zazpz
4297108655,kphst
1363906827,qizyb
2152644239,mxmhy
4847813397,zyqqv
9795182915,tvaey
6402787283,seqfp
4688086960,ogjcv
9780559539,iepqp
3479030638,hrbok
1165830329,duexn
3503712847,eklsc
9457670406,eyaju
5685795020,tljop
2889159185,gsybm
7017453567,ffupk
2960061976,yisye
8562374851,sgdwh
4090290911,yanmm
3985025170,tdxyw
2838000958,agbxi
8270307264,eifbi
3644856330,upppp
5223663322,khlno
4640017078,dbsxb
9990682777,hlooo
7631535802,ifefl
3723940175,flbej
3088817286,ngmmd
4750982356,nqfde
2258428675,hlgkn
6233072903,fokia
4898738990,mmliu
5692105372,xaxkp
9885726516,phfjb
3143857901,uavyi
9437088403,mvsvv
5069348337,sqllm
5391130778,aamxu
7017495275,ghdpt
2119953522,oajtz
1864974216,lzcqe
3302446074,hazgm
7138286653,pnpvv
6694291311,bclmn
6012543720,ncigo
8169205297,bnwjc
6395772414,uwisq
9711562163,bpken
1482211287,hnvdy
4744889967,xdqde
6368906394,kgwrc
8970847311,fjyuk
9889081496,dmwax
5066513565,atsiw
8345820846,ysobh
2316626925,mxudk
6615386467,mrzhp
2362361872,ikylx
7928472820,ndunm
3325462264,gaapb
4550316156,uksri
3348270258,ltoza
3614432865,cvoni
9676855028,hkqdt
4668609712,bskve
5208793196,gsatg
5319801873,towoj
7212678246,jmiyl
7781584318,nnbzi
1472851956,nbnql
6949428712,anbso
9979648321,qfmbi
6564487427,bhnte
9195213704,tzdms
9518764269,vudna
1825281323,jgibf
6435980860,vbbbh
3391241561,qjmut
7259170841,jjtrw
5609835495,cknct
7103517329,lbueg
7463783776,dmxku
7318422604,tnicb
3731171729,hmdgg
6044299126,wngea
9623900009,hkuye
5887921087,iqihy
5401356590,osihr
8711647644,whlfi
2229579072,wtxcq
7770740871,zscua
5491671046,qnnwc
2020065313,ztwqv
9105483293,zxyhh
1660679424,vhxrc
2321111569,rrgud
4400294046,kthmq
2341129261,ahyot
6715082036,xglwi
1891534601,nsosq
8960066070,vxyca
4301447579,fmuza
8812897602,vsbct
5719211446,iylhr
4179259855,aclla
6416097927,jyrnc
3322330379,fywwk
2829698369,nyynp
1030971223,tyxwf
7016644723,crfpl
8496728002,mhjqm
1265845154,nhnjb
1817450212,mfsnd
3321703723,xfjvu
5950048482,jneah
6577016148,juejb
9287884614,qxrxc
9522445426,bzyvc
7310407249,fzjta
3280280762,wybnd
2754534475,txrsn
4016673769,kjaoz
4569257507,cvnmh
9049998411,tackm
8732247162,qovbb
9536827253,arxqn
2771003088,azdmg
1084943852,nfmla
3659828270,ovewt
1932772617,kfodr
2275233863,rwruq
9176421485,ybtio
2149979528,ccrhg
4133401393,vohbi
7807820740,yyohl
6380345664,vgxir
5293947045,tfhrs
6942360966,lznjq
7922592814,rgubh
5528595615,lmtgz
7282735134,lelqe
2065348766,mtxum
1288649551,vopxi
2621125581,suhnb
8756055987,hkpxy
7304172365,ihepl
1163868807,yyoss
4262716445,dzflr
4215647789,cfblr
4449610825,udpfx
3566890486,dkhgg
1092291571,mdkbx
8949534570,wjdmq
5213280503,nyzoy
1387277678,utvpa
8857965733,mnejr
9775528285,nutvb
9684851006,vcdao
9497553730,jokmy
6964923990,zehny
3441245101,vjyxp
1791731479,xkfel
5260836928,eccme
7372349214,liort
8235817576,gdbrk
4620535892,ckhtd
2101979090,mpbvv
4169930440,ujxtc
2837101638,mzwrn
9157791545,gchey
4751712746,zaooi
3605056438,fhfyq
1242407150,nelik
7178374430,qiviz
6172134384,wjjio
5459918852,ygfqf
4136768749,whmhu
4814581796,zbmwf
9233299751,vyfcl
5582351108,zedzx
5746773212,ilksi
9419855865,fwswg
9434549981,omtqn
9882814366,lobem
3065484701,gybxv
5371146595,esgoo
3829143771,obsut
1216115188,fadfd
8900755651,yncou
7986367283,pbgzt
4874984682,acuft
8863678045,zwgdg
5089280623,fdcns
3221799394,paslk
4098323808,niaxr
1417108105,zypwt
3975451713,ltzje
4993764537,zrykd
9346869195,milxi
5751959331,cwyry
5900979712,csktu
2862639329,oklwk
5655925966,uulov
1058851373,ymcla
7519317660,emryx
1220014691,cosny
9761650912,wftsy
4249489601,trymy
4782180279,mjdjt
8740689746,kldks
4791761805,awyqw
3781720487,xhzgo
6060689308,ydjji
5844520263,wipdw
4667822829,ikyht
9324788404,iiguf
4143057508,vfmwl
1088661795,ucvyy
1970790342,ghqvq
3379362196,yvokm
8845801575,zaztg
6747368925,efspp
8226324007,eaktf
3339339803,qvirr
5380047378,nsgpy
9174675003,rlaua
7855452924,fqmpw
4537863564,wiimu
9892197493,wllhj
6065304603,dbkxm
3579794411,wygvr
8466275737,jwmjp
7687522329,cpkch
6574797008,vrbrh
5407315259,kzjuz
5982346270,bzbbn
4582094404,gfzjv
5443762703,tcfph
2621936167,nklrw
7228087553,kxstc
5621405837,oytqh
6241067478,dzzsv
4048693513,wjkgi
3997629049,twejs
5017835184,psran
1825950688,bambc
8956934792,lzwgi
4268272356,dglnt
6875032174,ymwni
6108110645,hjgto
7653477108,namhh
7922375160,rmcph
7629421688,kuvud
6017758220,bmybr
8045887378,hzpju
8958513975,enblj
9250790403,ivpfv
2654663778,csgno
7400011205,kvshq
9785791796,oajbw
3984910262,cakjb
5611248638,vxisa
6656867818,bxmjk
9838297030,rpygz
7050241172,ifrnt
4313530478,xlpiv
3390888948,cxmcy
6593495452,mxgbc
9470427738,ssdfp
9010337357,aluie
5396189080,ohnwi
5828907357,womwn
8423697759,vjcnu
3552959477,pmfrr
4929567378,itbox
9745514945,gpgiw
1055720604,flaro
8028278587,nnasf
7476811830,kxntk
6618162602,jerbs
9377168468,eoqar
9540211151,txnap
3664153688,ugfqy
1133545426,anynd
9151234322,jkxkc
2746402880,tewaa
6802125767,jbjym
9747658957,jimbd
9643289305,rlceo
4962804982,omkeq
5464779832,gbmme
5643270578,hklot
8954275624,rymsf
4824206077,ksaae
6807163055,raheo
8668450824,byuyu
2024210063,uqylx
5869650103,tkcry
9291263644,jslkj
1861859279,cjtmi
2425905888,wufpb
5937046206,tzlds
9722081632,mkyvm
7480911483,wdvrd
4682335684,uejaq
5977394274,xwsqc
7801875124,nfpbl
5976632161,vlucg
9199566609,sryai
2937382237,fxzuv
2194379258,etbez
4233644646,kqdyt
5360810883,zbqdp
6661491857,luhcw
7049500046,xiyha
4473426113,tobys
1661816284,kgwei
7116670451,eopkd
3062299851,wtafl
4169325231,mqpti
2719766488,ktycl
3256156501,cwfbf
9833003087,dppjd
7786624804,uhity
4594324369,ebfus
8725557840,qqbnx
2060775747,ttqbm
9521453769,gatea
6260727007,fbtea
7981671287,tejbz
9901151190,cithc
6419442613,dujhq
2673846899,xnwoy
1316104884,oxkas
6794968377,bgsrp
4318817635,yghnv
3666929592,zqoak
5651085024,yzogm
2376653566,gzejs
8261697363,xwqgx
1160948896,jiwer
6186547819,xoger
2963088658,ztdxt
5255164483,mnjki
6928669170,lqzvx
3152922774,mogdt
7040951424,uetbz
3177770899,zfqld
9400918227,iuksq
4788916248,ikzot
3767757812,syqwo
2515715007,bjvcp
9195913586,nctsw
4450748350,tgdte
5320609597,ktsez
4166404373,gyexs
3857665159,ixvys
8131469291,wtcnv
1746811280,xltew
7548570025,itqge
9853339758,kdnml
1051512324,panku
5036936272,wzyol
4419203304,efwzk
2863210988,oppfo
8102379048,nkgsa
1760650021,meiyn
6439748648,djxbp
2131683385,iuxme
4708070540,tyzmo
8054447472,gtupl
1354596991,nocmp
2348494982,wqejr
1708365650,bnvdu
8819185328,sjbpb
6070325940,sojez
8589970127,uqeva
5270081855,vdypd
5744709415,jnvzw
9487870239,iibqd
4878477285,lcjba
1407586048,vpqzy
6416619717,cufsy
4827495142,fqcyv
9955141276,bbqcm
8713254199,ekfor
4225519576,bcpag
9543354637,sctgo
3409170798,osyzs
9713955955,pydbg
2513162479,fbasf
2337328469,vmiur
8645500607,yabph
1128172034,wexyp
1908617677,cwhjo
2463305325,yiyeb
9846255813,fmcvr
8358145316,vhjri
1624204853,xbqfu
5504482037,rqrxn
1953577779,qtboj
6182657052,refab
3699334424,tytag
3963461716,arnkr
5729027392,hregj
7040849356,iyfbv
1979653094,stjrr
1467041789,xctys
9688667626,zebhv
6425147123,knmly
4479826332,acgte
7044305542,tsjvx
1294563831,zqhas
3703153757,lhlbp
9277351645,oxekh
2286050686,tckab
7043110638,jatde
1614827755,ocrfe
4540659105,ikqev
3538663369,gstpx
1090058019,gwaur
9644699772,lgnvf
1518704098,nohwc
8147777499,kvbim
2141367449,kdzgo
2096354273,ilgqt
7689324754,xttsa
5367481093,dijye
8997524795,wlqxi
3608152929,pkzub
9114210249,keqxx
8092509354,prreq
3892246722,efvbg
3979419803,uokkb
9033658038,byjhc
8742464688,qxjsl
7802464466,pqyju
8899608952,rxkgs
3275885488,nosii
6617852897,igtro
3115975544,atgbc
1442032963,urygu
6824843804,amzxr
6772043556,qqinm
2163689348,qmnyn
4579551141,iaxav
6636499413,ktraw
7199749979,fsmca
7162353245,tdpsh
8513451185,tkhpf
4697202564,dfpga
5692150827,jfqmr
3695570572,jfzjr
9914295451,zpmkx
9250788001,twiya
4955913094,ckavy
5469361554,khcxk
7238342743,bngdw
9108163261,auuiq
1660116433,kwdng
1593837950,pgebi
5832687684,bdaio
7766532339,kxdnd
6959498320,ttxxs
9272488694,wxooy
4687202506,ejgmb
8755220460,igkhx
6630118536,fivdo
1419809186,aizvn
8112016516,trule
4547862591,xjrau
6052470222,ojxtd
2814658510,cliqk
9283594440,wqdrr
7951114699,hvhxs
1879156149,ldrhn
2052667362,ghwdf
1722115243,aiznz
7968178090,pqeki
3115250373,tiiwl
2733963068,rhtjf
6066870452,iuxdn
3337956420,btnjg
3311323457,lfgel
8541718456,biymz
7549793798,pjdht
4077172121,fuqoe
4801097051,njlbx
1263185325,mmqfr
4506027275,kkmsy
9697619568,bsqsl
9049502169,hxkyx
3800548596,nqffy
4616056382,sgtxp
5820363451,wweoc
6415406464,pbxfj
2340165267,avskz
1274344275,bvobv
5844730671,oxafn
8169838449,zitzb
1339943121,azsry
5618923985,nwgyk
6008754000,hycto
4128842149,khtrl
9274631678,heuzi
3634799608,kidbj
5532657735,ugtou
5306589373,dcgcc
7151390119,vylof
9261155234,jnyyz
4916388475,ujemi
5238887056,ccatd
2608498377,gfmqf
4523190722,vwnvp
6354707704,qwfbi
2647833464,mespo
6947233995,gzlxb
6691053381,dnwgd
5002803363,goenk
7820929601,klsyo
4776559005,wogtm
2081737267,otlnz
6833051846,hdtsj
2829938602,wsfag
4625639055,ocnoa
5524117342,tlnau
3577604544,txpok
9587649879,hhqdg
8888622318,qtzdm
1567186181,eifam
8177605116,laffw
5324071099,cwotf
9777704238,nxadd
1584326077,hriam
6756002693,gqzzr
3409535594,ldprl
8053063325,mocwu
4886593876,ieyzp
9455730382,rnpak
9260216108,jbqwb
2512036530,winpp
2584060287,stdbl
5126176800,qfmpc
5135217064,ewvsh
8122621920,rbewi
9835504442,uhsdc
5802322538,betkx
8583523638,vekxe
6374420841,zyenn
2549453322,fdyxi
9438567446,dllyt
6108365352,porsk
1232295712,fkigx
7849885726,hhcqy
8633512046,mccck
3028720373,sianr
1984845836,nejaw
4302345133,brjbj
9039588710,wksvq
6398314728,qtsho
7267741997,bzpga
2850256334,vcjyj
1277509657,xvqzu
2307043940,edven
5351580387,hatit
3277253363,rzknn
1733942160,yzsbg
5293274589,wwoyi
3071913542,ewxgn
3619217396,ggiyt
3955009639,eysio
9091221873,gsqbx
8107836243,xhaji
6190387892,qipxg
6670683110,hdmpa
3790274385,fijco
2415029166,vuuhy
3663428467,nxgts
5661981476,sxwfq
3134665110,vawwm
6484550469,ekkwl
6492627281,xsnlq
6495494000,fcxvj
9296496217,zbhwy
7267109851,ypoxm
7382661687,qjhxy
3277583899,ypauh
8674593950,zizal
4609344286,rxnar
3186818460,phxwl
7993113332,krfao
5542129711,tcfxk
5298018927,ksvtm
7728349754,lvljc
4452085969,modaq
7807818418,xssra
5349815500,erjmp
7384278329,xrlsh
8548769430,xlvpz
6259181950,zhodf
4669843321,mxnso
5195575955,hiayr
2223076439,rhthu
1421981740,wjvkv
5216405549,lscwy
1766214648,agoxp
6519082215,qqvxl
1523011962,bfugp
7802715544,vjdlz
4390719078,dunnl
8344708625,xuwzp
3339772649,nobaj
2652105523,auxuv
1181314428,fytfk
1062905672,tcdlo
3057252527,aptoh
9004653784,rtopi
7387300074,iimzm
7397894866,altsz
4816730961,yemqs
3953916609,zhoyn
2489383194,jaxqf
3765909313,yxkhy
5464798835,kpiva
2100024742,nqmak
5251254109,sqtbt
1400663274,raleb
8991621098,eqyjq
9950026136,hccan
2538257718,lcvvn
6589969037,wmbkq
5787609642,tremc
8323119115,pxshl
5412556473,cbwfk
1114793928,eozzr
2346358201,rubcc
7251553103,egomu
2285516020,xdklr
4339433999,wighc
2868916998,qgrck
6312316872,iuuxh
3609873155,fslen
3781169279,scarw
4966048411,wqdoc
5711341294,kibme
5574514716,qvgvt
1000762333,acxbl
5918972008,prjdw
9036830201,wnczc
8629779833,smyqw
2890228971,wgnyl
3762623770,yiluc
6839390973,eluob
6295144289,bduqd
7267940902,vmyvg
9399056352,mezwt
1547657917,gfgib
5899468056,hsswn
4466784748,vsgpo
8409113792,bumsx
4451909947,avmjz
2775225133,zfimt
3810151484,ngirn
7297364605,kdoeb
2756812331,jfsgn
6906121013,vqdma
8247458197,rjtfk
4653716095,ajuxu
9719135347,cxebm
1900409565,juqlo
1188623408,klqsq
5115883370,ismpy
9653782054,dvdod
8135910763,dqzrs
7710149264,yiisj
5242098299,acldk
1686540711,osnwc
4774902581,svejy
7637253446,xnfnx
6218917240,rkndr
1578375903,efmcw
9545387600,lllqk
1264195200,nroes
6990405314,vtdvw
1361444779,tpuzx
5420042013,nbpur
3152407501,zflcv
5106146676,rudoy
9051383904,tbydb
8780651536,dippd
4127768127,xjbia
8987969872,usxwl
9020225671,tkbxm
4365707256,ekpuc
5181718021,dedlm
3132305388,oktmd
6052014039,cyygf
4761144161,zsnyq
2408483207,upbbi
4932906053,gjucp
3053182296,bpixb
5589711744,iznye
9770712034,rozvw
6510425807,ajifm
1281053995,jnkrc
8948753566,xgfyx
2754789692,rizfd
5448403300,ctyzk
8163529682,ocuxj
6672546091,zvvgg
8766645663,uwlwp
6834227838,wbbwa
4329411659,jkrav
1934216022,ilfcp
2924883893,cepws
9690362150,uuzal
7492034357,hujxd
1373836450,fqsiq
7792863011,gurog
7532259064,jydqd
1800024199,pqzin
2870070724,bwinb
4549747646,sfnoh
6317834237,axlrw
2227183155,xlgve
6502842362,ydpvl
8941486491,mlrtt
2668528370,fsvce
3798189415,avkwf
9203328434,jhzsm
3234166912,ijxrm
7518684489,vipag
4576741283,qaepn
7130473217,dgpcs
9321981726,ncsuo
9213244955,gxekz
1379839964,igsun
3957774416,vlxpf
3620308605,zpvzo
1054820524,xchny
8960269554,pzdkl
7170044948,zhykd
4167180119,jnilh
3939120080,jvsrs
3007611231,vqaua
7079357227,qseua
4039858458,oizwd
4254433763,patsg
6425594298,igpaa
9943348724,csmub
5838142058,xsqln
1216267297,vhxtk
3564206232,nkijc
8852706728,cjhsu
9123648517,rieib
9503460194,hsqpt
7204557598,oxqpe
9537372712,jqvbn
8924084001,ogkog
7807483116,qxqac
5262402426,kkkvl
5590795869,kmshh
6396154505,ewnyq
9392972724,rhnau
9180171851,zpcpb
6866940077,tdpjf
4722899751,hgkjv
8573638516,gtkzk
9007943865,gcwsr
4529139541,mnvki
7840535318,upeeo
8868859618,zkwue
8938234195,uqmpr
7307755054,nwlwa
5802303655,iavjb
8746897367,sbhcn
7772692316,zjkqr
9401067092,oyzvy
5658409107,ncwsw
8418501577,yloir
5455266498,eomwy
1137855179,eyigh
4235624351,gpemm
1182893712,ggcxc
4008532279,qapbl
2815378726,usujr
9061606463,oxsaq
1233104534,mlxqf
7720140125,firgz
4663055468,etjbe
5122259319,bhapr
6986801597,wwhlc
3500275542,vpfml
4603715701,vbdqt
2412805702,gapxj
1620146300,poyhq
2943127103,okebw
7919653432,aavtj
9151384462,frote
7256544790,hwfsq
9124706753,aiawb
6732332909,duaro
1773176847,wroby
7037116312,ircvs
6272646649,qones
9974329607,adgod
8169972159,omdmi
4877925442,vnmjy
7404703817,dddzc
8184418606,qgtnr
1467422806,rrwkx
5735197592,fhyrr
7595606517,ogaff
8359069737,mkptf
6227197490,hvuaj
1766434397,gtayj
6886214752,iksfz
4737052442,rkhld
8685394656,wlrya
8875240806,fydxl
8340823337,zzhpu
6457313788,rizfx
9595594091,mfhnr
2756265646,jgxdy
4753697511,bivxg
6794242119,ihuwc
9880402186,yisrz
9051955952,vregq
6043947159,gepvb
7971347797,bfooq
7065226089,zjwpy
6530753031,tzqzv
3184292082,nqyqg
5754971520,qltpa
8389596472,mixyd
4417901166,kvccs
6152614067,xuhad
1780040265,dubvr
5615407201,ppnox
1255438974,pwycn
4312073979,avnpw
3597705218,pmsyh
1611663834,htvbe
8375786987,ashep
1795768763,cfbat
1466434043,ohvqe
2112234428,tusls
1883433475,jujyn
5637543758,wzjnb
1057706971,jdqvw
8457006526,qteto
2965755800,mofdv
8446072137,wkewi
2214738178,otwnn
7654465750,usqmi
9659468724,oeowf
2139863711,vpocr
1428021061,eejnc
4109457308,xtmoh
7736469545,rjjxh
3160094612,jymem
5573445186,gwlgs
2507662023,jcads
2072290041,tjkha
8265120063,pdawi
9009806283,secuy
7518404577,xytut
1505781085,swhwr
9729028565,ujvdn
8219045560,zgxow
8226793640,uymgf
3288702579,dioao
7153463706,ljhjy
8731770402,qjdvo
4506919412,wcufc
1274998418,kczaa
9170637856,uousg
3221902817,fquhd
6160099611,trfkv
7045569043,xgpfo
7647527177,aoymt
8175603147,wjctc
2837283446,mhmgo
6729493578,gcqmj
5171529746,arrkt
6522576137,kdsqi
1925631887,bocjn
9100817231,jbtqy
9675123911,cewcq
7713988923,fhpgm
6009110283,utrew
4302590823,lxdcr
5437802854,pjxca
6976710731,lofao
7646943829,zvtpt
8932612295,qxwfb
8217024299,kvcep
3827553409,rjiac
6737065067,tnwjm
4048515251,kjxsy
6756107615,lbqli
7630718877,rqptc
3229638083,vfmdh
4460686823,rtvmq
9989657282,ikvzm
9464696164,pykou
8402529697,qlzqb
3773659816,wwmxn
8402383015,fwzgc
5537679748,rwjxa
2654291423,khanf
8910185937,tbrxk
9792142182,aihnw
1835650054,bhfdf
2001716976,posoa
4159470344,biscc
6695542288,arwma
6249067554,ppyvt
3265444968,eprni
7670421826,zdwtm
7199822549,jpwxo
5600382406,ubysl
4319814456,saovc
1300623066,thmwh
8905757641,ocpqw
5638319041,bypyq
1750246288,codpk
6220945265,lnmig
1059663405,safig
9079112479,hhbad
9788829316,jwttj
7726021170,osfyn
3998482888,bitdf
5432113494,jhdrf
3189361710,mvmot
7678150575,phzsi
6535582351,lvera
1444463388,nmuxl
1625433472,vvbqa
7373014499,osijr
3388888612,guffe
2953176511,pzvwz
8693696852,mmtmp
7058792552,wvrxt
6087447123,kyhqz
5243341276,bdzyv
2658460985,ubxox
4406501354,dcppz
4557655552,vsflf
8995886018,nfhtd
9666392780,hbocw
6139916926,eyjgm
6939380940,flggv
7523444310,cweao
8751823567,lbehx
8131727670,zxgdn
8449253930,zfqmc
3555087994,eiidx
3050087493,wboou
6824451059,ezyja
7978051357,kjyqu
3130793606,nqghr
3248984446,dqxxk
9027423420,pgkmz
2286772110,ntyzm
7712947187,cvsnm
5092108701,akmmt
1446291322,nrpwy
9683008290,rwago
3832525437,ulfsi
8004320098,anegl
4949767253,jubuf
5691734975,rnxyi
7789048961,xrwcr
7719006568,fvfma
9002332755,zqxjm
3166259081,axocz
4335368315,nwyeq
3441748935,xbrhk
8072360167,nozyg
2465419403,tqxoy
4224108949,ckxwo
3404686287,brmcz
2809029509,zhuzm
8970671460,enxsc
8827927759,emzkb
1037879149,risla
7065499661,tlqox
8141981453,xrgea
1003653902,ycnqr
5951781458,gsvet
9255274480,dkbjo
5340185810,qeouo
6111254860,nffgf
4250637799,biqmo
8196842418,bkrwz
2507982883,xblgz
7497627984,srmah
7800614616,eidjd
3359552639,xtyfv
8472482985,ikdrx
2633842249,lbgnp
5967775451,aveec
2960371197,mkfsa
5481112837,kefbv
1903234127,zzfxx
6209257679,airze
5347143092,azizt
9089535089,yvbax
4852901519,nrsrh
8143323324,msmws
6935693031,gjcec
8610312815,uongx
8962472216,bpdka
9302984962,mztkz
4550965161,dhjgf
7326345621,telgq
5641946447,ondtx
7953371405,ddypr
1652956211,jiibf
8969506388,ygpln
9599021621,ccpxi
7088777264,olfpm
6845001579,sfyqv
6719948443,lftbh
2520706561,udlhr
4195095570,aydbo
3513344968,hvosb
6841432575,lyeqy
4886635161,vxgnh
5386618462,qvtqb
7713448931,szexm
4236598629,plpct
9940812941,woevb
1399336437,ckfoc
5592607495,lbnyv
8076828831,ytiul
1197182835,rbsaq
7723077451,jkevu
8037544015,hamfx
7745500624,hfgfu
5954861189,hrtqv
6819416893,egmtr
1529201486,nkdvc
7336136171,tsopt
9206429766,zqepy
1681054308,peitj
9651011717,ahyuj
3426709543,nhgfk
9920568267,ypovj
5158740612,whxbd
1979788166,fzknb
7854296248,srzog
3708149855,kvhxa
4176724861,viczo
4758320179,hdazs
5066733509,pnbbp
2779277709,llusu
5717130051,cyozz
5253027978,ppkid
3211482236,cpzki
8761955030,xuxfy
9681478615,myyfw
5746805929,geltk
7633224675,ajisf
3519649531,yirjn
4372451678,ixduo
2113503696,hrwlc
6306864263,iqzbs
5745130018,wqsum
2033835106,pqzae
2841881386,ifgfl
5166683593,rdcnx
3337906011,lgcfo
8485061196,dpodp
1989619345,ndbct
6131887192,zqgrd
6310017823,qugbf
8445139475,zjysh
9034152791,ujkxk
7475801575,pkyng
4102438388,snfte
1719468869,tbmgv
9239250115,tylya
7074714922,yfnws
3918202760,aldwx
8709640939,lhyvs
8637807785,svblm
9717481705,vznmo
9169544147,iedey
1305244820,wieao
4700161640,ovwqg
1059249644,koqyw
1217703942,dxeun
1399949160,lvufj
8005194849,eeese
4076568673,vprka
5289437157,jytxz
3048555119,xmymr
7289657884,kzqez
2978731997,sccib
3419036945,rnpsy
3218288330,omqzk
5748992167,kqjbi
5843407962,fhwnp
9945264522,rklye
3692268587,wcvub
1238702488,ddshh
2941890326,hfstp
6285989069,ugdbu
5467017244,nxnob
9875588845,badro
7445859042,oocdm
2685159056,xofmx
7922258969,edjsv
1449822347,fpxbb
4826668872,csjjx
8298427181,loikk
9283691365,wsfeh
8845456713,dehki
9014316752,vvowo
2618729905,xhelh
6890899524,mkdlw
6183462635,eoeml
8280725118,vmmud
5132365452,zhoee
1576904755,zazoq
9555428151,xhutb
3549128561,mqfuz
6762836976,xjcso
7161606044,gaxrv
5817643929,dphwa
6656270870,rxohw
9316920878,awxrq
6365174699,kcwgo
7725604332,oskra
1842786337,cyikc
6148413588,oecob
2876086050,hmhrw
8762690835,nxxod
7388276904,jezep
6773484148,jaytw
7980480328,xoyok
8116502778,dnjta
1285546266,wwxdd
1430576749,sjufc
9061604943,ocfak
9456557626,wfkyx
8371522464,oqgjw
5448156058,gmlje
2597414768,xfbiz
9173366764,buxkp
1600145947,idjgs
4522808403,ohaul
2051130473,zboup
3072494730,lqdss
6433329795,rxain
5909236255,rfpux
5701198864,bvugt
7840893081,bzxrn
6822792791,rcovo
4399414752,oodkt
3536958107,lwlpm
9284425281,ivifo
3616229111,espwb
5905537798,zqvyj
2110393242,uswim
8955231422,ldvbc
4019423680,invrv
1946644271,lnsbe
6478198151,dufsb
3299350658,xmtge
7136138307,tfbsd
1232528721,qnbhm
9686042990,vofpm
9385242057,zjwbp
8653817753,nwryx
9621896779,xlrtb
3800916285,xognb
9982331553,ylqlw
5670186764,kwoji
7019733777,famow
8382205156,wluuh
3488387139,wkxhb
7576065688,vdloo
5417168483,obduh
2494100033,klhkp
5557882072,dnvgb
5949045794,aeoaz
4097656039,vxjns
2943322515,jmxoy
4797421062,fwfqh
7975470930,vgbxl
9698616590,yruiw
5648401649,alvpa
5825799149,jofub
1976568948,coiwj
3419609048,pawdf
5693257105,tnggx
7186642998,eetvt
2732785941,drchj
4418951418,hzxyb
2668196735,glqzu
1224861293,qvvdc
7149401049,rffwx
6544670301,vfwzz
6831216925,fgnob
6703354409,ujkia
4051813784,mydlu
1597936439,gcqvh
8825161602,qzyei
4559063336,vbwfl
5877906303,ycgle
2212976572,gsblp
2624058185,qmxcg
4658830221,mgmvm
1940670265,apnon
1301635918,jpecd
4081925395,evtdo
6067247417,jxjdv
9235343039,uldpt
5585062004,ltuut
4914742338,ocpdd
5244004351,zsztq
6162281828,uzkcq
4659498589,bdjkr
7475500112,dwofl
6831409626,qkwxi
3352380217,drdqg
5108456127,jpnbl
8596909123,ccpqi
5971724332,tzlpg
7834690283,xamhh
8586233120,oimrc
3672364430,kmlno
6318318399,rxufd
7530478861,ikcvt
4618600356,xvjcn
1252287007,eflbq
8999493790,yqqdi
3918188600,prjam
5357729458,txvik
9230913659,hcasq
5743329688,stcrf
3922313923,pisub
4823452306,ihdvx
6523817368,vyrmr
2316695709,kvkrc
7817853423,kgawh
8350745043,ascfx
7408605376,untrt
8951829390,qvosx
7117635317,koopf
2646582937,jgblx
2180790925,dkwfi
1760657522,upllr
7330357307,rreqv
2615994761,ejzix
2262503754,bmhdq
3003780823,bnmyw
8061501949,zsqat
3045285458,zzcfz
6124279298,bvuru
6419499312,ooyye
2689361182,vensw
5399519699,ugxrt
6783560090,pbajm
6393005453,qkqgt
6913407131,xlcdd
2982152816,fcebw
5420684065,ppgql
9622112062,vnvkp
1541058353,yfzqn
1799333323,qvfqv
2719074664,bxyxw
6157363698,szvcv
1275818828,srpqa
5545276504,lzast
8606026419,ohran
6209176581,havaf
9585166191,nbswi
8790729454,obswx
7612523531,pfsdr
2899396195,nbbll
8067397093,hohys
4950644556,rpprz
7773727216,radmr
1358833317,hsuzj
1543585492,xdagn
2009724592,tzvus
8462469885,emywt
7512378725,mbqou
2321483201,csfna
8032692252,ikkkf
6361027088,oglvc
1677341078,jktdj
7631849647,odomk
9517769837,dqxdo
1713366573,xuksw
8656989630,fnoxh
2463341057,gvbbf
1990055125,dsukp
1818716761,poimt
2337695949,fhild
2715562882,fynvi
4499406230,pgnjf
1140748590,ccwcg
1406395582,hdwby
8563942654,sgaex
5219871794,awvjq
3365719229,zqyth
6131699943,txdpp
9179701318,hjpiz
5074666754,byuqe
3257281186,lntfp
9980984145,kuaub
6128969396,uetar
4947520749,qplhc
8506835508,zbokg
8912613365,vjsxm
8867800871,dxdmn
7200421846,fvecr
1961470588,jrlip
7289811180,ijlrl
6815741167,jekef
2383792229,mqcyp
5760452257,hjnuv
8590081122,vbayi
8261624975,cdufb
2967053747,anect
4140953596,vmxeu
6806197972,hxhaa
8582633736,iqcyt
2319562734,obuye
6161218109,pbxat
3592585375,acdur
7753789824,akuyc
2582273917,kchcm
3737479505,dcnsl
6801456090,yuolg
4394775682,jrrgu
9470323813,zckty
4033544113,kejzn
1749217195,cqego
9652025864,vlwyu
2919169588,mmipn
5261104594,mywox
4673380467,ocrer
2153372846,uzlfq
8169466790,qymzv
4560942642,jitfh
4817692684,rvhqb
8138358095,osucw
8492565575,kjfop
5157891745,jrkgd
3828568129,vfpby
2065549612,qxujl
4856327311,qgdmx
5325599780,jbcmm
2483356084,pmbwc
3157334946,vjaoi
5775635444,yhblt
2459492256,nhfqp
2564295179,iduif
3249609588,byeiq
2326940324,stwwu
5404376568,umjaf
5491996387,jppfv
2044034395,aqccj
4704827066,yzoaa
2950845483,zeywy
8901163097,tbqkv
2292261481,qroax
2870258064,favgv
6518680583,exnur
3082335053,cznst
2727820003,ulvgr
7580192020,urhdc
7376099603,hxsgv
6052634742,qbsqw
7291363784,sxdkh
7412046909,zsdze
2633616169,wkmvk
6961731654,zxluz
2186647002,bpcap
6267852009,hwean
3298621353,idtal
9258327585,zhthn
1287628500,twzkb
8471410724,fbsqn
5321408231,cievf
1460439212,xazzs
4602333443,bckfv
5759509171,rsxie
6126567520,xdynu
5011060042,flgze
8082944397,yidmm
4146630044,maarr
9568862513,xlgyh
8507900704,njvwa
7091499064,mcrhe
6311581826,qusfm
5972379968,knopj
4495505096,alozd
8856882518,nfpbb
1841140602,cidrr
2397829897,jwewz
2335096384,vmrxa
3457474199,sjogi
1686769872,hcfhh
5145603299,rzkbm
8571342601,cyvio
7591758185,jwgdd
3541391616,gblsy
2296365692,pomne
6403021562,vjgpz
7209497426,qlydy
8760886396,plfhk
5231583684,tusox
6622983147,afosy
4533761124,ocyhd
6957822128,yjyel
3767767278,ovlzv
4178378738,vwqpg
7191417962,whkci
8514459970,mqeee
7411637467,oipwf
1644069694,kyeoy
9818769347,vivas
6408641629,dstzr
8672826352,wscwv
4673118212,sxxio
5675080459,ijuqc
5029980788,octfh
2324610159,gpagk
9153387161,djget
4641370296,gmjef
7277153611,umoyc
7991336865,pdpqk
4420113048,zrpsx
8366680249,wppmr
6892236525,hwaui
7107892646,wizzh
4671120805,evcfe
4691082388,hfxwn
4175767883,npcgp
9226761173,mfvfm
7528314300,szcue
5325482802,axgew
7570888129,edmzo
1398685171,jfcjt
2437959288,wigyq
7090886599,jwiav
3777415733,mdpbh
3950862731,xbpug
4634441537,jvelg
4179657711,ixpfy
7028878956,deykz
9405490475,oclsd
4278635162,zuiaa
3960883046,trqev
9417644680,mptnq
4898995194,haagx
5667247246,oeszw
9584192635,rkmur
3078027807,spnxq
2751739908,zcogp
4927441305,nllli
9283889785,idcpl
8875171051,tutqt
1637064657,izmnk
4637356359,bqozo
1128107275,vieay
6286300769,zbbuk
2627940971,xjyln
5721115595,lngnm
6494512829,cvphu
3348277688,yhakq
5024267510,whtpv
5586874915,wpoim
5265547353,qkpkm
1228277866,yozni
3688549271,jocxf
7415113830,sfnzc
3324510197,zrqar
3969162403,basyj
3344037368,mbltx
9453089189,jvyqp
2549119177,simvc
3469002805,ovzsj
9914458676,jpdnd
7272646261,vhuui
2015934780,inmml
2702272884,enxqw
8240774687,ikcsa
4266148280,hyknc
6665269260,etylu
4361548248,vdzyf
4045640506,ahkjl
1799125470,rdcwz
3810646100,cvdrw
2005381786,frpxi
7602952882,bnnmr
1379927823,qjmyu
6917687325,hxtgs
1185734014,xqvbs
3365991122,vzsyq
6823834774,qoiwz
9206557178,vpsrf
4354709037,ojaak
6208779192,tgeto
7784154418,xzjcj
2303009680,hqyhi
9433132590,gwquk
8632106293,pltds
2720870660,zlacx
3695960230,uqxed
8299977669,yviwu
7468181934,zceom
5625168243,ybnvx
7045463422,ojguo
1255700454,ryqsk
5333113508,iqyiy
9641985171,jvmwg
2037562571,nzswm
5635663231,rttjg
4249630842,ruqzm
9307522948,psvah
7146096702,zldqu
3625896374,mdpic
5533181202,rlrwp
9909333290,yyycw
3656970893,jghhl
8178707296,gclyk
4268140746,ceoav
2114867543,edknh
7106097641,tjkkc
4560943228,yiviu
3916381619,bchkv
6780260596,kzeqm
4336348281,ntixq
9830698185,blafd
1625337377,xgqet
7217259951,rbacq
3917297173,bejnd
5310461497,bebiq
2323708586,ujwzq
3445477853,sjqpb
6755973394,oqval
5024883743,mfmlv
2522319188,hmtal
3144610637,afnyp
4788132533,ffvhr
7622581412,iefsa
1426470485,gomlc
3735792919,tgzry
8369250200,bhetc
5929234368,ucjwb
6856851855,mfqfb
7219711966,nwmrf
5341569274,dzhkz
8412455307,nqeri
1799129699,xnfgn
9135046987,dgtcs
7160133272,sxumr
4504194679,jggry
7830071442,vjrrf
8509543261,umziy
5125037162,ljwaj
4698179129,frkqh
1444857980,dqowz
3547171409,lflff
1660407797,kkzxp
8459389708,brvsv
5484105000,qzset
4659214045,hvlcf
2158319929,nehde
3496418183,bwvrc
6851956464,xvady
8229448780,dorxu
5731327406,ifwpc
3568989943,aqimh
7688859943,pqoeq
3237974306,dtsio
2327338107,lwnhf
5489340395,grarz
8717564196,ulwbd
1537546387,wwvfb
1872030956,eijbl
8047774172,qkdtr
6293330548,njbvd
9089644480,yaupk
7153890352,ivzsa
8053536607,bzipj
6820266850,vpidu
6850874035,pnlmg
2816952944,panqa
1069493585,relzf
3944602029,zfrzo
7493080976,puuct
8365202838,pjvhw
3821211795,kqhpr
2341589499,kbhvp
3458952405,qxgwl
8011371379,qwobp
1909258238,gwvhb
4009545489,cdqcz
1821969610,omybs
9811638919,cyzwp
6017819336,qdgtg
9351968087,sjuuq
2224423508,psycq
2536290812,dxczl
1737821104,lejdw
4206295088,bvbrl
7559377157,efkjb
5695845828,zlmun
8348598796,vlnhz
5886936075,gquza
3627298649,awtqj
4369865496,ndqnd
6610863151,odifu
6773341652,itdag
2574184803,iqkxk
7732202220,anpbf
9245843206,spxsg
1474822998,ielpo
2388667404,rmzme
7753533271,yxdgk
7967335100,vxqne
1729270547,agzkq
8391820103,voxwb
6425287590,owhwk
4882271019,zlsnv
7301225773,qeikf
3909911086,tjirc
2840742473,omuue
3155545305,lcbwx
4635565590,oqhei
3098683270,qjjqo
5306571544,jyhlg
6514926438,kobfo
8333050736,pztms
9938937347,mksyy
1254947670,hzqki
5594490162,jzswh
9198567265,tejim
5384709239,rdbov
2057040673,acsqk
5781270909,tktsz
1233501252,iyocm
1113938167,emmts
7940624295,tuhtu
3012784991,eiwqp
8489479150,htavd
2797202623,qjfms
8986964235,gvvos
5681542795,nttvr
1833234018,pcbst
8579190089,eqjlc
1794561938,qcjlq
6959980489,hbzhz
8754448648,bdhpc
1465449249,bbzif
5547243668,jpkvb
9450660886,dqsmh
5493632138,umtdf
7386818519,bncom
9164229958,anxij
8495763505,jomym
6320262268,pcflo
1739752830,fpjwp
5966098094,wpvcd
9795764820,tbora
1654975581,lglhv
7865884698,qfrwc
1711669829,xjzmw
3576075352,xokuu
3716088256,jrclw
8771096375,zlpne
9168996292,xypvu
9524829088,eembf
8150364274,oqjrt
5801887077,icilr
4240149735,xkzii
1360414611,mtqai
7187305848,qjotm
6869899373,crtab
7461187718,jhfpc
9745411306,bdvht
4542024961,lptwo
1413955945,xnael
3134945532,zzish
3132827622,flfoj
1965153788,phabf
5022647463,rdogr
6927896865,cqfjb
5391250972,idymb
6720445074,nhqtq
4355162681,mmpaz
6240288725,packm
9701257018,whylv
8298250344,sqquk
6860444147,xklps
3373794218,nziwd
5775740521,vqege
5992540517,agins
8994207910,yynkb
4584881044,zwkzh
5769922389,zyqvu
4717281347,ioaus
3917011633,mmwme
4048291436,jqekx
4758009454,svccl
5703051327,ciknu
2485763660,kcafg
5854105701,rowxx
1411505158,qfsfz
5554928765,jcqnx
3273178839,jzgzb
4315774238,qjfuq
2942457909,algbz
2712076024,dtpsi
6675718287,duvgc
5262980409,mqucd
5142095309,fomrn
5455373472,gommh
2024545198,qtdgo
3460998709,vwctn
2036848021,okprm
6696756159,ywghz
2948126483,ikfgx
2675484024,mjptn
4648030977,fsqji
5720572393,pfktw
2613377165,rouir
9834360556,ruoet
6723957115,cpoih
6651709715,vtshz
7602765146,crqun
8961701458,ubljp
8841379053,mebvs
8191504867,nlsca
7082507713,rmker
4751740048,zkjcc
9492546993,qrsni
8189796256,bcuck
7565208733,feuyt
7713801051,zpkwk
9186366013,znmqx
9044238356,toqvf
2537202494,xpvkl
3030286575,oovqz
5443391542,sokch
1640214454,nqbxw
2548673844,hltub
5213128453,vqzke
7661157956,pbkpo
4441488595,vhpbm
1977991995,vhrmh
5813683835,bnjmk
5079573294,yxhbi
8356748308,mbhpl
4490139781,dpdqt
2819451078,lkytd
3799815720,puyqh
1450055677,zyvae
9879819836,zaara
5594988657,kmgvz
9564483688,ovanf
6899683810,jfpxa
4617423806,prixm
4957243939,jityk
3612549629,hhimq
2258462023,lkyei
8838397460,fcbnz
4624305465,wrjeb
1192377132,iqhsr
4482933012,xcwof
4543446606,wihsa
8731264399,nacic
1327007084,vzltx
6009637698,vpigg
8134598342,warci
7947678529,fxuvu
7518376858,mtkqq
3305134889,ktajo
2241823088,bcyom
8589198776,rgkzx
4238784116,bqzhr
5681610342,jdcky
3312140324,qcfht
5563143815,fonrs
7404087295,troth
3066099643,wpcxc
6173917711,awvkc
4210535450,dypsy
9595078580,wtmrk
8941251615,uolzn
9582427853,uzoex
1227205825,tgurf
3138270288,arscb
1726001439,nwpsd
5290594716,znsgb
2917262595,qszdl
6365512969,dahaw
5163219969,ozuug
4226150129,rpxzp
1828329525,xbufi
8241671154,dyqfj
6756797697,tkovg
7515730694,oeots
6268686911,vwzrv
3731178211,rzvle
3886652787,aozja
2673241557,fixoo
8612802337,staeg
8421292312,edzce
4396060467,qfbxh
3017580772,gczpy
9880850200,casnd
6184174543,bhgru
4474373264,zhmea
9556658823,mfztr
4090413164,qhupg
8826088242,cucqb
4148313792,expwp
9461724572,yxlvc
8792801636,auvhs
4528095239,mskxk
8424702668,pxmwi
7790791127,ifpgk
9841432891,cmnhg
3163497732,quyxd
2543546622,wkjmz
1448430274,ccnxe
8130075037,npwmr
2208276204,yihrd
5896672392,nhpfh
9952685841,iukgs
1302199155,yanhe
3882200481,imrli
9012730644,aupfz
3141278814,yynng
2292295734,akwpo
5301580408,azkfh
2196487561,alrcu
6583251311,pgqhc
2092441887,dlgag
5674417998,yetlz
7867633196,nuaca
4342452260,rmnar
9589511203,vpkbz
5551985660,zxwjh
1261003555,telys
7252227701,ifamh
7528484395,jkvpn
1889515618,ycmfw
6536755346,oofsa
3812206392,djtvc
9626259535,atiwp
5714117226,nasqs
1098026040,gmxuj
5275289023,srxpw
1201829295,wupgp
3724124183,fndyk
3869819653,xjiyn
4792768250,pdqzm
5669757008,dnjyg
3801350977,ugbnb
6196181936,hdnud
8856980890,dcymc
2832898834,iljqe
6849649329,czrte
9406292578,oxkzr
9272490663,ypyrc
5948976376,fqewd
5475639528,psifh
7729828671,tsonb
2926965199,oqihv
6578329350,cebxv
1951837215,tursc
9219457357,ytaez
9005742622,umfkl
7611615188,wkjay
5338152407,lllzl
9907712908,azgpo
6774005258,jnqje
8807659731,almqk
8894201740,zphjk
5945838515,ysfff
7721225152,acspv
6450621029,rfrli
4114948611,jqpzy
7939734710,dkliw
4940233812,dhfcm
5936310929,esovf
5703924270,iepgq
4101350224,rttcc
4577911284,ieznc
8634269262,ekjcc
5798401014,flcbt
9653622285,obeqg
9124035875,hkmmv
7784978606,gbizx
3373726158,bkzkx
6428043958,adydy
5755221128,czpxz
9806990159,dcpek
6101316373,spnxg
1389452935,mliku
4383437422,dtgde
7920652811,tlzcv
6162902821,jikch
3855774342,lubvg
5173043824,nfhpc
6605737526,dqrbu
6891261813,eqeej
9508872582,irkhd
9163939941,byfjv
5564365953,blhxr
1731403120,qmxyp
9188672169,lsybz
2811393233,fjhch
4645717144,fzngl
7909562075,kpyoe
9700874969,oqsdv
9446374672,qqkxz
5724460094,jdwqm
7665417115,tuntv
3593110253,bgabi
1371246084,icsdt
7625554167,adnhh
4569054126,fkllq
1425692713,kxrkd
4952862804,kjvol
8195137819,twvin
5818513911,pmyom
8428228786,ndwcz
5292355790,faqdy
9167309425,fllsz
9878328781,dbzyz
7239029067,kvtsv
8079385837,phixz
5487487859,haudq
9826816276,kayaf
1233162483,quxeg
6892693933,vwhwk
7799035992,ycpht
5693743174,ykgcg
8986942397,kyavl
1999789542,xxtho
1069139487,rqctq
3076837595,vbksa
6655286028,wibgw
1309989889,fkaxd
8831135155,lruut
8312574268,yfqba
6053846621,vsrrb
9078117656,slqyo
1363273692,svtgz
3595931178,ckvpy
4986693380,uopji
3685938256,upfhi
7555586864,ngruu
5458900313,ouveu
2237723257,efoya
5141772070,wbpje
7705866657,txjmj
9164933130,jokxc
4752738871,kiktu
7428489057,lgafv
6412823033,khsws
8204581019,grwwl
2762028032,votrl
3291772622,ifosg
8932992418,elcyl
3445782300,ckpxs
5666021986,kbuoy
6789843633,dyrtv
8737231728,stoyc
2199318430,orkgf
8957172356,sszof
2655216513,molyy
3681774384,kvkum
7972816761,odzsz
9350434210,dojyd
2770408224,xqvmz
8673862045,gnycr
3728036561,obzmc
2930308714,ydpmj
2368212614,ckzrx
6140231644,lwcxn
2671476548,xghof
5394039741,jvnve
9080167186,drbnb
2968752028,egooy
2731698327,dimpu
6591387351,ibmxy
3273754561,nqprf
7029117572,upycv
9966785976,nuutw
9182493404,gzicz
1780126167,mlilc
5141443837,rtvcu
2768547364,gxwqq
3414829721,swqxi
1216917736,trvwh
3575372314,dvmpl
3131374544,fbnil
3155169385,zjutl
7566945209,bnhdj
5784488356,zaaqk
8166942249,iuocp
5796517685,hqxjz
2786313959,dtnel
6965626555,bowfk
6629573491,emsnb
3147659577,qrcko
1636997069,clhbt
7567004646,olgnp
4742884626,mflmb
4033557745,estrz
4608198144,udgjg
9488563025,sewqi
6195036379,sijqi
1310536149,asyiz
6692740281,mylih
8360615829,eecbl
2729052836,jgnie
1351741550,uwszb
6531200913,zdgrp
4570141645,idbpc
8506330498,fftvv
9812612006,dllle
2876793945,pvdht
5879363027,gkvzd
6679555187,arlsu
1640776209,etylc
3977816457,glnxz
8113596824,jvchr
9381432620,ebudq
8931712007,otmoo
9023470920,kqcul
2702803562,fmafm
1044039583,yvhli
8925778530,priwu
1821836336,tinhg
9153256310,uvqki
2612691043,ocihu
6868042700,omjmt
1395454911,jlusl
3701231568,oftwa
4806931858,pdtqk
1846733159,klwlf
1061002975,frjuy
1642437922,obndy
7856497624,znrht
2956769969,vpnno
5246658819,uzuep
2371727655,mskcw
2086213576,xqegj
2017651848,gsehm
2124018059,ekntm
7140667367,kjkgb
7649625778,vskfp
7761690273,mewtu
8769070654,ryskw
3885852666,ezimf
3702259008,ctzvf
3650227481,hfxwz
4952214558,yllly
8055989723,vbvsn
7142066791,nycqm
1534832659,arfat
5780532138,oewsx
7272635865,caoae
9938929644,upwxh
8286040274,lkjvp
8384881210,prbgc
7818980888,fjowi
1843491879,knlkr
8148030653,utple
7504483546,axkjb
4997686583,rbrvc
8318500701,pwuyj
2709418470,giaul
1904480306,fdbhl
7128217099,qnfwe
1724905825,dahvf
5632844248,dnsgc
3249970157,rvuuh
4677738805,pmohr
8098027418,sdsxi
1429542692,fqbdl
2676278011,eyeye
3668983921,wlzrb
1627170555,nnkil
4540261603,zdxjt
7942214650,gqsrl
5477720835,xquec
4987706389,mtslu
6176302365,vszsr
7141784251,fqzhr
9644246891,enaxz
1112373505,fhxow
1432878722,xpfny
4632973869,advyh
2549222711,nsixv
5712179105,zrzuj
1496993537,rslbd
4505940990,lrpyb
2586614035,lweyh
6815745014,tsbwy
2039273353,awcxx
9689453224,qnhfq
9428251926,copdz
5788315967,ubjbl
3393030264,cdfyk
8564410134,qfddl
2188393694,pepnf
6032469933,scmzt
4769514602,prtkg
7984271280,xzwty
4600253686,fsjoa
8252890602,xihkp
7454487566,gshcx
4312000187,nbsas
9824589050,kbusc
3289061025,ipzxj
8154183001,dqswi
8608255656,iuqai
4503465948,zfhii
3124626460,hmnmr
9386821857,qkivc
1022164963,fusit
3194474865,gxqfr
4746211577,zrnya
7877963553,vbrxx
3728336861,jmdhc
2514402750,xiqvd
1505192147,tfdpm
2581716567,xbjub
2512545951,fmxsc
8905780344,wosup
6324963465,uqdqg
3154722966,sysem
7220324949,hwtae
1396538342,wgqun
5209557027,mopwk
9933107922,xgqmm
1021688175,wuudt
8804188900,phqir
6361328355,pblmv
6924545883,caiso
7740787267,zctny
3827665570,imtcw
5964872938,yoofl
5804584863,yvitj
9264207444,nnmht
6711769396,kflps
7389492337,oixrh
2005320555,iqfab
2401789657,dtodl
5870754956,qlyuq
2363742096,xaxem
6512891987,qvjld
6216637083,gpgii
2288335594,uvqiw
1419256594,cvrnn
7156697324,olonb
5098340942,uovyq
6508228863,tyfqk
3183373778,liwnr
7178723979,vijby
4419959781,olgcd
7803705085,zyllc
7714862340,yfweq
4872248212,seuyz
1970574543,saahi
4163485531,hvxyz
4962367876,mmnbw
1475589664,qdxsz
9075970366,lezds
9219582729,zklnt
1623235416,hwndg
1343005413,vqszw
6556701764,saudd
6190315749,kvbyo
2652681533,wrxvs
9638754163,vmjwg
1421753977,yrwno
6051174942,xfrsu
8637398856,lxqma
5189514736,tudyr
2048977105,tgcbe
3406879596,anoua
5115285033,tkrdu
9697571858,tbdmd
7175930840,jkpjm
6620821611,epual
1617025588,eqsdl
8759396547,jnjjr
9320885119,wntnh
7879464878,diwsx
6173211158,dsznu
3102690433,zvihw
3348698407,unkiz
3624147457,vmnth
2383838175,fyoro
1618255768,zpcro
8486939122,hnqel
2088567572,omywu
5654598546,chewy
3172840126,mrxfa
6609216075,gsswt
9552395594,dubag
5111007935,coegw
9237228897,akzgh
6625939814,yawkl
3385968898,xtfld
4404395455,akjud
5235963991,pnpls
8757993705,tdyqn
5160987292,oaoub
9617242281,slobw
9526183410,breaq
7590362655,pmjsv
2953422794,brwaa
6457617074,kyclc
8874586679,rpeyw
5039258680,xfjck
1198947382,jrnwu
5497450062,pimhf
4898012035,ppbgs
2262072705,rtusu
1504722672,vabne
4768403829,jmyko
8306970854,hycvw
2151041399,hwqev
5553222245,mjimf
9658744619,awvsx
8217756727,oknjd
7033262990,qavlb
7727495719,tcscv
5157770133,qqkuf
9746535946,ycfte
9439744627,qcqto
9488633451,iaxzj
2852347063,worbs
4432587911,lkcie
5803924115,dyirj
3563462350,zdqoy
9039478338,inzww
4796571597,ddpma
2394843862,zywsu
7064785069,pryam
6282239464,nonvy
8302550689,njjqc
7561278811,zmerm
9868854520,rphnn
2653187298,nypif
5086382089,nizpv
9995303195,dlatr
5457444541,nzhat
4685802321,snlpw
7664803899,qkyty
2611389086,fuerx
8689863785,izuea
6402106677,vsale
3749871431,ebiqp
4760696940,othxb
9541627261,jnylp
1751595075,qhrvx
9039310842,uvixg
2478188513,adwvu
8608591584,hsrws
8752558250,zpied
3248366532,izuqi
7351105073,subyd
2742098988,hbwhf
4243542215,hcqhv
8525124568,hroim
2711733255,uxlak
7054103438,amoca
2106071952,muvss
1115262316,xajpv
1743935572,llrti
3081456211,tuqqj
4132639477,wlvgu
9898619731,rctpe
9001599387,oubhc
1803318440,qohof
9308251954,pjpeb
7194487180,hunkr
8972055113,tnpxi
7008543330,uzudb
5744197783,ufeer
9517999990,ktbxk
1751553215,gwous
4869151966,ffxlj
3227456050,oqdud
7572725151,fccaj
5670685911,zertj
6198216484,mlltm
9425552548,fzfgx
7588952132,eceom
5713354321,sfnxr
3027638961,plxia
6620846983,bmfva
7678024205,tlqhf
1714602137,dcpzu
4591285046,eahyi
8888513741,lxmru
4915636315,wqiny
6816770651,ydyef
4773513727,wvilq
4918908634,vmhlc
6563655462,xgcmi
4148415809,euzgu
8703033288,bkigy
3871640923,gyfow
1504526257,danou
3420407152,wdlhw
7054180669,ilewg
8203579421,rfayl
3606309070,ijpip
2393241831,jnwbp
3022004524,jbfpn
7849546133,slife
8382555814,wxwkg
1833534113,ooklh
1402033442,enlna
2475804445,lsrfp
3274022950,wsyao
6489301601,gfpjv
5430378600,mtlgj
1948056341,surkb
5929688395,hfrjb
8119374480,oqdws
6930811153,qcljy
5932002487,wshrs
2557247099,qlrwx
2903882639,emvva
2062940484,zdrij
8777388952,ftzjg
6695704742,ndkzb
9219482577,jxrxz
7135577645,hxbov
7948354788,dytae
1825149492,wpqfl
1839040499,xrguw
1337661465,djvae
8724178882,letoz
7095987137,iiltk
2780160128,zljhl
1270434766,nzetb
6766434157,hcfkr
3674120589,qlxjz
8983868001,tclpo
5191817928,mgwqy
9219138897,pikwt
4207475345,petfv
1068380744,gvuxf
5093886711,cprdj
9922445908,kdwon
3076066935,ugoax
3809913264,mmhaw
8610011657,zkguy
5654053061,pgdbb
9197389596,jmorf
4334759133,likde
2466973187,taqom
5103752449,aview
9391389447,pgqah
4868732925,tdqlo
5500553600,hgrnq
3209822625,dzkqx
6175762948,nuqkp
1379402070,jbrzr
8168976376,nvsyb
2239138826,axaum
6733029774,szsnh
5778083571,qwked
6373808454,hfbyu
5157863827,plekh
2847492004,olwnk
7659113190,ptohb
3019020148,pxycy
7068332058,zwfsw
6566275114,ezqhx
1283209918,wfokl
3468883663,bjjrf
8265192248,dconn
8031946785,apskt
8295611691,agvlx
2276765293,dvlsn
5326208807,dkteg
6430277168,dcwdu
7614673498,wenlv
6796320461,btmmz
2974168441,syebu
5387537328,xzcyf
6726448831,ofcrl
4188703268,iguwd
1076301376,rjraq
8607142592,qffhu
2294034735,otlmt
6660597382,suhqz
8247225096,hfmly
8901841658,vygqn
3059839213,xdqzz
1385387320,oukol
4915783641,urtjl
9492442268,wstrb
1867788592,cndqg
7707384220,uvwbr
4290054151,clwuj
7603804189,adtze
1047875485,rnizx
6721080631,oudaj
3073757533,psxzg
3710635062,hsxpk
5775904970,rlngn
2080388292,gdhzy
5712045401,lzkoy
4254561790,fqvjf
8315906053,rthkx
5887037899,jwtdv
5326516994,arnpl
8777387189,uvkey
3493790493,zdnvd
1028572379,drnkj
4249555890,ftrzz
9686181221,mcoyb
7573541654,jplts
8425765564,kxuhy
3858622600,ourlo
6198182486,cvbxl
5101010063,fnpmn
2858887382,wjfpt
5154796057,ljegs
2059600604,miyss
8355300418,tqthw
2751044313,pfami
8380372594,jlydf
6624358330,rklvi
7852074112,wisuv
9315792548,hjmyu
7692894441,bwiyg
2979999822,vpkhz
4908133827,kvmqw
6588094642,hchyv
2782856427,lnhoh
4301931253,gjrwk
6894999511,jrayu
6283529301,qlcez
1940368928,gaxdd
3468866344,tqvzg
2189929482,jafvz
5803044094,ifwxw
1911212987,gkdkp
4362765311,bkryx
6251436770,nhlwk
2434099517,ccygx
5521124288,hajrz
3038073727,ghgqy
4751007611,nirrx
9444282226,soaer
2885492257,bfcco
8788356946,haker
7249677046,crypn
6412475055,haiol
9442118401,mshdp
8925521100,jjbsf
1672095623,enkya
1018951751,hddei
1633584698,kysxd
6809870099,gfbpg
6294348555,dvrzr
2028249105,jfxnb
1197668028,esghw
4207891316,gedrk
7809549892,bniwz
5541029198,ezfjk
7335925999,cmztd
4042129438,lymqj
3749567136,atgij
7715524229,bject
5095168477,zxbwh
8737967852,srazx
8473556556,wkopq
7042300741,bpvzf
5704382617,tspte
2203792913,ndteq
3904216691,wmvgi
9293112390,zzppl
1626321025,pvium
9754722648,lqxwy
6659015655,cxmdb
4634269890,ygjxp
7973329977,oxnga
7345000319,ofrkh
7406153211,bpsyx
9673652972,khfbi
3012006020,jcczm
7035077551,yugag
2808920920,cfkef
7251852773,ymlqb
3471672311,lmyvg
3729032567,roqwq
8616483470,thuqv
1654554885,aligj
5579459960,kcwpj
6888330838,wjiwb
6613403174,sfjnq
7966150861,dqpeh
9632139020,ixcoa
7106453409,aacqu
6636316909,eypqp
9609984769,kjxol
9402848536,krbwz
4397423709,vegdf
9383069141,faprr
2382714114,bswtw
9890600596,rjtwg
3860330208,chdaa
3552844598,uhyax
6376013419,qrogv
3583254753,bimbm
2468593247,nkzof
2972135885,jhldp
9599162125,icuxs
7355299895,kuyzn
5846675525,erbnb
7792872671,mxrrx
8206790090,zmkzf
7527132280,dkybz
4939051710,plxkf
1005601001,zkjoa
3683962555,zvzab
2723830989,ldvrr
7125286881,okjpi
2233732908,belcn
7476005138,aztdr
8939487576,xgrif
9642037272,dtcyq
8399406619,fncai
8239371129,dqcra
1159474475,pponu
7436811496,ullak
2564553283,nojlz
2549145034,xpfvg
4554823608,knlmz
1656200084,siewn
8999008748,tuftk
3331729429,bbrbi
4469037410,ttdxi
1098392639,idqqz
8830883426,fwhhc
4008836450,tkxsy
2139155093,qlunu
9067154413,fqtnf
7227141606,siyov
6035589168,yzovu
6441027932,jrjkn
6049099973,zvqxp
4966525871,hyqvc
6822902937,glhax
5254609569,youyt
9228854064,vhenm
8631331569,bxfoo
1948446797,fjttb
4121849724,afgmi
1629087719,wdjqu
6711101415,pbujl
6881935641,ftkdv
8880517488,zensq
2198970005,subdv
1397588379,qqlzy
3484553178,mblgc
2906588062,hfzrr
6349189712,wozul
9919819657,qrcdv
3528153887,mngcn
6682272000,bmtly
9893475063,hyird
9779552228,qhryp
3370862153,cmuph
7522968143,prayk
8545548145,yhezn
1410800198,omjjv
4131963286,kqeei
1072409217,glauk
9615242743,sugtd
9758938446,qjywt
4420047601,npnyv
4376454699,ukbuc
4509414063,tmcgr
3980885262,oszwz
2145615899,gbyty
4491830438,lmqiy
9047029111,mqdit
1802148225,yyiyv
1627522251,ucvrk
7033245273,sjuus
6503865345,yduet
9323811167,csldr
2689152253,jmlxh
3963082831,olmjp
8076582118,mqawf
6103684338,nrnal
6816342449,ftejn
2969898480,vhapg
3921024635,gqabw
1776532403,msluy
3286630225,lnygf
7071436495,utuyq
4785763348,mxowd
8505900382,wwzsd
5949144339,ohxhu
2477327820,iuord
6235551979,glbks
9955513181,iszik
5090323278,tjymy
7644287127,keimm
8987907019,wjlty
8560218964,vlprm
7982666601,ynhrd
4736398010,dgcqe
4425553600,cynfx
8840264012,dzkan
5121575653,vgfgp
9669316124,hsuvv
7259621600,adxcg
3323719158,cnpyb
9549764621,qedku
9671176286,mxrts
6473698295,lunzk
6476731180,zxqbi
9113247216,jmivf
3443559465,jsqnt
2972448804,wpxpe
6023303505,spocf
8361826002,lmzti
5901223104,cejsp
4003876369,lsfvs
6409383570,mengv
1479799873,eelto
2049450715,jfgjx
4710961696,ipfld
2437622069,eezfs
9810268349,dgajf
9516862606,geuph
3024495685,zqcky
3688281952,tomjy
9011947888,ojheq
9569120852,yomqe
8323191456,myvjz
2413558863,tvbee
9566443690,bexhb
7422667813,kagnb
1259125172,jmrom
6142057056,dkgwm
2970949091,qexrx
6271416729,jlxiz
3610144848,bouck
5841400506,abqkj
9370752138,cpjoz
9552196572,nqctv
2131168910,weigv
4038961415,fqeyg
5920661091,tdzpb
5234338144,sgkmd
7275097764,xkcbz
2182984094,oybsf
6959642321,euxim
8892142395,htqbv
1792018081,lahey
7470568128,hpbgr
6281409901,jcjji
3105234222,mwazr
7812181971,xrhne
9636889226,ztzqj
3040610139,kjpwx
9813559686,orxgv
9165404362,fqtrn
1987716036,arrje
8284336397,cuskx
4047944151,jjteb
6709181161,yorvf
4260276074,ylcks
5756347168,iseoq
3343399681,ifaez
8465976834,ahrbb
9273416781,eumfv
8700196658,wjzdp
4883151178,phlez
2331091072,euoyp
9620488823,ltagr
2434760307,vihwq
1150926840,thaen
3942335672,tclrv
7063845566,tojup
8640859785,yzeww
1900918678,qtbct
6172426144,krzqj
2151475120,uxyeo
9484662621,yymdp
2754029365,tithj
6019467947,jnwnd
9497707850,hlnxz
3715334330,spwln
7119404920,mhzvp
8469651427,oiwst
9409232382,fydqn
5992060981,nszyx
3029789668,czrho
9283159708,lyncy
6486214966,evmyf
1774799490,iqosg
9378329309,oxnyq
9955680096,cvlho
1980758759,zquiq
7933693656,okdnn
3918667994,flrgm
8138945458,ipbgw
7837667837,bwwpo
3251166462,wvxjx
6162590978,wzzcv
8403887706,awkap
2849567285,nrkfc
1258763269,axcxw
5416743001,noyex
3993772275,zkgdi
7606254480,fzjwk
1512452593,reqvv
5437253556,hohms
5777081744,zsbkd
8093198312,svlhu
8678426243,mxfzj
7574885196,zelvl
8271556739,liwud
6390976913,hhmqw
3811579171,zziis
6204548950,ptzdl
4154227117,iobim
8964159552,ccvrm
6846599509,prgfp
7766092686,tewge
7425878306,gsrmc
6748575448,bokdl
8648621657,vnrqx
7320504906,ikpcr
5995363076,bmoiv
6531219339,ojseh
9697976736,pcvbj
6600992146,mtckq
4195438818,lcoan
4669492303,czjod
7478602727,mnbon
1322881015,lcimo
8916935276,wxoqp
9402743221,sicfv
7130243666,drybc
2219060945,lyigv
9162314476,oftqg
5102514791,coxvz
2397202913,gaqpk
1946404641,vwjls
7686234928,njcmh
6242053859,bfgxd
1996293354,olzfl
1909867064,asejm
8422053081,nipvu
2479014981,gakpu
6766640152,wlepn
6069062758,hkiai
8718711643,euebv
9961013422,qofqy
6615557457,bscep
1673416258,lretd
5886394201,hldap
9946258403,vcudk
4450757268,jcgtp
7596029736,pffby
5171228873,rajkp
4823493154,vsbou
3443794226,jwabr
6279715591,tybsv
6144009409,hmqdq
9635780091,fzzca
3186374491,tczbx
1813140381,jvmqu
3070105400,yttva
3822775944,oqraa
2540001175,ardro
2809374026,eufgn
6557878928,ignsb
6071626792,ruhji
9963751433,niani
2386617192,ayyjn
9820996108,yuxcp
4020567018,hxruf
9775769242,wtvou
3066410061,shgth
4250036760,byxks
1527632630,pfkwr
9080320803,pkrqe
4651983546,azghr
1400941644,hjhuc
8273813478,tilka
5788960740,cqxdf
3052628954,dyuti
3786478191,mekyz
8650224397,esxgw
5221604876,sucou
9288429515,rmunz
3441914918,vsttk
7975419291,yyqrr
9331354782,grhvx
2140587500,jxila
9719259885,alpne
3448458617,rbbib
1518024346,hrwzk
8524147204,qrrwb
4279250660,kducj
5491750030,hlkki
4209735275,gcpyy
4485851373,qoxuf
1711555793,dszso
1531002848,uhjxs
3571540250,ufkgi
8015149921,wyzos
9371932994,nyjup
8333197570,smneu
2532801495,gxsmg
5190766764,dxolc
8142420616,zooni
1287044122,uzjet
7044679993,lyres
1344317152,tleng
5816956685,sbcox
6010385088,elsha
5774202601,zptxq
6094305724,viuvs
2163105222,keoyz
4366720344,xdjoj
8842419587,coksn
7994593669,amjgw
5246186290,jchio
5229663565,lxwjq
8286847468,dxqmb
3025715733,vlusd
1894227911,msnvw
6717875351,uvber
6843968164,lgzrv
3762989187,zeife
5758325869,mhhas
1067038508,linfu
8412785911,mmmdo
9606676983,dzyzw
3293173702,xnfrd
2294103236,gchrv
9886657419,wjkui
5264323883,ubmbp
8658166174,pmial
2593454318,vodgs
2273763798,lyoac
7846937067,wywsd
4113485856,hmxku
8683952615,wmvfi
9811818064,kpeky
4279928677,tbqkr
5286416372,ungbd
8211161412,blzan
9085687983,owjgw
3158962015,fjgms
2478037558,pysoj
7190389818,aeuba
2576354012,ygtfh
2473114024,hjyft
6410556288,fghxm
8546293779,zzosh
6858642961,hhstw
1749672045,nltmp
7976830667,ozfdd
6679865814,jjtof
2784273392,dadcf
7821603506,lptmz
8334109527,jcpam
6184040955,kekbu
4379873508,qunuy
8263499314,pkeca
6191092589,ijugi
9170154554,bltup
4337602748,xblxp
4237854994,vawvo
2049134572,yqaao
8495680735,bxxjp
9632537343,zgkgy
4525175271,carcm
2821765279,xfoho
2495407095,kstlv
6775527938,qbcyf
6474010387,hdqyq
8369304657,mpvub
9344307351,ugpty
6924165568,zsadl
2727403682,taaem
6642726484,hryen
3621231218,omnuu
2252934062,cxscv
9430198838,zjljq
7781060583,lpdsc
5545158040,sqjgm
7108791730,llhps
2579509334,tstad
3405977099,siuxf
5983836281,scbgt
5004542097,gjetc
3259573474,fbesf
9894518961,yjuqp
9738263476,mtqdl
2911509072,jlukk
8585050070,yvxhr
6132067786,qadqp
5276689488,pjujh
4217072638,kovtu
8753915311,orhtu
4229249118,klzpi
6048337023,kvymx
7598706991,unloq
9627349213,jtzgy
2391767375,vbvii
7789741423,nxbdk
7431665555,flphn
8726469287,pddpa
2228566796,kujjp
9070537569,jujvg
5085632288,pkspz
7234356613,nzqmb
1817395543,mzqfz
3476191570,icjib
9862782855,rjdrk
4506080658,lrmcm
8888573964,ppgrl
9938650316,onizw
6841736410,fkrdg
8869818580,igmnf
1182641622,ofdld
2603693504,nrule
3334182499,jrhom
1019804795,tnhvg
8129001023,yxtop
3837802789,vbexq
9340370684,oaznw
6823326041,wtrge
6498157743,fbllr
5430883176,adtqo
8808984395,erhhk
9713121597,ckzem
6126002951,kxvkn
4923316082,pphvh
9655294184,luuee
7505085595,jtqyv
4717871166,zxyfx
3759254143,wvlrd
1771752874,szucl
2914684260,ymxjl
1912705491,ovulm
6882762610,bijjw
7708651719,cygyb
7279181900,hdzmf
1013944013,wxgfy
3985569581,lwlul
5730475521,naggq
2326310673,mnkso
4844061968,xhzdj
1491682313,wcllt
9553986716,zxeeg
4253555848,ggohu
4014070269,kcnlh
3516117517,uruud
4636694276,vboaq
2015958060,dduwz
9997126179,zybaf
5578156918,jncrr
2853212281,ldprh
5543620213,fgxmn
4337014194,wuspl
9375748641,ihzvf
4781733558,iqqny
3460484966,avfpp
7980770638,ijzwb
2925201423,diino
3404199432,ulmdn
2263865597,odjfe
4489574405,sbtvf
7290340544,kqkad
2662729326,guqxu
8362269552,lsyfi
3515230627,aumtc
2740236191,linvr
2082951632,pzyyx
5670674509,hbzgs
9356193698,yrxip
9307663565,bgifr
5361618946,ylcyf
9919120893,yrkmz
1101101163,gjvby
9356519114,xotly
5209547771,fgbbb
7170326772,khthz
3956451449,ajagf
9050523103,pgzzj
2903250844,cfinz
1804108841,jyiap
9013506140,jarui
9153892701,yfibo
5045625770,bdyum
7253083336,ukmmj
7691698524,xqhdc
2304184099,erswh
7884838777,tmjru
3432765319,figev
1683904691,lygqe
4712520206,bexna
7129037037,egter
8366686861,yttld
3938372509,vnest
7799480577,dlejp
3785858806,bsuph
3457629340,vqvfx
7919708581,atbnr
4347343545,ykbqm
4014767183,mmucg
1706181055,yszvs
7933489093,zvmcg
6871338102,ldsoy
2954289102,ugqpg
2768856616,fcilg
6179200887,ccaxs
3895165160,fugph
7356197438,vjowg
1673709088,qzuna
2333396242,tbrlk
9408718349,efhhd
5409401321,gzmqe
2384730458,soqvn
6417997440,qyogz
3509463165,lwzrs
3773182467,iauth
3884243256,yewam
3764780173,hxohc
3029254463,rqddg
2063135983,bwhvk
8436231504,mshfl
6567870298,eoelv
9682394654,wsksj
7641549704,xmuyp
5293313916,sswoa
4568068111,alcis
6077239285,bbfxd
8233328766,ggphy
4788214952,vamgz
8038427044,fkgtu
7778985702,wjwsx
2886242969,qojxq
8988535963,jxnrr
8679061236,uknqc
9734228630,eudqn
8042351550,irslp
2999347572,yvbpy
4953267400,uckry
2783292369,gldix
5605999371,smjdi
3649874029,qqyuh
5863690992,sgfzn
4389273993,culjq
7666929891,pietc
8903783152,ufvlc
8088901467,uhrjo
7934918355,pwcnv
2257189736,paiid
8332513449,vuvzk
7365448448,vvqxe
1674452046,jrkay
1313434023,rdmct
1536231814,dqplv
8490131631,lkgnr
1257501780,vrzdw
2405401031,ddtji
6925843484,imyrn
3524072608,dwaqr
5904331152,tlswa
8473146411,mdfpi
8646681811,uvgru
6041933666,syxlu
1116228182,knpkf
8691955151,zjbpy
6670231338,yyhqr
3772187125,mcpvb
6984090254,xsczc
4586135671,elhic
5484328388,juiut
2514730704,udkeh
9708102408,dvloj
2651150246,kzncf
4623467807,nwmij
2167967628,pndky
8905843386,qollm
5625707297,upnpd
1166043648,ccqda
7660898278,znhui
1408408888,suslv
8577209920,turog
3708813646,xyxwb
6521029077,yieie
4702704211,fausl
6582867101,jtyqj
7258597723,cbaut
6316424423,geyyh
7910221675,peydb
2623711601,xwwrw
4576766005,mueih
8891833055,nyhqm
8091924445,qryoz
5251238157,pstzm
3314531532,xvzrw
8701375504,rbgal
6686724645,gocbo
6241345101,ydrrw
9787216964,bldag
2524621048,hwmwv
4636928066,rzgxx
6859823003,lmrwc
6614254042,llbfj
2465994980,izwhs
3321070046,qjmfc
3128090877,mbtfi
4913325354,ddncy
6960400166,dekvc
9272462559,bjnhg
8278727489,xadpl
1326457546,lehlf
2616535387,zynbf
4013046864,wgahv
8115713541,yrdfn
4254722792,digpu
6076785513,rpdpx
7633439493,zsbng
9088932445,thuwz
1447216857,xqttr
5171328785,qvfrs
7483735975,saogv
7163246899,bjegs
4595798675,xyuej
5400319480,eqouf
8968162605,mglyy
2368101051,anomt
9721068778,oumqr
6881106678,mytzv
7205948849,lqaen
7409375201,esbmm
9618655177,ferbd
7390036154,tmrnv
3429855224,mwmdj
2792841352,zpnay
3631056756,dvqih
3851026105,prazo
9116234273,zvzdy
8871003124,wwvhp
7689656174,reoqq
2255358048,rorxk
6936980824,uipzq
3458279225,whony
1866465575,ajbns
9196179081,defgw
7692745943,yfceh
5679991218,fhluw
2733361503,kfxeh
1523612820,uebbb
4834129017,kbmsj
7176680874,ohwwi
9695124126,hhbci
4088383495,olehy
4966262018,aphxn
3400562430,aeowr
2171003323,ykoch
2918902180,mjade
6517040422,wrzyl
1481450754,ynhxc
3350604549,bflig
3191494203,stheh
8068607496,jihcn
4972809717,vtzlv
8338315731,vahld
6419531593,fekeu
7192155148,elzzh
8279724797,yuhuo
6621366286,pygle
8722639530,jeibl
2123517672,rlylk
3166933294,puevx
8906949594,dccgg
4375984068,yhrlh
3627621106,zlgib
4375316416,wvuco
5062444947,kikmd
7951145748,gphbb
7964286799,snztp
6156565970,wjlvp
4098948868,jhoqq
8680553214,abkcp
4606952899,yrxjs
1795328943,opylc
9832435235,xwgiw
5044779647,cruqb
8100638165,pkyjy
1463700675,pwjon
7979423005,pawqt
9113087530,pftnv
7281179303,knixg
1067323760,zmfjh
3558619859,tpbvt
6328390875,elymk
7381938886,kwqqf
8291724176,epiko
6048211221,nbacr
4178003704,jhcnn
8457827922,fodwb
1656643990,gptsv
7071746630,zcwfu
9108420117,hjfik
5596272551,lceor
5552122023,fhtnc
7537916952,axfqy
7457233739,eglmm
2769040424,qatvm
3178928518,dudbg
6167160835,geusc
6129273600,vmzfv
2279328018,rulhr
2963231839,ybaqc
3254877331,oqiis
9754045026,crxbc
5478866868,fnzeg
8755875018,rxevj
8898059837,ejkeo
2974356224,pfjdg
6529148244,zfefx
7326091888,rsnst
5436837159,oyiwp
8078047179,bvqqv
4504829108,taami
7246463858,efosr
1106209918,dpzzz
5773840557,fbdqx
6278389277,wtsbe
3743709369,hkawh
5146869736,ohbtc
5517194035,rwdrr
2118880233,uacon
5320083580,jahgy
3325259019,ebryg
1780640031,nzoor
9778294630,ibzou
9798115637,izjfo
7237362870,ytcjy
5830648951,kqjey
2003063094,kfxcm
5453194745,kqigy
3397169815,ksnhn
5703824338,hnqbf
9364171019,qohmm
4393511996,sdskz
3938180864,zoxjv
1428243239,mutrc
6364459259,lltbf
6484585784,flrva
5208949702,wexwq
2150624969,aveqk
4452555508,ncucb
8768844914,ndxbl
8196761709,wkovv
2807714054,dtelk
6332972043,mxjwo
4608789233,djfws
3367784832,ndxkf
1635972398,xctpv
6953391523,gdmdb
2779012228,sghrc
7826280200,owswc
3693388883,lisxg
4560502010,obhlc
7658487839,gycxg
7598525474,figcy
5997087661,hqkgm
8905160834,pcsrq
7627797200,docun
7120143463,bkvyl
6227919854,tgung
3113649257,wtjgd
1318523913,kwsat
1277182337,xqzvp
6272944421,cbhhu
1920084481,nmfbh
3688275149,hrycz
3143307640,lbjaw
7673062846,ziimb
8405282228,cvaxr
9206201951,ktkfa
5371822788,mxdzh
5934619545,bmedx
7039568982,gvfjp
3111699001,jgjij
4640293843,vhdfr
1258842583,gotko
1196446661,myouy
8106693818,efmuq
4092776526,jzisj
9715863605,machw
3451368411,adxpk
5164250527,fizcy
6912259018,gjwrj
1802480266,swmpb
3334156291,bukwo
4245137659,cdylg
6257086343,gepli
1554429980,kbavm
8702568652,kpeyq
4888619269,xfzfe
5029320105,ptjuu
2619266381,kxgcj
1948518985,vdzgn
8229537657,erqqz
9201210780,wdcbn
4113779590,ajabx
4507987381,zcorf
4267407012,fflsc
9122727612,ffyyv
2448383957,bsneu
8693203887,mevcn
9263265135,rgrhh
3718215016,ubydq
1896649959,gnrvy
6037806255,awdlb
4857433038,woqzn
1164267393,wiivn
7294520552,wciwn
8500441751,nvfob
7207108344,wvccu
9691854373,utpze
3636735101,dyyjj
3574856110,lwfew
1651302790,iwlgq
5951252621,oesrc
5935921201,uxczl
1173306188,gucam
1961371154,djfxc
2229769369,zhkfb
3414488230,xrpkf
9226763164,lhwlv
2663917054,qelve
7523854171,jrtiz
9167546596,dgweg
4815583355,jiraq
5744260408,uvwhd
2959526734,kubvi
5845654387,xdyki
2536633684,wwkco
2805218157,rvluj
8985526896,oiojz
3882445683,sbfsg
9754446313,yxkyq
4744415296,dwjqp
3803088813,arpsg
8686755713,idfin
8899034498,yfcot
5835517283,rdfxu
1780861446,tzzwr
4914926195,fgssj
5532674131,voqmt
8043577419,ojebv
2150581846,qjesk
5232011223,hxkkd
9810138563,oiymu
4554133264,jfhts
2257243724,tercf
2526895173,jziux
6741969614,dqxyy
2193127746,nhwik
3497771003,hjdfo
8091654000,pclgq
3746914437,vkfyo
9413472468,ptrgs
1637309803,mfwnb
6507044902,qcikb
1502099310,hcsni
2086130733,jjkap
1138885879,hecrc
6079775153,zyzxa
6906833386,icczn
4675070774,sqoau
7123439246,gmfds
2868723139,vffpt
1157007212,yewnl
2337323887,tzgfu
6985945035,gexzl
5893922820,kftzc
9182840250,drcpy
3138612657,xbfzj
5852772631,owjkf
3797860865,ohcyz
2212510993,hrnuz
6614669340,tokto
2200674958,vnooe
7058930654,sldtv
2573613117,tqwbz
7589873888,wpbgn
8431469137,smjrq
7453626419,ftxjz
7020035443,jjhku
4920093730,pxrtc
1156184033,kfmiv
5868575681,uuqfc
8197559727,bysfn
2234151674,vjkrl
8865239241,vnemp
4036594543,rrwwk
7962795418,yomow
5620698850,ficps
9752788650,zxgnf
2482175554,fadha
1954825925,jqtxy
6907351350,ezpsx
7525399066,csvai
5426372029,tewtz
1423135723,acyam
9134134406,sdbir
2711618987,rwrhk
1180097944,nmusq
4234329232,meejq
4968977372,efora
9901947763,cdjmg
7015604839,mddgt
1462763292,mtbhj
5122324557,hnqer
9107046023,pjzcl
9848182079,ksstg
9605748514,vhcrl
6432493991,lfdoa
9947890809,yvklz
3124342648,zobww
6024717426,angyy
4179918789,qdqvv
8352332495,pwlha
2760204524,idkkw
6881453276,fyrvd
3653029408,vlwdi
9106803241,bjrex
3561132098,fzobh
3824182295,fkzcz
4760618997,zuyqk
8197053166,zgznz
3312630995,gyode
2467435395,cbliq
3373984216,bjhkz
8074740997,bcqef
6491822578,caovo
6976098511,ghdmz
9171413187,ktaxr
2309463545,denlu
6038255271,esdht
5299269844,urpxt
1684082569,fiwfx
1466236017,vawkw
6128177219,ufbhp
8252430796,uzcqt
3896788782,mxucq
6014173289,vrtfp
2559249409,dokft
3204559432,hvhwm
6905283140,gvwrg
2208218626,vzsgg
7896803757,yijml
7607526246,dvtsj
3270469343,mvzvq
3360186776,isyos
7204704158,meobz
2421438269,fptyp
3544428489,zthak
7293455523,llhtw
9196451082,bzjlp
4216649435,loaux
9218189235,duehy
8172160955,cshjc
4468379007,wcike
6143398880,xgfhp
9961915050,fbyls
9551455312,kgqus
2011938615,plvnr
7659480196,hdavz
5298825623,getsh
3503088846,ajbio
1751659166,hoogb
5453712470,szzmt
2543097509,eloqo
8674539383,oxjvu
3058459293,umstg
3347338038,yanvm
7995458592,jnhez
7585970804,gdanb
8509511532,xmegk
9817522304,yremq
7035139317,gdgmz
6478059633,ipjcy
9831421756,lqqda
1389730334,vkjxs
5303362003,vtffd
7261711124,caplc
1031247412,stiqi
4726936816,ugkeb
2220029323,ojzao
7063275895,bsvme
6203760343,dsdko
2676737531,ygiyj
2344348390,swhcx
1680506059,hksvv
6078860514,umuwf
2532797761,yyiqj
4964965279,hrtyh
6311310415,ikysr
1233268760,vdhxl
6442871796,etfdy
6582309102,iopjg
8209566940,ftunk
7113599067,arphd
9138754553,vieog
6150747335,rzpcn
5214182549,rvcam
3067430753,thwpj
8511079069,rpjxo
1082108749,uyxep
8189636566,mbhdl
8014134200,dpahh
1994025874,jmibq
6276827300,srgja
4338682799,srags
6781329540,blruc
6328264994,iixbf
2858040720,ajghq
5545909303,tbelw
9723727119,hunzc
6401694611,wdget
3552631660,lggil
9761494458,gsimj
8486302450,ngpez
7436097503,lnbpu
5331955065,piqev
6043310068,uujpn
5080283015,mqoyg
6266559566,begmd
8489501432,wikep
2546283754,fuhub
5545455680,ajvqc
6595496847,lleve
6194952808,kgcii
7138931987,wvoju
2623434039,pgmva
9443193976,uepuf
3118057834,xroak
3157012975,jnscz
2167793596,dlxjw
7877515517,jjpix
7209339884,brikb
1258730510,csyls
2326291087,lxebj
9647098863,wurpi
3398433107,nxatd
6480514215,tlcfl
8343021296,zrism
3457060732,ncxpk
5326792450,ueist
3470332905,fzogt
5182220086,plmll
1606242312,ujjyp
2233007819,nenli
7890257524,pcano
2669225189,smmer
8669893204,kmwrd
9094619102,huual
6321764939,hsrqb
9699677599,amsbf
8425651333,eockt
6764198158,wzuio
6891623934,nfixm
6758453135,jogta
4355227422,flpde
6180144826,qmhoy
5798328036,zlsxu
8237426576,qieum
6072161658,jgpzh
2607249808,wpioh
7521094189,gjzcl
7298762282,oorsg
9008824467,sishc
6811138176,iqids
1240739769,nfcjj
7702931613,kkalr
2159229805,ivnpe
5992413405,vfdzi
1022900717,mlqcr
8329225719,jdtxu
9426548062,wrzqw
7886671683,egllb
7126414839,bvfdb
9486415628,sfhdx
2022886086,inmic
3441071523,fxchc
6848377206,gaavw
2512698460,xavzv
3316717425,mnfsv
8943249227,qlspu
6386998569,mjyif
5192269057,gkhbb
8044035167,wnybz
2353988196,hxaam
8603495220,sgifu
3227071626,xhekj
3032843844,nhodg
7921790676,nykyj
2771258042,rotzr
6855796920,gtaar
7547531701,bmfrc
3271022731,kobln
7648459723,xxdnp
7000495233,tqdgq
7655176157,vcxec
4220556962,eaptt
6173207079,icabw
2800443885,uvhoi
3615333393,rixli
6626523751,bmelc
5680779760,hdgux
5001336523,fxllm
2674339631,znoxz
6178543482,yqmsd
3617434744,xuagn
3063059815,dlkgz
8280708816,kqelg
7481360193,wgljl
9757787827,qzoba
2488879246,cebkl
4560725373,dqrch
5124644576,vfmef
1123656284,fupus
5932035782,fbxwi
3024510600,rgset
7348591282,wkcem
1855470532,cqrmz
8944042684,iegdw
2026627093,ymjxy
3555110673,rqapt
9320309757,aukoq
9346435335,kflcm
9390587755,hrosc
2036944535,juknq
4692806774,fexsd
3440833288,grght
3120615751,fivuf
6283054395,etdaj
7513835980,mmtch
9121407495,nodqm
1052221484,zuowv
5430053418,xgsyq
3275284408,jrpqp
4174948534,ccsoa
3563456048,omuxu
4997737839,ohwkp
6945290996,qqbog
5182128433,gapls
1339011124,xssak
1475044475,bbqez
4151553052,mqodq
7187255481,pvzfz
3688235880,dfqnz
5167988399,ijvqv
4247708187,rjyua
3890208317,stqbt
7220036591,hayvw
9615797046,fstab
5127267074,haqax
5505789257,xyfrw
6072048294,mojov
9170387172,xviby
8222619828,eocsx
5809721255,bwark
8198382227,mqxyh
2367123260,vgbco
7998362618,gengu
7853703168,jgmrl
6667832883,qnoav
6979862080,slkps
3590898495,blxds
4696875528,fxaks
3630451769,qmlvh
7834792347,htamd
7894084126,yqheg
3063088750,iawqo
5086873402,enuls
4305096856,udfqv
3336983928,hisvm
8489594510,yqlos
2617774155,xjmyo
8114347043,vnrnx
6993549450,imtoq
8067078097,xpggf
9747655343,wknrn
1097887435,ssrrh
5704711331,bxanx
6043247573,toqvs
8134495192,iwnrx
8260590759,zvxtu
1215485585,iwlbe
8048844789,twjta
2328381232,zunet
2805366319,qenvl
1362178107,vprxm
8064305802,wgbdf
1786843991,rsuhq
5576880493,urqcg
8087043483,wcmmv
5023272478,uufkz
3011347115,lvosb
5943671672,mmwuc
2327409268,kwlyr
5166985325,xrnbb
1497395250,bebvb
8063496280,bshqx
4195205467,ktvhk
8533120612,gvcrr
1659794116,lyeps
3562376827,kwtiy
7191315662,yzygm
9443866779,ojvje
7735887171,duvbj
4983574800,ijugd
4615615474,zvtpe
6329722946,jvzqt
4425171483,hbmdu
2493005884,nyldx
7008172138,gfqdx
3648257800,wtwuu
5836687150,fnizk
8150374357,vusdb
5190704807,xszzw
6134052502,ahsjh
5199104333,pugxc
7562382338,fbeic
5732365832,noczo
5135004031,ciiul
7402344461,slscs
5373074163,wqykq
8884821000,fwbea
1696176022,msrpr
5098474109,tehmj
2791726442,ikejm
2627243979,lkkoi
2540445621,foxjk
2241933970,tjoyf
8527549695,xvhxv
2130793828,tmlzm
3563645658,wconf
4359998279,hrkqy
6174746321,lwpyr
2567010978,vivwp
9772882172,gnuea
1468455747,gqwlk
9177624073,oqzjq
6918790556,ychfb
2114081253,ddujb
9554179685,pgixh
6020480607,dtgat
1794544670,mmhnf
9451315756,qhrjz
8934719004,qzbsj
3297059869,qizem
2474604264,wddpy
5439878545,aekef
9252889987,ielaj
2731701396,huahi
9177887228,wkcsm
3595581992,ohosp
2075927415,quvee
5168172080,tlvex
2256240102,ggecf
9075074405,mtpal
1035845065,ztqni
4838477680,mfkcg
1839849802,nimpt
3305299135,kiojo
9503512039,bszmg
7527167475,vqbte
2752872913,lvdfi
6226466948,syols
5263197213,qwaio
3780834510,fwjcd
7712939174,oznrj
9490807348,wxgcw
4692266400,fagte
9187606811,mdhzm
2782202130,zopyz
6543788936,fefpd
3022447581,uhsyv
3820127673,uoldn
9786329139,kgjmy
1280502565,qhqsx
7522891072,jmoli
8663819600,uvcmq
7523175210,tjtkl
4946876411,ruigv
3777914993,otobg
9314567926,crljv
9868201604,zzbus
5801949261,laojj
7671723503,prjlz
3771078588,lxazm
4243036179,sncie
4301628257,sdfso
2903718957,hburp
4609483782,cskas
9410440217,faeed
7095528645,jsweh
4080456502,ltdlw
8035076760,xrvgy
1504788815,dadto
1465654730,vuyhu
4959482746,fxqzn
4735053756,bjnan
2541439343,duuoq
8904246882,hxkvj
6757878023,vuarj
6387636719,jthip
8813464971,fihdm
4168381906,tlfxk
1653809074,fnzaz
2338235660,pckfd
4172897784,pecne
9533439915,oehpb
4373305173,sulqr
7324913970,clhzz
9092740087,oraam
2556435135,obwcv
2401722418,inkbp
5999709742,vjgpo
8287054125,igmoq
5097489221,ttqhq
6088520248,tmwej
3027863795,mvtzc
6095287607,issio
9070140255,afqkj
8766597123,vnftk
8359003974,mabwm
8711157086,hwerm
9134555062,ayspp
2274690310,veiny
9160235135,mjsjm
1126381505,pgytc
6213618519,shcgf
5493984572,vwexf
4983654018,cbhfs
3497932465,wvayw
8590767915,iskha
5877445130,fcawk
3230116499,forhu
5440963878,letju
4405771427,zsdta
1987803504,irocv
2735720988,sxkvq
4642809599,oyvlx
9509387739,sdfvv
9111017251,ehwon
5606065557,sdwfi
2027576269,elxah
5962777330,udkkb
1353437092,mffbm
6485779699,pzdfu
6109595079,yuasb
5246527313,oizzn
4610908058,ebrvn
9577967876,qfitd
8130872349,ckayt
6263816551,xvajp
8163912566,mwfgd
7294703240,jfmsz
8328118132,zujko
5377536402,yupyy
8759482477,vlvaq
3351855682,igtra
5236304225,ximjy
4508869569,iilfa
9659883183,lqqij
6691922062,ztgez
1547867732,xumyx
4850131820,tqoqy
6254481679,gpskt
7133088666,ilxjz
6722054729,oqmrm
7087871075,toxge
9634867409,uuwob
4537138848,lbpju
3567232982,xentx
9009556176,ufjdj
8364311797,iikqq
3029359031,gcxme
2143088281,vmnou
3032347819,poems
6940409297,hnvoz
4553355117,yeatt
3083882188,xqyck
3513880999,zixvt
3287488577,zilzt
8165599306,svxnl
4399067042,stadt
8037015852,xhukf
7272380636,sbbmd
7772014177,pndan
8339313173,syhel
7910169076,qghxp
7616241920,rzkvq
2850024579,mpcyx
7190074739,ptdhe
4576008859,iaych
8043258362,ejbfy
1507285510,bxknw
6988944969,aellj
9047587723,geloj
8458952590,pjxxn
3730788970,ugihd
1130903909,uyzyq
1582402196,kkvrt
6680752930,eldzr
2619635037,nztbw
3004486123,eelfl
1518036669,fvinj
9435373312,bmxax
1447281734,qlpxy
3488164614,upcdx
7781892417,lzyky
7078789377,yvfhw
7153274300,jubvv
8539125015,xtabl
4443947121,pisjn
5264802797,gqlsm
3259506853,ehrhy
9465510140,ubqia
8928300058,bwzhw
4284180305,ipzvj
5883607512,rwygi
4996658608,jinjb
9693878039,bnzjr
5507214644,gdbcd
2162110642,yeios
3471801907,nthsf
4599085675,mtwox
4749233136,yocnx
3556260905,axbse
1300670818,blunx
4275624312,orfwa
1494791519,fppyi
2224483254,opafx
9404626726,lkdnc
8742656856,wulkr
5132669524,mnwlo
2788456010,oumvf
1432505009,khbcz
2470177339,adzol
5558072135,ulbjc
4053605216,ogjlq
3425971570,sqpkd
1034425067,ijjro
1267678623,vngwm
5006150381,pprbe
3079358362,nttby
8684874746,gnnmx
2598452458,ildsb
6267732388,mjcyx
2624116515,zupof
9118515028,iabyx
7705088969,bdpbh
7916708298,iutzr
1796449332,vbusi
5288070924,xrpxd
6831454600,fdfoj
7935061112,xfaxm
4263550377,bdpto
6487531086,jzgzm
8391119092,jypkh
2959751775,ahqxw
8558341560,hgqob
4444984872,quzwu
9899943000,gpgzi
4542218281,vjyva
8856018899,ylcbj
5472156385,rizxr
6020824192,wcava
7787768598,pwtcr
2655359502,jmvrp
4335847959,nerno
3180194938,guayn
1585185180,juohd
6472970893,wspon
9482488715,lnstb
7027663115,gjdbb
9271118972,gmvsq
1980322899,jtrjq
4055530204,cnajw
5363702437,fcfls
9603756966,cqswj
8410297800,wenad
6747009287,jzkso
1958910612,sxtlr
5948292026,rhvlx
7325093065,wmogr
3344168795,tazba
7822710281,tvhsd
4249589493,cnyqz
7775142200,orgib
3097372436,sxnvu
8555895978,gtixh
4610298055,akeaw
1919593896,znvsq
6605414625,fefad
6486187328,rbvrx
1549990913,psyqk
4032858625,ybuoe
3713699615,dsrar
3607660739,dmnio
7215489538,vzbaq
4197680841,mrtch
5775322516,schnt
9269550299,jwctj
5659671088,ijnlb
9178519673,jjbfp
8764248369,sdadz
1462723413,ncngl
6680220326,seudu
1135708787,eoosu
4055477683,xsxyx
2262480182,jzpdu
6980109218,poxka
9555224248,fqmze
5818172904,jxibu
3033011507,axgyr
8604237007,vmzfr
9277093256,yhjnu
9013722879,ktnwd
7350699435,pvmgt
1747085869,jjhmv
5399584360,ubxqv
5772336118,nmefu
8174588085,anbdc
9930408497,fihbx
5460525282,fhadn
5900885435,ajndo
9235782357,xzxrg
3544824229,juhqa
9408364053,lsusq
3948047947,nbtua
8408124451,dvhlw
6377117889,cafmf
7006449186,omksr
6884906089,czmhk
6175842770,fcdah
9211700694,yzeiz
8875111948,lqtxu
9609574654,nyhhc
9788323813,jaofu
4950148872,jxwyt
7441719490,cshdk
6114674403,vhzvx
8613494599,cokaf
8503088959,buaak
8373988299,caspw
3558476452,hbqgs
3181130225,yukvr
3378430681,aykvv
4688584027,nleai
4647921255,xpxjc
3617164420,tkbva
7582412399,igwzw
7067046987,bcrtb
7661977996,qhser
2070776908,nhlam
1093884421,ycdzn
8367710401,yjxxs
9192401976,zyegj
5393971860,stlvr
4756339889,fkxrb
9599879569,mezad
2631685933,zchgi
5345175520,pubss
1465761152,mbrse
4551320249,mfwfp
8980823759,xeskj
6418601552,eegph
3643853025,ucqsp
8645018765,nzcdz
5370402037,vcnjq
8383688961,bpvhz
6517702681,elovo
3466018443,bjgfx
3090382790,snhnw
6923946962,ibglo
7199720481,odbrc
7111052814,ikkqi
2350842444,edkho
7497818837,gcdso
6460511078,kuzen
9038217726,queau
9696247387,jmlnu
1195807466,sgrej
6301934733,ehplg
4124798842,sstss
7480055442,wcvux
6739355050,gsijx
9487746592,pvdim
7062410325,dizlc
7061594898,umdkc
7764888740,gohmx
4413996303,hykpd
4649054474,jawsy
4779865362,fbmtu
3743574393,fxstj
9284039412,jjcgh
9217592232,ticay
6895245929,ezzey
3516436487,gkxvf
8639583311,ahcif
6014310172,gxeed
9372508130,nbzpt
3460381306,ltvii
8723847661,aztwj
5837578531,qnhqe
3531922976,hfepm
4220809874,pucex
5020763341,jmmuo
4107904689,hzryc
4296870796,gbpwo
1197617837,evcpk
9213775068,fkdrc
7693493789,pboph
2975523036,fjrbv
8385988546,sxteq
9176265615,teiwz
6822115540,gjuin
3013893361,howdv
9640076303,kahia
9825598863,vmlfz
3903246342,lgnug
6977480065,ooznw
8820677007,hfnwn
7652324342,ltqeg
8235997606,yaphn
3631898247,pxwsl
8413530124,uwtqy
7852849947,cjlpe
2508786834,lrxbk
9778373366,wvxhj
3902189375,yiddd
2932781498,khcnn
9469970863,wptnb
7153128186,fknja
9672314613,rycmt
6750341891,yahkx
9597513600,tfsyg
9904660580,stqad
3244595822,xbhej
2466201015,tnoup
2060042779,hkigu
5161787912,zouyf
9232633432,oqkan
3909280387,jooxe
3446878118,ihjcc
7146345274,uflgs
2002639605,lzvvu
9586327818,obayd
5190797374,grrtu
1391321656,kjswo
1266922835,klqye
7080898246,tbclg
1298119870,jcqza
3537596363,qvzle
3379114750,acken
9733096153,djjiu
7021783926,hxjtv
7295533182,jjmqn
5245829269,oxsoa
5548279527,jgctq
8132993034,hakpm
3174515805,yxxft
1476699538,qjqcv
8478305888,eaguj
9802535180,zvxsf
6928717227,llvbw
5525725123,gzayv
3929661710,nsjjl
3777489704,immql
3658855986,qpyec
9892618983,qkunu
9733351980,czqig
9380939038,vvery
5370335920,tsrch
7886487573,peebu
6212742220,zwdaz
6844572072,nhnfl
5720846867,fhjhe
1604456728,vwjku
7474367823,fnqdz
6959067680,kmlpg
7861721663,yfjjk
9353004534,kwqzm
7137902272,imvli
6007846660,rtmkn
5111090572,phwqb
4781473392,idiyq
5596924271,tgayv
5871873304,rknsv
9801004508,fsysy
3473537635,hkewl
4682360367,myqmy
1001694854,tplep
3125017194,wkpvo
4959490496,exqox
9035620459,cknje
3167622347,tacys
4367699019,xvihm
2336327579,ntlhh
7372254050,gwnhj
7149949558,uhjlk
1604836221,yrfsk
1952308107,jnkag
9909605053,mqbes
9881603002,bekkm
8046507361,dkuhs
2317715085,nljet
8988265703,mfvek
9942011967,owtbc
5400584795,ixylt
3507023408,wmjrs
6101628516,gnxyj
3205929896,xpnhs
3685849238,nwlwt
9122341071,ozuli
6591113826,xllvj
6159246010,rzkdu
1440015086,zspna
6918544330,lxcwt
3386401745,rjzgr
8385563615,osdhb
1320815724,qvgxe
2088665115,fxthv
4691683871,oostf
4053422608,eozgo
7729210734,nhddc
5369574947,elsrx
8035917548,rerxo
1679951062,dbuoo
9262738370,exlfz
7294135402,gwcbj
2005347574,qlclz
9607738188,obqhc
8920326420,qzcuu
8196170088,gvvgu
5098642142,fokgs
9623080320,hwkiu
6014726523,dvkmn
9129514932,krlbn
5522697088,fphsr
7375006376,lftsb
3411360426,zaojv
9761786550,kgqyy
9296264403,gjfik
3790201727,puyyh
7411306408,hfacs
3149418064,lljkq
2346795746,ikspm
5401932600,iisqk
6489007253,hokgk
8531612484,pnsbt
8118096614,tbhgd
8589316620,nalxx
9388552325,beppl
4511372077,spdxu
9180185613,juawo
5625147081,rwxvm
7067649021,czugh
8947255797,vbgpl
8195288229,ewjuw
7280229420,cfuih
1934409345,pbxbf
4706128376,mzttm
4221467699,mlxxh
7732639399,nvqsw
4721343310,onmrc
8440710941,nvler
5743564077,uvzez
7194767005,dlyee
2781999155,gcjjh
7039168499,oaops
3850205254,hqnlx
4892241094,wlxnu
7647997295,hzdav
6268729351,sqmem
3556558395,erxmb
3401974364,ihtqy
9822657869,nymyq
7855709867,fktzc
7913234597,qxsee
1088821397,mxjzd
5217394969,ujoll
3158845990,yddqj
2114805705,modxv
1117622951,akpph
8824131626,ijrly
3061049673,hvijd
7589438024,fbuxx
4441667692,tacyi
8788883135,jvqtc
9156428873,edxxk
3741739572,phvhb
3845912480,agnbv
1236303935,jqwgr
5355746627,tdtvq
8764054531,kowab
3777900420,byyln
5429585274,khwal
2325315834,qnlvh
8960532286,nkhgv
6637671956,hvcxm
8185315018,mlnxu
1307158208,anxcj
8604035685,vklmo
3063779679,ykhbu
7255088704,dhdof
7904389415,jnzml
6567930673,ijxzv
9320807331,hzwqz
9658305529,crkdn
6740259382,ubusy
7214249240,jqtbv
6131720825,ocjum
9032053496,aszee
7589166837,xtcwr
6966637574,fvbxj
7854176231,dijvh
5989015809,hscay
9152368333,pccbs
1116896959,jnpxu
4553734628,vqnkz
8288889593,xscaq
4271762475,cwmxq
9431798295,qdtet
1317761560,esgda
9826279955,pjbvo
7693736937,gxovh
2013021365,wimvr
3417816524,bocbb
3319051282,gxgrz
9383004629,buzle
2267684310,jnqba
8940730856,tzazk
8035050248,vrvod
4687257044,yhufd
8285228399,bwtgs
8369866928,qggsl
9503996005,abrmy
9997573251,ylrzv
4965275401,jswpr
3016912050,laovj
1674880838,klmlp
6076243753,gcvwk
9130281802,lxahh
9927176255,jwnrn
4777159931,wvlac
8852155600,ulboh
7898538306,foljr
2103169591,mhjun
1914602467,qdzvi
5836838008,sxpyv
8590363743,dxhmh
9332992216,ekyzg
1650142877,hutxt
8058571373,lojeh
9507195518,xcpxh
8817341824,nskgv
3470644985,fkoax
4378880355,zrhuu
3742805105,yrezh
9430843350,dejjm
3661677889,hszyj
3228451888,uvpma
5500876772,xqwhs
2091668513,uuglz
1108294093,qyebi
3323458812,msqbo
5333802882,peqpk
5411673050,fqylr
8611562971,ymvjz
3879547181,totim
6679614621,sbcor
3845493328,nmuhb
7626419630,kwmtc
2732090413,jugll
9168867000,kvknr
2631395766,kxnbk
3991752811,ydrdc
7891043928,mfbmg
6634103991,zwuaq
2299328443,ztcje
2329732194,qqmjt
2635459663,jjbgv
5056166045,glwms
1508296371,jjdsu
9119636764,wxitm
7122111250,lrkzj
2800347715,ugnqp
5633934566,gnzgh
4557615940,cpdmg
5585891289,gdiqr
7234772847,yjlsx
6407904595,czheo
4817956988,dswbx
4640718660,eqnle
6366125720,pzmjg
7940005920,ejqqa
2087331659,jyaqo
9433637983,bfybx
7903881801,gyofl
6183293320,vhfkl
7691537836,gwftz
8839763979,vudst
5275062066,afqgv
4508054464,dhhbk
2532475927,isbhf
8513717560,ijdpw
6585587361,bmqrq
7485252628,wisin
8022018518,apyzb
2999408635,ytogx
8005334378,tnive
2430392004,hvojq
1386700792,pnpgb
7334700928,aijxu
4404777748,uozfy
9880058038,bkfnf
4259014856,hkvij
7985437665,ypnje
8762549648,qifbr
4086347954,lawov
6941680644,zssdj
5591815826,clfxu
1360180046,nbqyw
1777743444,omrnt
7754453206,crivu
9259058072,hibfy
2913269146,xfmdk
4593318983,kmphk
9831004575,ksmwm
4073663722,olqnd
5318715114,weejr
4441593819,qasvk
8913400404,jmqoz
9563350528,uxnlh
2943923323,jrfyw
6415115488,xjvev
8220939466,fkptc
9458798909,iiixo
6202768971,zzhlh
3739384820,nhalg
1434251396,hlxix
3510070538,kdcvt
1529156487,wlrag
2577747699,aerlc
7152227591,rexbg
5100100069,wtjhw
5984637535,uggof
2504961047,efuqa
2504055656,hexlo
7729275851,utucw
4293777823,zinni
3575585230,qyeia
7370638763,qnzhs
8098446227,wipqe
9836532205,ifeja
5401439879,vsxgp
6363472555,qywqy
9709943140,qeelv
8982247345,dgqro
9103396141,jdlid
1812701481,ryxpn
9341762730,smomq
8588618216,igtuh
7709668605,xswzg
1362551554,hhuis
6464742337,pbdyo
7264728283,ofmov
4859674615,ekxnq
1806387114,xvrks
9996035045,qbczq
5138224151,jevzv
9405718429,zvzrc
4563823612,eyths
5139170524,zvmbd
2124465443,ieswo
8919677522,cwzmv
4566093414,zwbtf
2881734755,ddvjw
5818760474,mkznu
6374769159,wwbcu
5553612505,fnvwi
8889686070,nsdok
2312207565,fqsih
9181262698,icjcd
6102506862,lehtc
5724337486,vkuey
6277624778,xjmwf
2402943295,codkd
6582820277,yvurq
6649560588,tqdcr
9707868446,tnykk
5415092465,guenc
8345488106,elala
7332144422,pfkio
6265834393,yfffv
5013082438,mpzsr
6119127880,woptn
4871174127,nebxm
5974116215,yobnw
5495821275,cmucg
6587451916,fxrly
1633710151,nuqko
3340310146,covip
9720738039,wwgdc
7584350390,fmntp
2478463948,vcehr
9680298673,doail
9789788218,bqkhh
8272609540,xvwwk
3455004998,pbbza
4885744743,xppfd
1219166908,rtkkj
7925837532,qacax
8278125971,tjwmy
5799302625,usqdm
6779507931,zfonr
9840897844,wsxss
7519796404,jcjtq
9854129521,dnfeq
8929094861,hgskb
3966448530,hmjlb
6920623918,lypvu
7410943135,lipaz
3161901648,yjzwy
8172720545,dnstw
8698225850,mlyet
8417792113,lbxqx
8370870142,yxhuu
5012262216,vgciz
5757313017,smale
4672005497,gdltj
8135449136,sfclu
1969803152,jqslk
7408269639,dxemc
4540870410,mlern
8165302595,fomix
8729090146,nllcw
5066584439,cdwvt
3699097111,hlhcj
3994262305,vfxwn
3617599611,ydsky
5736998436,nqthc
1837632357,orxon
7984571263,mtdzu
9279557926,cesth
5406807191,izmsl
4171265857,dgxyj
9783660858,bvqgs
4036259554,htbyl
6052591674,qnwuo
7756146994,bkida
3272195690,aqhkc
4254679425,sageo
2697893445,kwzlh
7680599293,lhseo
9829642041,wqxkr
7549244014,snyrh
6092678913,innym
5144032852,zuyth
7189900063,uxjll
6322100457,qnpzt
2031857645,vcvgj
4140696257,psvdi
2383665262,lyuwg
8501658642,lqokr
7766743953,ldjzb
4285588287,kysaj
8617757896,quypg
5332211970,pnauu
5838576524,utkbq
4307882878,eqzsu
5190910444,obntp
9293830074,ykvva
9276138279,rgndn
1739879812,jpjom
4719559581,jgmzp
5110923514,rtqos
3031487206,wfmaj
4017486274,lfhaq
3463022026,gimig
7432531118,trauv
8195791223,fdshb
1536304805,wtkcj
2698487864,mwkhr
9750444785,wtqsq
7699284193,gbfsj
8196545463,aigts
2571681691,xlowz
6496962727,tgohr
7924739697,eqmsj
8129763131,wmtbp
6691914510,tewbh
7599946157,vrtdi
6645409138,fspjq
1653828800,emgxt
6798667569,uaxbs
2759970808,urdcw
7051096451,zrmmz
8235438476,kgodl
6567913095,xllyv
4852851377,zbvzf
7367696352,crmyc
6457275746,twwir
2244432542,pugic
4913988538,fhueq
8175675322,eozsc
3028242263,mdzrt
2506337844,trday
7056434687,lizdd
8778650526,cumur
6874952396,accuq
2105943392,ucpbx
1680544807,bxwjv
4627812752,kfuzg
6787794450,bksfk
7175889980,lbgsa
3229750307,xptld
1006042324,xrwcg
5617784037,zxkaf
8935897239,ciske
9943443499,runox
7737358366,hyhfq
2934826562,nzqwn
1202975056,jfkmi
3640674673,konvt
6379804031,wunyx
9409508346,boycw
8841235115,xhdgr
2743983292,upaco
2375504285,okzqn
3048005518,kgtjt
5234284354,sgvnp
3876345074,bpjrk
6299122914,xqknb
7441575441,qtkuv
4738774818,wexcs
5505762685,jxzvb
7843286037,ktayr
1319146558,dwdwl
3917166493,qizzy
5265390335,ommrb
4653352706,aupbz
7060071516,mjhjn
3249341591,ynmvc
3438832617,hmiex
1468029267,mqpfl
5941084909,gphtd
5370313728,swbdx
8788512448,lrwbn
3838032854,kvwrl
5545836544,vgtus
7692880438,anibc
8921050901,fkqiz
2831408386,koavi
3522155736,oeibx
3381542943,votdq
4560133547,sywxv
2330663456,llbqf
4790552336,mssqm
4633338593,olpfj
3878239206,ngrrd
6123017976,kvxyb
6841178610,rtwkj
4027525872,prgup
5136155362,juyrr
8814920201,ynsat
3192050585,prkno
8988419909,winxk
5604585367,hpfis
7710803383,tdzql
4052592165,oxrbl
5397952964,bvcaz
9801863314,pcfhw
5152477614,oxjpm
7343844574,tapjs
6286413049,eacrw
7513883142,jtqxu
7970470169,jrtih
7600371807,wxqrf
7203061666,qylnn
2493058400,pbvqx
3349207927,gpvnv
4313680530,jayck
6889654140,vjiya
5788296951,fowiv
9511538720,pefwd
9197580794,zzgfp
3653120589,cifof
3526558358,fxmvg
9016857767,gwiyd
6325308091,eqoxt
5704345868,eqfml
3823925796,dxkul
1222953862,erayc
9152644664,nbnpk
7992586456,pigym
6833826068,iyhcl
9046501985,wnbva
8317807835,cpbxl
6600358662,oaagj
4111010329,vbzdc
4081783846,ddgvi
1486135589,pqbqs
6866936715,hkvms
1882571556,vplmt
5726975470,xetpy
5658994769,wratq
5222987279,ilhos
7704258419,ukvlm
1321036586,tabcd
3050989221,jojmx
2809317205,fbizk
7820745089,xouhw
2548862887,xsehv
1732168375,gntvn
5589118207,vdmrw
6922409436,aawcg
9622445104,imduk
3848035071,jecrn
1581395051,yiwnv
1414397298,busob
6157121151,weftv
5448215764,xllba
7261750989,bxhjt
5019806220,mhctt
7468052027,vunoj
2551791149,gpeqi
3107678560,lhkaa
7319633367,tldmt
2879747561,uzcvt
6036951456,wzpgs
8413256547,mawey
3109509882,ilset
2874358533,lewxz
7385003155,uxmsg
1215725038,itkhf
6756302290,ydvih
2292036479,efneb
1517749408,nxmto
9246691823,olcgm
3621783129,zdlmy
9379404390,cknsc
7235699453,kqcer
7188291126,zmvvr
7316864346,fsgof
8152476451,mpzje
7566411550,milbk
5112385432,hatot
7185016307,qacac
9899663884,qtqdo
1990149711,wpagk
6444366086,srqbu
5210778559,twjti
4325663817,hfymh
4400774873,spwhp
4425052301,udsuu
6417977562,pzygm
6797072084,peant
2913631712,dvrjm
4481119205,xnfvs
1554771992,tkcny
1028174229,dxihd
8152112700,pjndw
1794468988,hfyve
3684127079,ymebv
7664086673,jixnl
3374058556,evhro
7748335808,pnkyz
2496276567,aosai
4526013268,vzhim
6501076152,cdxgl
5081400540,rfvfq
1706298258,pmvta
8416312445,gadbk
9767474582,cobch
2461476599,szygb
9014791934,ojpml
8553191332,hgscf
1781138455,epxcm
6000757231,xmdkf
2488580079,wjdud
2729486023,osaly
1974427500,syuev
2069104293,gdlyc
7566568710,smjbr
1246880028,njyck
3358254251,ynfsf
8114677548,bside
4990537312,pusdd
4510159642,ajyoe
1281025835,bfvmb
9541453771,gkpoh
2533428645,szwqw
3973875013,oecqp
7027512770,rvjnt
4670103259,nzpsd
5663501462,yoquy
3613419223,rlilg
2066277697,ogyan
1647360754,baxiz
2780622251,izvzk
9795755240,shmnb
9367504298,wqxyy
4788386753,rdbow
1562788791,tpxll
3383264282,ucbta
6960512886,oybsw
5327519717,goxro
1005610958,zipka
7293786848,mwxyg
3420336452,idyxo
3942985058,qehmk
1220527195,eatgg
4150061679,vfsbc
5062050972,bvdzc
2033599808,cckfw
8998488468,hnksv
9836148858,uvqfi
5501810995,xwwjo
3570345818,bihjg
7870559902,jvswe
5455681181,fjric
8928445918,wzlef
4023276445,kbrqa
8401501797,ttubq
3808217313,vezih
7112486121,raoal
4956531663,xkiqa
5494039618,gzlai
2863255479,jcyhs
5857104548,ieoox
8395701591,vcgcs
7984922807,ifbzz
1736916405,uarpl
7233047159,scfuo
7215286123,kqawe
3156870911,wygwp
3469000694,jrfwx
5502373459,pqlko
5312209316,oadum
8474284228,mcvmk
4095011260,zxhal
6520508849,wklvj
8352929840,bppzm
2001341256,xsjtd
3547289081,xqapt
8124055762,bzapu
3624788797,vpyag
1357249945,cszhi
2317032151,ijnau
9374287655,pbwwn
9434576923,jauaf
5058008611,tpjdy
1163561314,fyrjm
3197873557,cyfdr
6383870488,oncav
9873320980,ehbmu
6201519097,okiij
8505993758,ieasn
1928381314,uofdy
9549129414,ierjp
7446771316,kvwrm
2047832125,pwemx
5928064932,ahpox
4826253059,rocsn
1583765493,cjaqu
7148720041,qhruu
6800122679,eilaa
2320469915,tydvx
3231621413,hrtak
1809691506,moyab
9312017482,ixelg
7675522544,jnpox
9773852765,ljujw
6209587432,yceoy
3621966532,mbhxc
6817923218,lmfwq
3693511274,wxkgz
2313785868,ggupj
9890451443,jwnds
3267747646,eaopq
4022878017,ighmf
2955398115,xfzfe
2899124699,qdvlv
9628884630,izkww
8997116182,vznza
1307163968,udrjo
6732549748,oamtj
9243104198,eybef
3969062670,tziik
2700446921,biadf
1029928482,eocfg
3695308765,amirk
7008740500,xrtck
5761477731,jjhfk
8067086912,gguiu
9989004433,lzsqn
7440359009,ugrdz
1123263368,hfvxh
7394161184,fnhlp
9650294964,ubmdw
2404579470,wdsiv
1683077703,edcuf
9896009761,muogv
5772343154,tjoes
5724283657,fhydu
7992360293,piuka
2195861042,zjjpp
9022388607,uudou
8550277526,uibcy
7475924783,vased
1438297309,idapg
6520912876,rclvj
6104507772,hirja
6648714932,skifv
7905429049,hahah
5161824177,fuamk
6175020302,edfki
6234539967,qtgap
3319732712,ppqyd
3695787908,pcfdb
8548652428,cbtvj
8329853497,gzaro
3907362637,mimbm
3163153074,ipvhk
8224763371,eohdt
4234672521,rtdmc
8720118548,jzbhz
6848047687,npgoj
8388911893,qokpi
5321739646,ahtij
5309972089,zunce
9917042349,kkuim
5875156633,odgcy
4346783258,gifdn
1526671491,rlrot
8770624665,kcjqo
5592826949,yzjgk
8883327363,ckbrp
2937516050,buiji
2179206107,kxwsk
8710341340,gojrn
2455733436,ybjnm
9787082809,oobkw
4191409451,vxxnz
5066163574,mdkhf
1007016466,qrtpc
7107548627,kmxlh
8709979534,dsgnr
4236321955,ywzfk
2146679721,nmppq
4205267753,jsxcn
6245277490,leyds
7279667961,kqjzk
6957973614,xwjsc
7363366009,omsve
6084648223,acivd
4242133410,pbujj
2242822853,deype
9560825596,czraj
3467384458,fzgch
3030541134,qopan
4256838712,bvdjf
9731731155,qzkqf
2054180598,xqrdi
1153503739,fldbt
8688357059,eintw
1717477499,bbyui
5584637623,iqogi
3562809980,kdeyz
9994167295,cdlah
1465285743,rrxet
2325326096,fscmh
5533393249,rhqug
2470410943,krxrv
1107429881,hkhbq
2083988532,phgcw
2103061152,mgmbf
1729800814,cdccg
7645659788,ltrta
5066676864,tdwrj
5616826585,vaoux
3012957604,guzsm
7867503445,ckdgk
7216641964,wuzpe
3982218159,nqdse
7487099622,dvhrz
6800194904,pvytb
6497101262,fnfxc
1282059784,ezhpe
2216460671,hyinq
2431121416,jigux
8912090649,wpgay
9790182173,ctytr
9156568318,vbiuv
8471343650,gcltq
4882348439,hoaou
8288671985,oxztj
5490858881,kkfky
6277488546,blmfw
5518033830,pugko
7709167551,rkzni
6653077500,amfyf
2196732902,eeoqa
7255065931,ieqnd
7860816185,tkvsf
2935053231,trojw
1025967098,fopia
9294351339,knpjq
4518085411,buivd
3871673525,tqoca
3047325361,razhr
2453788418,cuifm
9352227293,xwkqh
6716143913,negri
7863787389,ydwcb
3332561504,oacol
4406005341,nmupd
4417548404,vmejv
7105966758,djcco
2931402729,awefl
9512267596,qdwoi
3823554481,mnnqh
8485644546,hatzi
1526856972,bbymu
2482303730,pxeff
4736651568,lhzqe
6994821392,chult
3498268924,xbabc
6005651909,vqjaa
3199915036,foypp
6096812994,xfgvl
3119095492,tnwiw
6344841151,jovvs
3748635667,ycxlx
7369938676,jzzgz
7984670006,ulpyr
8393152373,jefig
2668130002,efswe
7278288169,mwiiu
1808194322,dhckw
1452717584,fjvxx
5470214629,nmjps
4944024959,utsdh
2591502059,czcjw
7749475853,iyjar
5684556764,zxtla
7494299663,esqaj
6963956896,sbmcb
9934746480,faqij
7230367094,olwyv
7375113823,nwyok
9672396491,aaoen
1163809756,pzzuj
9865742316,vxwra
3492218183,spfkl
9678207344,jgqop
8739002176,hzlli
9492205710,betzr
8844025896,exrrx
6932606190,delyn
5338715083,mcyhy
2517680444,drfoe
6863644431,wutko
7499994365,ikvgm
4995520324,chson
7318734207,wwcrg
8890079166,yuhiv
3028963810,vycxn
2487061507,xcray
6236912565,hucjf
5438977680,bczhz
7461542314,luxcg
5246438700,soaec
4901389158,xnrfn
9995849416,upgxa
3762319196,rhmgk
6195826795,zlbzs
2256785028,iucea
4707656561,uefyh
3449022269,dfwyc
1610502220,waohx
7485709135,yvbzr
7782597182,csvst
1906052619,dbwyg
3299061666,cwldx
3222503021,xoodv
6469833865,bxumz
3220955332,qjwqv
2977218911,icdvn
7152597011,qhfjr
7407672719,gwhbf
2832588441,cdnft
4241745427,eogzx
2949899210,ezmtk
2903014941,ctsar
3173132399,rqjid
6273845438,iwtkh
9715257047,rjiym
9706586531,xtbyn
5998102057,lonfp
2646016220,kfcrc
4065593497,pqhyx
5954095821,adjgf
8245212605,kxjel
6564278114,petbz
2176251424,lrqvp
1702168934,pgixv
1595563949,iayvm
1553487826,dgcdy
2537513870,hznmc
2552703930,tpsfk
8744932506,isjmn
9132285936,mlenv
4572826156,ajrew
9114024663,sbhod
1625745293,lyalw
6589050239,utfmy
6832773929,lojtz
2093765853,asebp
9703278858,xynao
4168875055,apgux
8131013605,pexum
7903092955,qvrzw
1771052652,tbvse
9919678709,ubjzs
6365415050,wzter
3461479208,cutwy
5648868521,weeru
9129168570,hmmnp
2318731100,qkxav
8066034765,vnzwh
7184164527,uumlr
2635141794,sixfa
2482597809,okwfl
2048680865,gwpwe
7372855421,fsslt
8351875651,gouzm
9843965773,zbmlx
6569266023,cudyq
4981118073,ugyce
3225203567,hmxan
9212748242,dhqay
7239443189,hepsq
4232327157,hpqoa
6701463845,wdxqg
3409799936,gsrol
7772340361,nvakg
9117275075,kfdbz
8813824059,shjya
2111373551,hndcn
4058785902,avolp
7914274488,lxorb
4212844798,gonhu
9846699624,jvzyg
7634469174,wayrh
9103533936,lcbxf
3236931930,autvd
2266530019,lroyt
2249227310,tdift
7952278784,ygrhl
5025100225,dnklv
4842534535,pafqe
1018541250,xotdq
6834552143,zzyvu
9402985944,sabxv
1811596531,jccph
7364292299,btmoq
7608435651,wgtdx
8365939741,orcup
4747174502,cvxxz
2497400456,ryohp
7585439678,uvekr
4221208991,njbgu
3127483734,dafhr
6955242802,psqky
9582478218,tsgnj
8927605905,mkbzp
7254791995,ejixk
2487252987,ixlvy
9133045769,mpeic
3655478709,cthnu
2049502499,wrlea
1320246454,rqyyl
2869853796,jdlzg
4880825189,obqqv
8255815429,wdbaz
4315127603,funkf
7292079909,furgn
2830990806,gyirb
1690632680,tvcxi
8507848468,hgtln
4638232192,nxtzj
1492251864,zerft
7320305184,qlbol
5651710770,owpre
9929779148,stkni
5073721819,jcbki
7882410140,njuqz
6311451644,fekgn
7114231502,ovgss
5887984032,eizfj
5129962430,lhkbs
7049688231,fojec
5256409494,kagad
6224423723,jfncq
5127509623,tqlsj
9469384616,bujze
7139706144,anwgx
8550914390,bcxzt
9557511744,eoblv
3057617088,efpcn
7420182814,bzvew
1373733991,jllvg
3875594104,wftay
9087772482,rnbmo
5526934225,mhhrx
4866761689,hueta
7692212767,dxclz
3953611398,zyarw
7249609000,romei
6335864989,ipjyx
3870010062,tpxsy
7361386007,dfbmq
9806642230,owfdm
2244049981,azvjf
1731304201,yrpie
9256288032,uuvhf
3574671457,cuyzo
4470328380,rjroa
7400443269,dvygx
7445293508,lgnsl
2926611958,fcqiu
4202277750,ftbkz
5944821356,imwsa
3108117557,dejrd
8824538145,ynctt
9606070516,efjiv
7538033272,dgklq
5147887732,znoun
5311423438,zqzhn
6721892286,chcgz
3463106336,coqcj
9117532347,ofqev
4092583129,sduzx
4464640150,pzrub
6473664643,oriqx
8120544947,sqtmf
4895001781,vatlw
7801050497,svmnt
6796701443,stpti
7359950993,lmmcx
1929360214,vmpjv
5231865322,qbznk
6817357285,imimo
6171310608,dokfg
3734643351,ueoft
2532916079,xbihu
2030532907,jhsjk
8569078231,cnwkc
1071491505,lqylg
9981452489,ufnjn
6307668720,vxfer
6822831806,zbqcg
1982673715,ydqjg
4465746177,vponv
3387102616,qhyqi
2089749688,pwopv
2846340510,srmnp
3233421652,ustfi
6894610571,luqdp
3178053401,cklse
9110916219,yjwfa
4822302423,wobjf
3234879596,uicvi
7100675997,yjlja
6684341781,qnkxq
8215626658,lianp
9773255123,idjxk
9784512245,iqyas
2276167004,pqyyo
3550555566,njbsl
2673653945,rxomy
2014385553,xkjif
2306758732,fstmh
6841972011,wltlo
9727160771,fmigp
9604809592,ncphs
1636816324,rcpcl
5094594149,bacux
4034473534,dbonm
5145019934,yovdg
1636845159,sbucp
8524694926,nfcts
6315182194,bkdnq
5557926525,eaakg
6166890278,qznjo
1859254448,vhkol
4035628382,gcnus
7656338932,jqrnr
3269334472,wajbf
6457400971,lpsvg
3715088604,neisv
1634632038,gjieu
5604206283,hzlub
6498812973,zxlcj
2174063102,tdesk
8123135718,yggtm
5096414052,ruvrj
8179860052,cszfz
3888228287,rtjao
2820426454,uvqfj
2758880084,ahsob
1513956953,spyby
8483338572,jiucf
2170741854,ynwoe
6872215241,wdhgo
5737847472,dfeal
6274933665,loyhh
1831942191,htudj
3784546257,ubkgx
5814944471,uoszr
8798555528,rkcfo
2489597081,hpsdi
5264375924,dlhhe
2971648401,ppohx
8072225833,ozggt
3373779703,drlnv
7258555117,uekii
7441685802,ivifx
1259293687,waxkg
9546957111,rnmpq
2948211243,zqozz
2439751453,dkxzq
5217035972,ialsu
8981930189,syuuy
7034303713,pmlme
7296759913,inapv
6006351219,vrmvb
8777156184,ylrcm
9860921847,rjuxc
9590228040,pocfg
8939194096,siofe
8167056364,rtgcw
7875112450,kgnrt
4541350442,pvtqy
5311453814,fvefg
6371692629,duiph
7615040214,uzeec
8064908326,hzrtl
7394634415,zamyw
9794526317,nkpdb
4460495062,mzjjp
4592422691,qdinc
1208133471,dsvji
7751382660,adnxp
8876377433,shssh
7712949153,hjymx
4600448689,vpmof
7215161929,vtfbh
1362121303,kfkzk
8747511378,grytg
5088196592,kbuwv
1401560540,wurxq
5120850548,dkhhz
5940743811,cnizd
4765857575,oevyq
1455893967,qfpqw
8772875302,cwsyj
2152680602,eorfd
5618602708,cohha
4968378187,zvvea
9093575217,sleef
4472066600,wmtej
6645932855,qmvrz
2261182053,aijcp
9531099378,xyjvl
9329736840,koyyi
8402350893,nzufw
8874794417,vetyk
1044097732,tlalk
2992598550,xqghx
1572859485,tcips
6038000920,pyero
3744132077,lvnyb
8562419870,cjjby
1850141161,liird
3723978416,zqoru
1296671804,dsgrc
5914103384,caanr
7318545654,vqpzw
3385732899,xtxdl
6620607254,ejocd
2951384742,stspj
8295420718,iyzgs
7779797438,mcanj
8299591210,wbblg
3633717229,xibxk
3228858727,alfnr
2937592200,snpxm
6563462154,louwe
6700612107,mmbok
7709433417,mvamz
8540747332,tsyqv
2822119582,ssmbs
2589651897,fuole
7303860269,dpmvs
8293234559,hlaok
3485809446,dawxk
6921887543,nsuqc
3603149844,takkt
4215621933,qbumm
8904399939,mamhf
1140500219,vjujn
3078148201,ekzud
3247372778,dlejb
8976938749,xmmrz
5154960652,icnls
6776230848,dkqry
4651543513,oevav
5010351634,mqzwy
8762356163,mhrwn
6985037975,xaiyq
1032030429,oretq
1645365821,ibetj
4314695983,rjsrh
8720354756,rglny
5453823398,ttdep
2794639277,jgifp
4630186026,qgkkb
1410238343,goewu
8767705926,mgrek
6948779719,sviqc
9880024642,yecdn
6205457573,fimmx
6885172099,sojii
3064006693,slmac
8734863762,iworh
1629298648,qfzhp
5601989054,hdbak
6650429529,mgwxr
1910008154,icvgy
1536455111,wotxh
7090059328,nygnb
5256001395,prtjm
9377089469,dabhw
4765732082,ljcxo
5056755305,hunxz
6930000019,gakly
9239034158,ppvus
6710637960,pohfz
2286754777,cysws
7747946067,cpruf
3854628078,dusmz
2163284448,pfahp
2949218721,aaprw
6798260804,hkqkm
8876936789,rlrjo
3977817401,hedau
7117681765,rhven
7291716563,devjd
2862100149,mgpso
2840603471,dqorz
1393996150,wxqhr
7820732793,jgmoq
3789314610,vtpux
4874500842,zffln
1501741493,otind
3595571495,twthv
5895178845,kujfj
3995755873,bqgvq
9761022207,kqwys
8887445742,nwdll
1509790504,ftjie
7578379789,opzxa
6000196427,bojec
1423781192,unqrb
9107638650,rtipy
4556068192,gjfko
8650418555,rldrf
5951281046,exxmm
1304387162,wpqrz
1590161597,dyzwi
8175588350,thfhg
8757223287,ajqpb
3658767589,dkesq
6504620811,clfif
6899249946,evxkd
6986829134,oabyo
4808582243,rprfd
6227951431,uajho
2453460238,skvwk
9933553732,xzeey
5769855569,rxryg
7713369037,ndero
6866589236,cqoma
3074378717,cisiq
6976915030,stnuu
6743955616,aarwn
1426100192,yzgmw
5383003314,pegvy
4226235492,bhtqm
6366494414,giczh
3379874797,jhrdj
1784070537,kbplo
3793315014,himku
3817871072,msbrm
2145236131,khqxk
4738932007,udtpb
6425447952,jdohd
9242948459,jizev
9825454742,menvi
3135781194,qamko
2253673404,odtpx
5853971628,vmhoq
5582777252,glsby
2240988006,buhgs
6289423013,rqqrc
3809913237,yxxnr
3827030392,cwpau
3817491070,kzzjm
8011918089,bubhd
7402171147,melmg
7630741048,usczm
4677732265,ulmce
3086866851,lpoju
5888973092,premt
1443749329,jyzww
3763914714,qainz
5273169849,xxicu
2806688066,jurge
9203529226,byhyv
3526278336,xdhnw
3562273855,plzmy
1558602467,doseh
6233674565,becmg
4803719690,xxtlk
2064821986,mdaai
5824595358,czhee
2870174189,fmdfy
4371600310,sfwkf
3573306229,cgxsk
1845866120,kzrkr
4951034314,ukugl
3626969438,zsrym
7419758359,bsxav
3177719421,nhkzw
3111266490,qwzyy
3888112310,gavmo
9610136860,ypzsv
5937623132,jawvc
7917998596,kinqt
5536617075,sunhk
4405662964,nwmcs
5577246154,lkxqg
3448779518,xjmwu
9533347911,nycmj
7157377680,caspj
6624406617,qpoce
3781706687,fgloe
1158036736,nuqer
5647444694,qrcuh
1891976469,bqzsk
7670456115,htgod
5800356664,lkpvb
2075224954,tftkh
7171770597,caqkv
2117323990,zgzkq
1950118390,ofoxn
1726727294,qdljd
2156140401,dztpd
8816471787,djsmt
7471982675,lqbka
4957059031,ufsbb
1623437281,idpxn
1421039170,fossd
9179140885,awevh
7207160904,zinzg
3232626021,xzokx
5364959971,kelvf
4833726773,rzybq
3350415387,hyqze
5573202185,uxfcn
7387722081,yvewh
7271471489,cuthp
7565246377,tmntz
9951000835,fwjyc
8462033746,rcxcx
9325759382,mkjyd
8584003075,rxwyd
5983575053,nmaub
2841638991,khvde
5394623496,wqddu
5200332374,xoetp
3013693103,gdyqr
7458262816,rhrev
9162386630,ifoql
2852269012,ffdoq
5367488977,ufmzh
5514522901,pmxcd
3883086803,jgiva
5864988727,puysj
7931711882,qghnt
3245637567,chmbc
1088407130,txaom
2678329704,omkqj
4460718846,kcsym
8182396661,tqxxu
8849977624,xxseq
1050883126,xivqi
9888636234,uzrco
9208150974,tgnlf
3683308214,udwwc
6893847721,onzjx
9951984040,txfdf
2672803597,obuga
7362757971,hniyu
5637464278,pjikp
1433483406,fsjaz
7106089049,voigg
9434572810,vwkwo
8419454774,sdchm
6465549066,rihzr
6417589942,scdwd
8377161904,ymjpd
5602203120,qmvyy
7876826566,pgnrf
1422497020,vrwou
1016147948,moljw
4940597529,udcoo
6511351449,kziem
9670225205,cxbrz
5342960991,lgpsn
3974410771,kiram
4708165818,sifak
3436303628,vefeh
6766067029,azsjv
7513711092,wiota
5679286036,hcprp
2177314830,jgith
4284642452,pfnoq
9431961716,icrdy
6500638786,bdlgl
5192938845,mvuqt
7400524245,meoml
1653991349,mflfs
2158097879,dfngo
7946890946,iyfeh
5349664405,ihuzp
3655023961,pzppx
1509298249,myymp
1394980236,tzvsx
7261828581,bjhil
7710236481,gfhsm
8750234734,fqqim
7972157462,rodig
9282386217,rgogu
2733245965,awpnh
3276652561,dwwrm
3370572300,nptjz
5781388783,uizgw
3379297517,mpiim
6241614102,iaevs
3819467610,sjepz
3046995227,bflqb
3575637361,tjmba
7770021880,qswnh
1081214065,wfsup
7071613916,zaczz
3039635871,gemhb
9629687282,bopoz
3064245922,oxuyl
2267029720,oaboh
9144951106,cvdqw
2781465209,khkpd
1225851202,hpckx
8544944952,ckpmw
6160385638,nyazv
4204626395,jehio
1532237179,kjxmr
2461685916,xdwit
4560640987,yzlex
2665123790,rjjlw
2787414911,rtvkm
4102451357,cznlr
9071459158,yzogv
6385358616,vcgmv
5439909853,tliyv
8279789888,jtcik
8566235933,akaez
5926633699,yeala
8669206993,zvthz
5381240652,bbele
4402330413,qrkbx
5771126482,ydvdm
3222907709,cocpn
2840691577,flcfq
9708249307,hbovi
5324753512,cyahl
8522574016,rvddi
3092748822,fozhw
4778409315,iegeh
7613781494,cxuaq
9029828353,emisq
5393770170,gzxtn
1590406646,ahqea
9503262379,omrcs
4589220673,ajbba
6246675717,hiyca
4611566692,ybwmo
4691402713,wkadw
2614133472,ldkgv
9303039682,lwhag
9826952025,xytvr
2691562981,buyhw
3433892910,ozpty
7232308567,urfyy
8013318552,hamgv
3393547315,jcjbh
4515561365,jrqrq
2145921165,mofqx
3341848349,ckzzr
1551944582,hvzlg
5325861069,wxoap
5213798709,grsvy
6182224638,ihcjv
3823457469,drubd
9498658081,jmggi
1605352782,zaxzu
4178275041,rsxov
9914032807,txbky
9470509634,erlnv
1370428690,ixqlw
1274726922,qsgwi
1799565628,yeziy
8811681594,ljpzo
5531207044,jswvk
2930404223,guzhk
3652207123,jclso
5941426391,rivdd
2297122721,strxu
8266126719,ocpbk
5629781616,vyqby
9542378438,brxjy
6180163264,hhjjn
7357374506,kcdoh
5294639107,hyvjp
8748514977,rgmab
2331825454,eajol
5035971584,vqdbj
1028128372,kwlqj
1918118980,hwzre
9257250180,vehcl
2944099131,fxfcy
8253234500,lufzo
2731247122,bzqsh
1305908059,eajlu
5435347208,gansm
1639245064,bkuvd
3858974692,dstet
2736451573,jkckr
6773522232,sgjio
9528153405,udneb
4451175376,tzyoq
2745880929,pdvei
9530720864,oqgdb
1776560449,xrsht
8339267350,zcvun
2976117054,zfcfs
4950817341,obsde
4970883023,ramxl
2708815423,rnfzs
9570550720,wufeg
3968310966,ljsnd
8950304534,pbzcf
4783245326,rvsom
2834126542,vtzil
1505067744,oaxvb
2151607616,wmsoe
9827365032,hyxdd
1103813690,qtutz
2547811752,dtjpr
9547073917,optdc
5634450736,hvylp
6727250726,efqrn
9034690040,fvsqv
7396601693,oyoik
3722665986,ikoqo
9221957961,pjxee
1055211092,oapzz
1254873658,yohbw
6807916034,egcxk
4917129409,tnvkd
3466291963,urljs
7092585461,fknvi
5601578313,arbce
9513013824,ctkrv
3693642620,cbrji
7485147211,hocly
8528888009,kwuso
7188585812,aewaq
1222868109,ttofn
7576280914,qhzen
2993745408,gyvim
1987930659,rizqd
8207122919,dmhck
2130390933,phmjn
7173090765,skigg
7539681218,xpzoe
2033125905,wwvah
2056553347,eopig
7798722766,ddzal
6361659338,guxmf
8053996954,fivbi
2446907402,dvqaw
7369443939,gflqr
5373212018,buuvu
7102168492,hyymm
3866015341,pzusm
6596537797,ptzbj
7312579558,gmfck
2616701478,utmxx
9888214579,hdwck
7594314257,ertga
1058983377,fuhpr
1839912526,wdhhh
3515748803,etaye
1332601348,cjcmv
2311677257,uwhty
1310298793,rnznb
8655911158,pvnvh
7609219400,nslcp
8584497747,tfcro
5744570662,medap
6811294004,mvjuf
9548644502,nafgy
3821971974,yynsk
6812417651,ulnph
5351419989,ysiwk
6137755343,nymkt
5471944040,xvlzm
6285871886,nhmuy
6781232536,ajmfh
2923385684,ksszu
9737976579,frqeq
7793874584,yzeva
8621478167,geyha
1906139312,jvlvw
8033673296,nvttn
4691762654,gwftf
8119257081,ydisf
3811711161,xwvrf
8494656536,bkgap
1852212346,waaau
8434890340,nbswz
6532354875,lampb
1906569486,uemeq
8773055508,vdcqg
9935345185,tsdda
9861662123,ztxik
8334061405,ntxto
7903349897,zgepq
8169841077,gjtaz
7763558684,niynm
3398262075,hdqok
2427892259,ldoim
9819362013,hobyh
4283218845,keysb
9276427604,rcqaz
3272231343,cusdf
2976682953,kwsxa
1903502509,mlqop
6374519455,okfou
4782944300,kaomq
6295597664,dlvbb
1840881428,jupeq
6357266686,zoghl
9007828238,ekymm
3913832563,sqrde
5616851901,qlrlh
3369566938,tvest
7171964146,wlikp
6982443907,clmvs
6068711758,nrkiq
3632425846,gsqna
4129165152,upffk
4580185307,kggll
1738445809,vihmq
5457977317,nhftd
6674620191,cddzo
7481271845,huvts
4345072181,pxsbf
4658526649,vvesm
5286174555,tapcu
1702906587,orzjt
9446132762,vnkef
1931977268,twwru
5408243361,nyhvs
5485978267,yfwnu
6964912326,rwhqq
9186195297,vynju
5700175809,nzfwz
4916907711,rlnkc
5004006439,wvvwv
7942932973,zwwmn
3769600921,lqenp
3530705633,soxbr
1059785194,wigvr
3063084707,xbpke
1861786864,pujkk
3121873891,xhyfw
8166425896,tdlnd
6664910665,xotjy
6135903747,jeurp
2395451104,wjtnw
4399524781,szxoa
3460489144,scfem
1519906421,ckgos
9580352193,rpcqj
7733779716,hkyeu
7839058309,qseiw
1162278902,ogaji
6428205566,dkixv
5669562258,smycb
9854610445,ocgij
6676917881,xhtkm
2690781646,ybnld
7269467125,fhofo
8064901853,ujtcg
3404954058,ypeed
5486327595,abhfl
1997219961,wbxub
8768726949,mvalx
3503652182,ibqhg
6040062378,jodic
5206521806,wucvd
2437447574,bswrz
3707721028,vmadx
3643857263,rgdsk
3988134753,vvope
2560419835,tizqe
7790260292,mnkwo
8782059950,wublf
9390474226,oyojd
7686629994,wqyuu
9805876966,mchbv
5452522853,jhcec
8447341958,gvedy
6032684317,sdiqk
9085960871,hncly
5457680082,utzxi
7175827528,jxabq
7205174024,xfekp
6359337029,cekli
6663679895,iylqo
7507373005,kkcju
8393121675,ewhlv
9681547650,tdcbs
4916866413,asras
3144941933,okxrj
3431310584,uzpai
7805247760,wskpq
2528230562,rflla
7073192357,cmdhy
5858228531,spbjh
1568736307,yqine
1050890468,tcjic
9798024013,gxhkx
7598853221,xvfiy
4767930128,clien
4412076318,jqrje
1937848004,upvvh
5779486620,ikurk
4560477901,eppjk
7744233548,cnpeb
8545590724,kjuwg
4638069006,wrjbw
3230204505,ebzll
1565579325,plled
6697980151,tblsh
5780069047,ecyvg
1698450579,cnmve
4328312149,bwois
8904869993,rgoeh
9823278464,otlfl
7867759480,wupge
7320308046,szpui
5706278977,hcbdc
5914772815,wxtzh
4961118468,igpcp
8690301965,gmfiv
1861980940,zoufc
7131664325,cidjy
4343985918,jhtof
3866331091,atprg
8103179085,qbzwt
2943645037,lbdvf
4570405538,pimhg
9683894871,qgmpz
5258104761,gkntv
1964804259,jispn
1229711345,jspwi
4932226102,tvigx
2649848937,uabwv
4449898381,ytblm
3391938110,brfui
5714974999,zqikt
1603962620,fjfzg
2123178948,zbruv
7326284572,enxfc
1922569729,hxvmc
7283028901,jwlxv
1508830537,czudn
3720938131,kgcpy
4861793584,wkvso
9020724191,ynwfk
5674394877,aeuer
9818059564,zkjra
5080652185,bwkgb
6253117714,zzstu
9546187409,fmrkz
7150512978,nphyo
5585674376,iuiko
2088297698,izqbq
2704168298,djjef
6234473044,wmqme
7259246931,hreil
9628638512,ferbq
4766727457,xabvj
4865015121,jdzwi
1972278435,rmxog
3066682314,iibjy
8260928722,vtcoa
3412163578,bhliz
8217252353,oojos
6865627526,euskv
5742877378,uogad
2580037289,icpqc
6622992400,qxzyj
7711039981,ukebz
8465322027,aiwil
3339936788,scsww
5257347808,hgvyt
7201660215,osgzu
3113400073,fvdgi
2109906955,gqnhg
2264025216,nslvu
5083850407,amvta
8507993041,pilgc
3712087774,ehjbo
9491562969,puyur
7626916034,qoywz
2935781431,bouaa
4790078900,etvqd
5348643045,adnwh
1186977113,wmbts
1442821529,jesjb
9349942604,ypnre
2058257319,pcnyw
1460048961,xmrfk
3739806333,qzhil
1031627679,euptj
5686267616,xvhxv
5353065174,taatr
2535702939,zvjut
9044968972,cyqju
5176840284,vylqh
5099518050,ssmoa
5160999690,vplzx
2308541747,ocuer
4170301762,rvnzh
8311444982,ertts
1488652524,joiqt
1012681864,jmeap
8971807463,xovoe
4108417851,wcelx
6055911667,bfxnf
7546950850,evzdk
1955576559,zcfpu
8419260016,xlwbu
9961460420,tslnk
9575824145,patlf
8039181455,vylke
3366747173,egqel
9657937150,fgpsr
3455075318,jhplo
9134983878,ibsse
4928883522,ekeuk
1850335425,xaznr
4491783491,rgqjv
3701668125,yoqqn
2061028441,ivsth
5678537274,actin
9842307344,dzdsi
4206599879,jmvzk
2025007282,yqxhf
4661978704,rzjde
2431713147,mvusd
5265084304,uronk
3472462411,gdihp
7296793161,ouzdr
9597508700,jqvgf
8597925679,fnncb
5688520068,qmpfe
2597984124,xozux
5247442281,slgeb
4800755133,xaihd
1090929026,utskj
8318178048,nrgxm
3850918939,cnspt
2801312662,uuyan
4581337210,sbmlb
8887445608,ynikr
9858418591,ptimq
8401858206,iayqh
6230938248,ijwgl
7788742492,vjhrl
5305722545,fwgdh
5037687421,mhwwh
1234846092,pvnpk
2704116909,gwupn
4979802415,dxayc
5336870078,mnaux
4847394528,lszkk
8745178952,ywfac
1418233050,gjifj
4143056867,uubhc
9590858777,rqkns
4954351651,sgqvj
5199353449,ogyxh
9288401589,iljke
8134997716,qzcmj
9154330721,txuzh
4362030115,iqvbc
4387120963,cfgey
1011924514,rxkyk
1225165405,dplxp
9784227826,xihfz
2438451163,wxcup
3194135731,pujpw
6349734833,nogcq
5750455002,waget
1399133110,lvzwg
5620240920,xucht
3413079504,xjnqz
4134316283,hcxfh
4338255115,hekvi
1845979112,tvfge
6947950645,obpih
5174078959,sqxej
3647376364,nnccu
6659980063,vdiww
3989891522,vglwa
6999837672,tfbfd
5717283091,srymx
4579083794,fdtzg
9980573340,vfrfl
7268059368,igddm
4857487450,vtmgl
6428286420,ujjzo
9057520847,hmsjj
6794421583,xoyly
5603351671,chmhr
1372239362,ikqnx
4149771099,betxe
9700732168,lmqwk
9770407056,hvmtp
4620147805,tmsah
3741880296,uwuys
5602698253,zpwtf
7513188412,xyexj
6435788262,hrjcm
3261429405,fnfeq
9919306170,inssu
1718680772,ovmnx
9546291151,ajyhj
2661007473,zwsep
4747816455,yvcfe
7033012682,oxqdy
5757026559,rpfix
1894176649,wufvr
8339998817,zealg
7236951565,stsxq
4771323866,ctwdh
4086411351,moepy
7360230805,ogbns
4631623744,vgpyq
5294512596,tpouz
1083739571,fdbam
2105527422,jpwms
3134890470,rjasa
2801095174,dibou
1934195532,bspdt
4943298145,wdmyb
7762179169,sansj
7353772469,anjbw
6599217385,uxkdb
5218563766,mivwd
3063854964,detlc
3570684807,jfoea
1934379835,ffamo
4795780601,tszaa
4283356372,laqhy
7781843096,wzvfa
4443991347,slwki
8423996384,slbdt
6501879585,ydvyc
9193303872,hdkwq
7619865288,vzkck
1161853726,rwuqn
9007133480,ffuhh
7475478556,fsuwg
9201531595,vbmte
1710372402,ayfhg
9023086142,cqhfi
4929999776,spcjd
4787767613,eqldx
6234241615,hituo
9225463364,wdwbo
8632882074,oqjkg
7035430943,xrjhk
2167221479,okcae
7563281146,bgpqp
2734818556,lbfvn
4344114726,ibmsq
9027190517,czbeh
7831406804,btnri
4072692870,jtbna
6764390001,czqzx
5956548219,ihink
3081060068,dwgul
1367209088,psnoq
8704954302,icqyr
6470824998,zvoqw
9336395472,szzcj
5674637420,vdvaf
4879686640,nekzs
7949247011,udram
8020646130,aztsc
9705294343,wfnjh
8794881152,bhvlb
7633514664,udkox
2359954307,bbsjk
9926859217,ppkqx
2789805088,kphui
2214505830,uuryb
9138223204,nbzyi
5478991353,rbuou
8660105872,ljiiw
8053152648,gnist
9227236463,vtotf
5126406745,wdxez
3564784968,gfbuh
1090052910,zmpjb
1701685362,helit
5802487333,pufmb
9985452769,beesz
8703045682,ounwc
7865177763,ddokc
9374741993,cieaj
3431111616,ssnht
3355144184,xziat
6551851007,dkqzp
5483072285,yitcl
1954540315,wsvqa
2187196064,azazm
8314704192,lxsks
4119367554,pwzzh
9548731424,tpmot
3078455176,rysyg
3947393327,skyqt
2841292028,qpgpj
8198688016,gikna
3515800729,trumo
1190459641,jffxl
4238247579,betov
8116926360,bhsfv
9637989046,xspbb
6897998072,ftadp
9424338994,hxngn
6779030738,vlqju
4852666631,nrelr
4763420280,mwsvc
6103027370,umagf
5600539142,imuvd
5460226913,aucbf
4179074570,mhlwl
6604298315,upezn
4115808063,emjsw
9121973595,ijntz
4972671273,kzdwj
3935869703,epmrs
9239270156,jkiok
1494779956,pbtty
4534589137,bqddy
2302587866,mlwsn
8760713770,hukmb
3041741286,wczxe
4400845129,ophhw
9087279511,qvrvu
9448445884,gfjqc
4138342437,msieb
7196340626,acobc
1383336984,fldqd
3389032570,jckwl
8344555722,ecnyc
4227674793,ndvhx
6507552709,rpyvz
9143379756,umjvy
2854320433,qcjxj
6725154591,bthoc
1364222149,ghpvy
4996192767,wyblc
6590891260,lvhkv
2932600273,fiowz
5069550822,kldsa
2094860325,mzmol
1710092272,lxraf
7997597055,snwuu
7636803903,zyxfz
1322887606,hazsy
7710206207,mjcrn
1816774014,ohhnm
8311844327,qqqjl
4596754130,lkgdk
8263029450,nxgyy
1272744829,qcxpt
6815430458,stjbo
3200123652,dxxrx
7664364734,xldlz
5347842894,dndft
6644301529,fdmlk
9959908646,rdfhi
9894276095,edllv
7351734417,zzhqc
3204513070,knrfg
8596086965,xvchv
9825554535,fwtvf
8448886897,hleuq
7864180501,pvqvo
7300506831,eixji
6938663770,ujdqz
4738616889,mlqah
2460326380,uovyj
3467176221,maqhc
6554499770,vxown
7623625036,swhxj
8907381523,scnct
8236324684,nistj
1395918847,demkk
2163633387,qrhnp
2323520944,mcryi
7649014636,sejwk
2338258633,vsrcv
7165047399,euxpi
2170371989,igfss
2433826781,ojoio
8306995501,gethw
1316031031,mkzba
9100397627,gfzpf
9163566691,gwcrf
5000731961,anztu
9416214988,vfvaf
6471086902,trbzn
9132422718,wvaib
7416892575,byvji
9273134934,jisxt
5369422635,taqrd
9243346809,sedml
8900584578,elkbd
4731256624,mgmgt
5945495030,prfoq
5405894140,nhbqs
9887801582,prsze
8718052553,oktmm
8418054205,kxuih
4245985337,pxsgi
3149372361,bqcft
2787068567,uamlk
4292865365,zphpv
6698136948,qrtxf
8702357937,yccvn
5042678004,kvvjy
5242113826,pegef
3493316795,zdyfy
7495281651,vxfil
5291247224,qvhll
9911978033,tcrkz
7614022338,aepge
8577891254,xahwo
5214852920,mqini
3838945326,icqpb
9601194157,losaq
2059744929,daddm
8934879521,hllyo
9537499922,fpxug
1064905421,lptcp
4371407792,nrtoh
4255820798,hoyzl
4723241850,gmbek
3474504825,scxkv
6444348596,haimn
5555293341,tvcdv
4711199662,prnkn
9191330264,cmdal
2387886930,tsnxf
9618587888,xbrjd
1902766949,snbgq
2089134550,lpnmq
3003111647,levpo
9909003782,ofmpa
5885952170,vpeur
2696797378,uzujw
8076534746,qvozk
6478708989,xbryt
6571994987,uprrz
2251382379,siave
8360937170,iiqvh
6677137142,vtffi
2486297672,cjgtr
1358121125,pbjnn
4436506438,cadgm
7786093920,jqjsp
9953362105,xddxw
8347397490,xpalc
3623540747,huvoh
2073201372,sscau
5607347929,dssfs
7557110773,rtmru
8953062217,mbwlm
6111365673,iytby
1055222002,pmmfs
8217365282,qfdky
9578669224,mtuxj
1224005380,ednbv
9535402448,iwvej
3547302758,gbdbg
6544237769,vsndu
8273788316,fenda
2077942310,cjnmm
2398590187,ghqli
7222488146,htbcq
2374154248,wmbdt
1124553432,waccz
1388895531,edlwh
6432646012,ptvci
5751093692,qickm
3957298575,mnyrl
8249584887,ecstz
2732889014,viiyy
4984562632,vbpnf
5252928982,pcknw
1822317682,dlaev
4014558962,jptqh
7171926842,dtvgo
2241545937,gmntc
1524034766,ajzdn
1213096835,pijjx
8613729577,mstdm
3993081248,zzyxq
9578383932,auejd
1907393328,xawkc
6142710098,fbqmu
6365049172,lyubv
5822194198,ppbtm
2990895879,zfznm
7554655125,nnuwf
1184682036,okxua
3204438989,iqmyp
3680601301,ynxtl
7270549283,llvvl
9636844001,xqsah
3855000239,ffbsy
8429603037,kvycq
9561853718,nbvip
2982585750,bribr
7176759727,ppqai
2199762287,ygnba
4018470496,morxr
4991714730,atisc
4510943552,tvuki
6463899644,jfoie
1285619557,ccmjf
6085741415,ezeyq
9005360287,mhwjg
1450678589,prqec
3179145511,tbtzq
6490234938,zrnkp
8577529313,fqqeo
5446306369,aoaap
5284504395,oidfw
2901613138,zspwl
2809103278,kzzzw
2134756335,pfclp
6811195271,tsoii
2458637771,wpysn
7821638020,jatbz
2491364358,xcvqm
6414517937,pvnyc
7678398004,zncjq
3808751879,knjdn
4985815584,scmba
7472840361,plxjk
9279793451,drvap
9035506592,zyaca
6290010270,xppel
5329758549,hayaf
9539276979,nrftt
3829698380,fgpaj
2148630447,olrhl
4977276731,rqjfn
9850205682,uzlrs
3567021920,pffon
9243743260,xlybs
6982682558,tthhk
9280969792,oqlfh
8301735402,vvbeh
2646180518,gxhac
6673906080,xwzcm
7910483529,amgwj
1444588366,kkxgz
2007348040,whsmy
4961799287,kbwxo
5413443715,jhwnj
7489478576,acxqj
4665847133,oihiy
2997264681,gjbdh
2117979942,cvvgy
7690123162,tnwdv
8849702185,tbupt
9969406747,iduup
4560555442,oplry
5693789954,bzkzz
7876893379,tbhey
6062703772,befil
6873890914,sxahh
8146285706,conhg
9398009082,osvcf
2997397612,hdmhp
5994505642,lqrsz
6415006966,ipjsr
9376076458,akrdf
8707069046,fujil
2716154582,xvibo
8670481801,itnyg
4273867226,vletx
3898138907,zugyd
7716313575,kqjjv
9371237799,xpklu
1584045988,giult
9926076489,gdsmg
3596267334,bxgqv
8927399208,nwqmg
2567402067,erjom
9016718875,ijofk
2483044764,dmcxu
4507089722,haovq
2746576701,ylcgz
9498970526,mboep
8597230568,mvtjq
3067580433,smbai
5833329319,tjgkv
4767465766,hezcl
3976224016,jmqku
3631869965,nyntm
5577153682,dayaq
9281016027,urqmm
6210985120,jkkcj
4036977573,eesss
8802991721,dfwky
9320317219,aticu
4216722887,zidcf
8983686158,rmfzl
4728440282,yybmi
6747921238,jffkn
8735418858,ozhzv
2579258071,srern
8924376886,qjkoz
1597600956,pckym
2127148254,ckpio
7898868275,kigpf
2209776675,vkvaj
7865256935,ausqi
2502300033,nxuhg
5153463820,ztghk
9753250962,qytde
3285723013,vjlwc
3881288752,qisjz
5484678884,hajsn
3522033697,wucuq
7993832206,olbql
5362981531,oxipa
7915744246,fbubk
1059792668,mfrgv
6389909297,gwdxj
2315906388,jdlqm
2367863027,evowq
2760679802,roztp
1164775460,ltvvb
4571729330,ifift
4665639733,pnioz
7683786141,nhhuj
2240582326,cutpn
8571626704,nxxnb
5321992307,jvofg
9832067686,hxjkg
1935106062,nzcio
6469023658,bbwrd
4449798387,ozxct
9362433386,lymgs
5590493115,izwsw
9436964122,ucqjj
9529496688,adglj
4350043724,aztel
7415591753,pkvre
5338534773,ghgob
5906438725,ujfgh
7207229716,itkqc
2433866570,zxwqe
7505780555,mhzgx
7718227150,mefgg
7492616908,wopsb
9864172935,qynna
6759292280,jjaxg
8054222084,pvuzs
9187988683,adndp
8563470192,ehopw
3150366701,jbipl
5701240721,ozsxv
5494609233,puuzz
5807574665,afvdi
7689512186,kajpp
8212601219,bqygf
6721304533,gnmnb
8109410832,sxfbl
7754857308,onbsi
1715522210,bidxt
6215830203,wquex
8500234648,czcrq
7282635842,trxci
4602585848,vpgki
6570586380,kiwsn
3869663532,ezhou
3320326877,fdjfa
6370067581,scfmz
5112996224,hlcvd
4703343407,qyabj
2910975657,cvlll
6152572276,nvlwx
7848385125,axkja
2018735008,fnisg
1404347733,sdgyn
8992163532,nxvqg
1136781554,bqxau
8485016951,zegzm
8305452116,pxeiw
3315605390,wdvek
4586887875,jtezk
2862283739,bhwme
4551171355,sezxw
6867396663,vfikv
2390805276,ailtg
4218221221,ddpjh
4340085599,nojvd
4900878342,mhtfv
6036677357,bfqja
8826455333,fnkxe
8819164701,jwdtr
7321505236,ugecj
6700495741,okpdr
5513521302,tqhco
8082915227,lolbi
8561962849,olsbj
4337659421,bcpyn
9978356873,uuani
4633113657,iehqs
7647067090,uczmt
3768612651,yahqs
3088245462,kaokp
6477149891,vemql
1635754271,cbogy
6295051026,cvrxm
6830356097,jlamz
8559487247,jcqsa
4193560077,urjrd
1194947200,ueeyv
3220938427,gcedn
4653527151,sgyax
8205967067,mpmcz
6169612367,lwgtk
3547044287,yfbjj
1676415405,goblp
3777853065,ducdk
3362932163,cubui
9851613182,xzjpl
9156814916,rsuas
2845506256,dtfds
2082548758,qbbqx
6561207206,idcty
3983355555,iusex
2457172740,tuscg
3860488479,dfhzv
7445464064,vxveb
1069279484,fslkn
7121683308,bfijm
9310216508,defjv
4377006462,gjtuk
3150502480,kwzsi
4616913957,wutgj
5507556423,xaevh
8566419571,eyicy
3407376283,tdezx
1697219997,mwdfr
5307557347,ftwny
1667126621,imapi
7985987652,hfefg
2410229959,vpalo
6676309401,jlpsi
4295326590,joqkk
5231815478,ynskv
9235391888,rgouk
7034794523,pwpre
9340817344,fmqme
1961766383,uxdks
1180089662,nocxr
8937303272,jrysv
5217094138,afanp
8776841441,rajqz
4436632656,zpodj
7316967862,bigfe
2378940469,zrjqh
9044346276,btdeb
3592044554,uffju
3785377777,jxhyl
5965118763,lsdju
8952311106,qjytw
3810207284,eulsx
2888114910,trjgc
6882181538,hnuvs
8864108964,rdoip
1449550126,kcsfq
8725585745,kjyqq
2582199346,rnfoi
9134088222,wfkyn
3740218043,uusuh
6240040486,udqcc
6551702688,ojllf
8544824364,yecen
2466956995,brqec
6655743006,axmfg
7054720464,jimwu
2072895838,dodee
4297484205,ufmmn
1323099765,pofvm
6508864994,milpa
1445376082,xvttc
2167623567,seukd
2198919736,qwrew
9948312084,hswnw
6326765031,fbusd
5441392148,ragkr
5609073734,gsytt
3084084654,qpilj
9978994019,xqbok
6677096225,wdgjq
5575912016,xadpo
4240060297,cvvrn
8017687054,dkdeb
7068002063,gqyqs
1706872236,cakwt
9369018495,exozb
6013552801,csvas
7298884852,ecxss
1906752824,drbhk
2649636573,ozddk
3092454512,lgbln
7568408713,fhxue
2351268270,nzcvs
8219567386,lwdek
6835266650,zmglj
6719851280,hnthb
3394058510,zjwno
4883311548,tqwzi
5350527662,opdzi
2005512131,pokhy
1450633747,blqfu
7294179422,rvgmp
6607711406,zyanl
6862448769,slczy
5896516428,esxaw
1998262432,rpzwc
3106519762,yudpl
4228745392,jnnec
5880107585,wkoun
9480574150,cnvoi
7851693573,wrbkv
9283167201,owycl
1692989623,trdmt
4733814023,cdcai
6830691228,mbjzl
6447566316,aiokm
9777796216,kjwvr
1020004542,caufy
1178490141,dpaxv
4972919692,voubo
1656389833,jjikz
6882135929,ncqik
3767643503,ixdih
7588053162,rymeh
4522129712,vpqud
1849165544,tyqxj
2691495738,xemfc
7494678627,wppym
3947979831,utiwe
4930377951,pgyth
7153035241,ytkoo
9093861870,jwhna
3165254991,rfbpf
6549629893,bmmln
2927092510,svisq
1818227553,npggn
7155984076,dwynd
1342785375,aiqrv
1290498215,nkffr
1244604851,veqsq
5733128577,kpuuh
6624970582,marbj
3748663936,fptih
1138225044,emwgv
5806070736,cylxc
7827149778,bdygo
1818052215,rbshs
9202151873,mcaas
6319705572,hptbj
6621403502,hoivn
4769489293,hjxmu
5916698998,pwxwp
5460589974,eotml
4975636025,pbfro
5371866488,qpyec
4198523061,ptbfj
3420531554,mtdua
9382256584,nqbmz
8289130576,adwvl
6749527738,kpcyd
4659519148,vrzrf
8198808373,oamtx
8671055628,wtakc
7673616778,fprku
8869063946,whvsi
5014136533,fvcbk
2570936786,tseht
4334610195,xxbxt
2720326477,dlrgo
7097033747,iquza
2197638739,irext
8486938059,wropu
4801886355,cmvfw
9114939534,tsgvv
5965617489,fzhqc
5379872651,fepns
1215801247,uskiy
9877421246,dytwh
7349995952,xhjoz
9325353209,nijme
9582548176,hjzpb
9055021185,gjacu
4153111642,zsmqu
3738266955,quywu
3849528138,gcado
1295271884,ljndy
5518348138,zrmku
6296871696,rslbw
1768970185,hxcex
1542739764,karfg
4527326073,cnqyc
8197765251,rtrcp
1436664592,tjdun
4110941420,nlmyg
7332780359,xmjrd
3438932161,atjxn
3123673253,lkdpr
8948764185,ufugx
4807798635,vogba
9910503205,uuyqp
2879222149,lsqis
9785132886,fccta
6326216827,qkogs
5091860406,rwxnx
7659259337,nswda
2991306316,cecvr
9361068391,petur
3417065382,motbw
5075764063,gdlng
4475874672,dumab
9305974462,nqvzq
5581053337,jbbtd
5750776404,wrizl
9120251592,epzgj
1765416967,xwylb
6393549016,dgnwk
7052957222,xwzjf
7619999037,xuywo
3637267117,dcppm
9639215721,quyhf
1908529519,tzspj
9559815132,odnls
8842793858,xxelf
6368764272,sbruj
1064244806,sekng
8397810853,pjxlv
5401549464,bcwas
6119398490,mnewv
7475407707,najop
6886436037,jmpnq
3217238298,jqepj
8178155999,sitii
3094000228,dbfcz
5420961584,vfdlh
1087479137,ehfrm
3604623005,hfvga
7372326897,fhphn
2942868727,tjhqm
3794145971,eqguf
7208917121,klcdh
2169352284,glvxj
4008024073,zhofy
9832471746,hsgdw
4711266856,boesd
8641470597,dltay
9757794446,tzphw
3607213997,hwlti
8934942843,cgzzd
4821047093,zmhso
3797385002,widxe
7786319770,ztqaj
3346044344,ecshe
3727829166,effde
3279741829,fuqnq
5494818003,mpeod
5815122344,bjvkq
5789773095,zioil
3358444441,lczpv
2600068864,meped
4406362582,zbiat
2342249791,wjvlb
8044565144,nuatc
5430966211,ehzis
4402845204,uivlb
6368253942,tygmg
2289189382,zjzwa
1616256608,nnjbt
1402108201,lxtzh
1122419869,iyvxz
3901122912,pfzzq
8099501035,okpde
5012646406,abtwy
2809697059,nzkut
8863369455,lzdsx
2717822369,nuzyj
1902174216,qqatv
4904523862,mpvod
2326244845,trxhl
1117089777,itqit
8452672590,decpr
7167388082,kziat
8567231915,egxdi
2262807766,dlnwz
1498674941,dpysw
8288175602,ndvzy
2380052797,kddsw
4929811524,pvgxf
8590691896,chfvt
5504986891,dlwev
6732109749,tnhfg
3762481165,lsgei
1913982638,ttxlk
8522630846,taozb
7088637501,seiux
4189393514,gzhby
7126480045,ftijr
6686840877,jgrge
1543797230,jvmwm
7031911021,hrjgx
4063338605,rqunj
2807423873,paxrw
1926936159,owkzn
4580619138,zlndk
9666824190,ytfsq
1907578021,qwhih
9895258525,ahlkl
8955900319,fricj
1657471504,sbxdg
5856362490,xfsky
1140706328,jiahe
6392148319,exbkq
9408898729,wwbki
7392113175,ppmgj
7877471802,yxior
1420823156,nxyrq
1224107368,ariwq
9823526712,dqvtt
4158680580,tniyb
2884351051,dcpbn
8045571196,asvls
9504743035,cixkb
3008211032,kxkck
8297664274,yzlaw
8718222101,iecqg
5831192525,bqkxg
8435591064,ylflq
1224042012,eqiys
8225818382,tetbv
1959098384,ljose
5502770542,dhdkz
5833455865,eipij
8557102173,stwqx
3172481284,yhonu
6839353334,sesef
8095506553,vcuse
1295548886,gwnyy
7233641185,ukuqw
1692979503,qlgor
6830320196,zjzih
7824259208,pldpt
2680159186,rtxvl
1253952881,cdsnr
9678743156,grgmw
3238009597,wlwea
5421702885,qkclt
9617979624,dxugv
8089998072,vejci
1789769519,djduy
5761618943,czfdr
8297040287,klypf
1112031546,uhvtj
3642132126,dvqzr
3673228359,nfawi
1634355947,ngakp
2393200733,hplji
8165722734,dfykc
4458091163,orwta
5238777187,pkjvt
5640837009,bqoeu
5065491912,omocu
5535267196,phcjq
4065843011,bboty
6974791006,qrzyl
8794977040,fipko
6772233224,cjech
5279080076,laozm
6172557663,shige
7567702030,bhjuv
8535685149,murcq
9898974188,ijppz
2932324291,xotui
8016297042,bjmzb
6988128045,avlio
8584439744,xexgy
4100915706,iimcj
7259586404,lbzab
2723162653,cimdj
6513548660,vblxa
4678326991,fwzop
1112913573,opjfu
1256710521,evdhy
9103232260,mvgce
8142119973,snksu
7625327975,sgtur
2113796893,dgjit
1596346222,asbtd
5355612339,skuwt
2257798352,ckryp
5954975941,lktwq
2790221510,iriww
3042286615,gihup
8573360787,vfltz
7123917492,uuydr
8338546184,pgbjh
5185500185,wcelt
3944753523,eaknp
3623620453,jkoho
1832681737,cwegu
5851178820,ynwmy
9166072283,hbvxj
3867729676,wqzmi
7483227003,gpqtz
4051148179,pwqgf
2347574566,uvzjs
4230938511,hlnrq
8049835464,bypsa
5019230539,rrmmt
4207330441,aehsv
4772611277,pfati
7480103004,snjwp
4844526094,kfsia
6802546786,csynm
8378963151,oebaf
3140752160,sgsvy
2425322728,rcofu
1355827004,roezo
9768530355,afwrm
8373344855,lgkor
8777532462,hjaho
1673861243,lwvgt
6009052904,dfgpe
6732134215,xsbsh
8137643046,ofgpo
8143758158,wcafq
6974921899,jfvuq
5117818300,xdtkz
8538735806,xjmiy
9122375192,nmoud
1677223279,zeosb
3351458497,onblf
1363192446,wuocu
9344927857,nbqdd
6462064575,ryocr
7175110228,ezqhj
8660794768,gyfsw
5399874536,sshdm
5897737158,yszwm
9718818348,dampe
9415255837,ezsdr
8992930495,pbzcm
8021361582,lpjrk
1916424417,bndmp
9363645842,shlkj
8944066125,ndhuz
6981201324,rnztq
5578183833,vrolw
5701958248,rsiko
2677107949,pbewa
4829074230,kqmdz
9162338273,ekitc
4300224379,opzfv
2191541188,iilwo
8603114991,ococb
1157369643,eguzk
8444700096,kqwjb
9703732152,fpdbv
4230090402,jcxsj
5900495243,vifhs
8408798532,artas
5573438699,tuilt
6288010848,xrgbv
7744014310,wyexc
3535897191,ejvtu
2102983970,ojwdr
9565451923,wdiwz
4723408626,pnvgk
9905770641,sahxr
6331962963,jbtfp
8884834460,hueph
2652131119,lvuzr
1854405158,ipamd
9862819395,zemjq
2043923507,fezsu
3492899728,wunuk
3765428026,vwvuf
5495291685,onpye
5389124527,ozdgo
9160244719,fdufe
2453459015,nxmae
7790595991,kaldr
8493286764,nvdmf
3724308565,grglc
1396381932,rizpz
6146781299,altql
1361380810,jejkq
3778927486,fhyww
5281081809,tjvjr
5251833136,pjgcn
5881857226,xzggr
1819518569,osumd
8140276217,vqokw
4185168213,lgnbm
6901541013,arcua
1975769056,kblpl
5285964094,lfafr
8019949783,memwu
2739186997,ylkuz
1500653684,zssaq
6774704291,ffsrv
2496736457,ntbni
4401130396,dcodr
7599182325,azekh
2466468984,vdpfr
1749999706,ruicc
8759379696,yzjeh
4011588729,roold
8420048161,jmldh
4785250609,tjhqq
6752796517,gwbqp
2692883204,mgjbf
6869961255,lhccs
9474358024,myema
9726088548,mfcgb
7581561808,yzwhh
4631415987,gmhis
7323596392,hucvk
5936297971,iwhya
2622113343,vspdy
3707798230,bsedo
2054097657,rneks
4970237918,cjnuf
4299578501,znwov
3278700577,gnsvq
8395795663,aomni
3464363403,alrou
2370867876,bikqe
4593727353,edajt
6486770438,hlrga
5605779523,iybyn
7977267901,twosw
1653928630,kfuux
8635221143,kmbvu
4611032222,yrzrl
9737680748,idywh
9677254902,hodrr
2105539262,hihku
2533305061,uqhpk
1445628138,eharz
5806289858,smjcg
3663785276,nsuku
4430274190,ncssd
8791655218,zmeor
9063871941,pgluz
9556895511,cvsfh
3867687651,lmrxb
1463680001,ijcsu
4955528755,xfmbp
4161198227,jhjvy
4713152984,triic
2036783841,usbis
9069878056,fgmyj
2270679463,ljmkz
1485128528,crhig
9938774715,qgypm
4478659084,ibimi
6738068030,qpnqc
8833883286,cahjr
4880880950,lbeqf
4337440819,zrkbk
9745391775,xudon
9674435955,nlyyo
5845127189,bfdat
7446352644,nqecc
1132591462,bsxes
7415103859,zjgdk
4201065556,ehmme
9540097510,tvare
8638909549,wuspa
5013452371,wgohf
4041909310,wmeom
4627299487,abvoh
4226548678,ldcpl
3322944706,rofwc
3698618969,pbbkv
7560572263,dwimd
5507515328,qqzgg
7359713681,swwjj
2454985210,oqggh
5574253900,rgqur
7692857030,mjgjc
9520349017,bwkwz
1503234124,uwatr
6684879249,faowt
3085814748,mlvve
4863250780,kzasx
9294831304,dxjwf
7515907954,kxguh
4626221113,yopei
8775686240,joyes
1289828494,rfamu
6269848535,itlwu
8873298631,rfezb
1712174290,ezixm
8144184271,tlkjx
3886735493,hwcyg
7142015178,eyifs
9662183419,erimb
7547606048,lnvpm
6879561397,ovais
4661060495,uirrh
1767379082,jzwzh
7832218785,tyhxb
8838730019,hrjrw
2221804133,mzvbz
5926713955,bxqxr
1986747332,avjhi
6682498438,puyid
7552231578,dhhbm
5306077451,wavjd
4644532822,lbyul
2094945122,lojbd
3895382797,jpiny
1886407118,duczy
1655493887,erhol
9722018606,cyijq
6333249696,pgpvs
6322089269,uwwqj
1158579981,mmqzm
6363997586,tgtqu
2937577470,nyqkk
5313904369,xntyu
9813014362,ipbwb
5006265558,ewoda
1687514394,lilms
3551965914,zjogb
9477079736,jghge
1547148401,qeuhc
7143693993,cnaur
9301801886,csqer
7660106556,pbczw
1228227184,fpctw
5485763220,epbyw
9845796068,tvcdw
6726793924,nbfrt
7839176374,deoys
8661419968,ptiha
7665741072,bnryp
6550853502,rtubq
4355457785,isbmo
3561459736,glpfc
9376084417,mtyow
7509257613,zqnsr
5883349639,gntrl
5881439623,xpebm
2003047459,iijup
7040628685,rphud
9710631442,mgwxy
4686554328,dxrdh
6377894094,qrhpd
2627189857,dcrtr
6683277652,uoapx
7534025762,ozktd
4347503624,jboec
5643654523,mrpna
1861999981,zhvxk
7357849771,sjiuj
4246826433,ugxru
1543672543,qsybj
3339684082,tltfq
7977968512,vihkb
3611338197,uepaq
6655883676,pcstw
2254139536,qdybv
2501997470,saxrz
5401665928,mgmym
3593886573,uphyy
5440420265,eabre
3287690033,sxufs
7007830896,iqpmi
5621026295,zfyat
1066138761,xzbvr
8919153805,bxstv
1347643525,jvrwz
4850992904,hlvua
7799877036,vzxdq
3586023209,ctgtb
6302364713,zejfd
6073166498,ajzwr
2412606333,peymq
2286804166,cyjru
2376590407,vusqp
8852623445,xihek
5482743937,ndqyq
1423559120,sruog
4357387744,kjnug
9528836770,rblhi
6973913142,bliqx
1252524762,lsqvq
8956874742,enjua
3758137571,kwuih
3619982472,uvofq
6528867833,cauhm
8229818387,mmmqy
1831624747,prwpd
7000713276,gydmf
6303966247,rgwbw
9587001499,irhmc
9474383729,rwcyx
5743275261,kznni
5701427108,aaunn
3884357460,yjmmr
1917689494,nsliv
3077238121,tjvam
2695702032,bttrd
7551861855,wevcm
4583885572,vpbpk
1618316658,rqtju
8225835006,edkcy
3754372600,fkfkz
2025729941,ijpmj
3637019547,wiwpx
2832962649,aqznc
3143134622,lgytt
2092527184,skzsa
6324186021,tedsu
5890441313,dpyff
1033372470,mupen
9644357702,mdgmc
9794123847,istzx
6758005854,ueknh
3844685606,dkhxp
3332143805,odkiz
3674818529,onjjq
4536106032,vggdt
2144168665,qwfpx
6286484353,lrwkm
7906057988,rmjec
2142126529,ewqhb
8795355601,tsqfr
1859039886,atvrl
8430199506,krqxl
2587076621,rwyau
7140558030,yqtut
6109258358,uxetq
3267061462,wzrhk
1015215158,gwpfi
8433566556,bgudh
9284128804,nvvum
2297340488,uwhnn
1312821142,fkljn
8762846485,fvqzy
8152608481,hcyqj
5311120622,aljev
7274912523,hkviz
9645913171,bjzut
9911677224,ncwwv
3473702011,sjmlf
4946698739,uafes
5216985351,teikk
3263522103,fnujk
9471883414,zqkjp
4978083305,riyzd
8252428207,ncgyz
4710942074,iesvr
8115128490,qyhuk
9196808739,qhnmz
4132598283,xpdxz
7276609543,ewhnp
2378292300,ppytz
7236629841,mfjpj
4593562473,rocsa
9020675742,fbbyp
3649886645,eeyjw
6798819856,vkxuc
4913658123,tfcah
6594917751,hchxq
2799747443,mywxf
6516255953,zsqpu
8281858579,ozpbl
9339643884,niarq
6893079975,catqg
6455936981,xqjbl
9601265135,vgxig
8651185791,onqst
7626989223,sayvq
9737516569,kxspk
7972941059,lihxn
7982507859,pvldr
7877988707,srrcp
5764825162,hvfnv
6677821801,zwjwo
6589977376,duage
5310841591,rohva
2075549710,qdjmh
2798717661,pxroc
1423260463,ohrwu
1776073084,phxwx
3956238643,abaws
1490663569,oktem
6331742403,mmaco
2657489898,vglpk
3875447384,nrpzc
2035636627,jtlkh
7783502061,ttfmg
5389392316,fynco
2059872694,spzrs
6310624873,etjdt
9840093009,hqfah
7762597500,otohw
2871823154,vibum
7705615141,degct
8747380631,uiqjh
4570674455,ilzlm
2443351819,gsnhe
4356033977,avfve
3099429333,glijo
1876891173,qvxjv
1716215897,nfgok
3706446488,kmwxs
4940422669,izzet
9122995453,amkkf
8241576922,gdcio
7717090685,kdsns
1913047325,atdwm
9524688353,rgdob
9412424810,rxyql
8483732022,nurre
8048672099,pmzef
7608470084,obkwj
1581440503,hfxvt
6555208090,qsjxn
1644735699,cksbn
3152620757,lcuip
9998379357,lnmof
2283444322,deadm
7999155246,npild
4992929937,wjgxd
3538709381,ddrur
1001617659,anrvh
5540815005,ldbiw
3958827747,iuvwk
6236147742,mwszo
7446153830,acfhe
4508225646,iixqm
8243196930,ekyax
8545416829,cofud
6363077062,hfckp
2052284518,vzlxd
7414591559,adyex
6708979883,qtbhi
1407278558,ushid
8580189045,dzieh
9031690840,lqayl
5299745669,jvkja
2696937585,aidmz
3156206400,kpeth
3686627437,sylov
7058783856,rqyyu
3696351096,kudyv
6363350427,mmkrm
2702695231,lskwa
5086170121,ykohq
2957328817,pqqtw
6642297471,rjdfp
7743889910,kdjcf
9820681431,uglzm
8179620524,shrwr
5192746291,onimt
4081096985,wqudj
5838958605,grbub
1042993694,nkzsw
2665055809,ykohk
1652597661,ptrgk
6846026975,deskg
5996137189,ifqme
4388918870,rjnxi
7968490285,ytpeo
1477661324,rdrfm
3954072677,bnalj
2781223303,gwmvx
7021663518,rfcxe
3419533043,pbuuo
4796518683,ycqmp
6427126011,tynqj
6419604659,dwsrc
3373967953,liqla
8352440543,wnlxk
3332145893,ifkpz
7006664752,lpyfs
9579856488,bknsx
4330447720,ppwlz
2336036518,dpcxs
2762605350,rmvlk
5521666631,layyq
9925031860,oqbcb
7094316286,wcadr
1441986050,czfpj
4490320925,eqlga
7010319502,bhdqn
4204245504,xnede
8319768822,ywklo
6926604671,rhmiv
4533912643,iyxdw
4687935995,dqyji
9347137768,itdbg
9012301722,tejys
3373734610,ikqzj
2447784111,xxvns
5963529583,ruhwj
3401010073,dklwk
6334794487,kqoas
5059913333,yqxlh
4591304408,vznkc
2807831933,rolso
7687953898,vyyhh
8981157496,qfarw
5295210821,tseiq
6984526254,cxybr
5533394713,xzldq
6353135199,oceso
2111364322,vxoxe
4717983670,stnxm
2281275204,fxcmd
6536614072,vsvrw
1091407874,avrig
2940865111,eprtb
4469775685,smzis
6366256872,abppo
9865594826,qgzrn
4610310488,nyhtc
5057132828,jifde
7813511288,mkkcr
5425105450,oshfi
1158712184,pnkpl
5842320870,dauyt
3832736578,nhzmy
5110206544,kfsuc
8679900372,deget
3050444446,qkzzm
6827338314,ornzd
4469633207,orsud
2546538807,xcgeb
7421646559,wqfpg
7531946024,fhrkh
8525985640,jybhd
1085180922,xclmp
3383356955,uclkv
6721623673,wjhcx
6761432398,ybhsz
2630752811,hwtyo
5854391856,xorcy
9880260943,wyolg
6616069347,wqhgy
3824211806,icray
3911693260,zvjab
6855314272,tycli
9551458319,rclij
4288461535,fqxgu
9724635392,himjg
6053321949,npgmh
1999914681,gkxyk
4364621441,rfhzw
8201638540,vrhbe
6445477367,wlqoh
5655184595,tgdbz
5540582442,sdhiw
1273148153,vglol
4362319070,xpitq
7126069798,nxgwr
4928145688,blkzq
9882184447,wuffm
8485227597,zbkhj
9629184737,nyysx
4708321912,asnzl
8536155961,faqmr
3746388592,ustya
5289300992,pzmzz
5669064992,touvo
1367819663,ihfnx
3808972691,pztau
6729357322,jujtr
4556021647,cmqmy
1968947807,dwmxv
5572704226,lfxly
6059357757,lyvxh
6368298805,rnyot
5181077382,wvzeg
7377025034,xdnfz
9929148595,dbonx
5777326935,mxgcp
4202887947,jyhet
9258544492,rucxm
8494108818,gwlbi
5916485955,wimfh
3186165266,btrqe
5670646297,tumug
6093248530,nqvfr
4387277885,rkpjn
6286268313,auapo
3457735708,bxypv
3189140493,jgeil
5180467783,ajaxa
4815371808,bpqkm
2886526767,auagm
4237049841,sdkae
3925162128,kwsox
5584485588,suacd
8027752030,eedzl
6742465666,auxvq
4242422362,ddlnb
8909889852,hfwvj
6470743899,crvmg
9514777402,emafv
4677231470,kqbwn
2820513592,bxbxa
3823168104,kzdic
8656604649,jgxhd
5081939015,fvvip
6288180711,zotnf
3127446422,xjoeb
6658343258,vmmpx
4550760545,dgpks
1412818898,myicd
3213672516,zqcov
7716108380,afymp
9364730527,ccrpe
1438286838,kqzlt
8631902916,tzbzu
5273761275,zvgyi
6160189483,wwlaa
2453435713,sbfka
5719408620,tmjwd
7289243541,hmdtc
4859194620,rzlkr
2123074478,attks
4715496146,nygwi
1929056157,vbivp
1719166429,zrbsq
6562616798,bhsjx
9387633241,tsjbx
5054674074,hiuji
3064233815,icfqv
9010187257,qgtuw
1051763241,vwofg
4815639182,cdhyg
8837747053,cjryr
5640868075,mkics
7598562046,hhlld
2852834255,sqkti
7609827660,irayv
8212784153,blyvo
2355491665,scixw
4134196533,nyglf
9945373676,omsdm
9183868710,szger
5307080848,ywsdw
9149625217,fljfv
5481595045,ljhnq
2952507767,isdvw
8003617251,vlhcb
9197151166,jrqtu
7687565268,fqmbe
3973741286,dskjj
8585773940,daugc
3794867171,rgucy
7528369387,desea
1866085109,lgrcq
9783542577,liawq
3538318430,kgmlu
7743454305,pjfqq
8210610611,szszc
1437620246,fujhs
7487315055,lnpop
8111945871,xqfzy
2688372842,sbffc
4323247373,ynend
9531625872,scjud
4440461483,uxiaz
7724185725,ewlow
5420585789,haqfl
5304100713,coshx
8023535213,hbalt
9521205929,ygfck
5332238608,hyhro
5269926201,vhkjd
1102790891,bjzqk
7676145776,akocj
2102882593,jdkfp
4236333301,haaqi
4399878578,yxuwz
3960312159,olegb
4505444860,bdrye
8452839398,puifs
8406880396,drmog
6655097299,vihii
4081352118,stitv
9950585249,boejd
2874509708,tvtka
3571119566,bkutl
9470058313,iwpmy
3750056564,qbqwl
7183309290,uvwrg
5827703672,hywpx
8048643570,yiofc
7955316894,dfxti
1737248997,awznk
5318474327,djmgk
1853048060,cnhfl
2599134632,cgxyq
5966724048,xwpxn
4724061095,rbtka
9807187260,fkrna
1361386681,tyohw
9248108135,jfrln
4982939125,pwosj
7313935719,aclyv
6297353889,wqzcf
8479736634,lvebz
6771958930,agcnh
2285122843,kknhl
3333155398,jlurz
7867394031,ddczl
4089821252,glpph
5039890008,manzy
7684447559,sfzgx
9240592118,ximch
9083650685,xqzbu
6944762851,cddrm
1232681865,rzbjq
3439404791,azadf
8790475163,jfwfc
6649462508,dvldx
3271661802,njgje
9602768951,kcpoq
1118875429,fqpsp
9565334087,zsfqp
8053439435,dmnfm
7035147603,nrkae
7933949513,vgshv
8628226269,axmcl
2898712811,hnlji
6071007086,uiewj
4095895452,jelig
7974271399,rgdqo
5822139299,oqjiy
3242694780,kamfb
6527175967,uvjpn
8774163669,mdrwq
2482439580,xbeng
8558370957,svqgz
2524285128,jeuxr
3109577535,jwfvk
2335474507,wwenr
8012388414,emvrt
8205875030,zbrdh
9496138594,rlsza
1102571156,oetkx
3074594449,pazdf
4564824622,dmwrp
7252504465,mrjpz
5726968238,bugpu
3519268924,fkequ
2608753612,ipzvs
1623768299,mmuua
3830602597,zmyda
6164764945,lawlf
1711631842,tjphx
8684923279,knbtl
2273644720,qvciy
2528894466,gjcqh
6816427689,xtldc
8688063412,lkcnc
1832489972,lpyiv
4582482420,mzona
1451228696,zuixh
8641772379,mutqb
8380420660,wsfun
3591662068,ujyhg
9044808255,bxqnt
8639006672,tpnxl
9090500528,snbey
4464402161,cadmf
1512927918,jwhvw
5051217044,xosrt
4349640162,mmlpb
4441109125,ognjy
7589654935,uptqg
5659437497,glvjo
7254940459,ennkc
5680538492,xxpql
7737468888,ybljo
1562183934,assto
1377871419,oksqb
5825228163,pqhqo
3829705531,rkxtp
8838973328,esqph
5597264007,fwfjy
7614660764,tqsds
8040172556,aqbpx
7031025328,zmgul
8709968045,ccqbv
3326371765,druat
8690836053,fjafg
6695458498,mketj
2192933842,insna
1883520510,jihdi
6458347505,wjbol
5210688805,ailrj
5683430516,wwkio
8861437594,korak
8142914822,weeiq
6061368166,mxefj
6055429327,uskug
7204198300,yaedc
6221929613,jgsjh
9184815817,zuayl
6384001977,gtzzc
1888899748,cwvzi
1686649207,yzits
1675749966,aryxf
7236007805,hpzek
1346240213,ojefz
4509352546,lbqfa
5465022698,njxyd
4151341906,pvxie
3551298794,wjjab
5552849838,ccpci
2711591168,nrimv
9046233211,zquom
5545464449,naojw
5398102206,lfkcu
6296374127,qlkrf
4823270447,lefgw
6784195405,gsbzn
3282069897,daedz
2581632545,zycmo
6058033308,wheho
1957517992,xtilx
3616956296,qefyx
7396559501,fzdti
8427837464,wshlz
8164152911,pjuwm
3791328660,kvgzj
7372391050,vxrbp
3251234458,fcueq
1941061677,mibls
6887147297,adpff
3286637278,cxvxz
7205306796,jqgcz
3086883771,suvpr
2119301006,lgfvv
5180336221,sakga
4310408134,uvzyi
5059858895,sgzvr
1329605489,aiffy
5063541852,kmmwy
7388753603,ztvlx
3501810536,javzh
3925233737,nusqu
8812931986,orbjz
3667353516,hmboq
8270887790,aplfz
5316571046,kcxmx
6535034820,zruqn
1886058584,uwehi
6665835957,hhwfk
3033585270,zbjve
7471319634,gxdwh
7725966351,pdmfs
6117365274,mssau
5569722993,qxrwi
9077880809,idbiy
8902705139,kesds
8021172737,zpusx
8142181670,bttdr
4122483226,fsqas
2265096362,uynug
6640711234,agzis
9320539753,betpe
4697339695,hccsr
2353086266,twryx
6564365244,afxdb
1249017466,zpysa
8450156033,fkgxr
2531789127,lcsoj
8832146640,ovyjg
7596476431,xsvfk
9590714079,jtpkx
3150841266,zmuxl
7581651438,nwtcz
5646069528,ibisd
9150055703,avlne
5607432299,ozxkj
2276793707,wqjoh
6319840006,hbrza
9221068062,jbppn
3933007143,lfsjr
9341387138,euqla
7249943509,hjeln
6399088180,bgrln
1345589207,ywize
3235763267,lrqfl
2791596579,udafk
4126183525,imduv
1899254195,mylvu
2468875658,ujrpe
6976485935,wiacu
3562834036,krhvm
2196378281,siqqq
1199720066,zzwff
2608347924,gzewy
5341947288,fzfqf
5224844583,nmmxx
5125318512,lutvv
4607700444,rrxke
6069739364,gdxlo
8343946802,rtrvt
6926949045,kgvfe
6893141477,duswy
9274791765,jvjqi
7762019219,noxwt
7732476389,zfrzk
8788383687,rhwvv
9626621593,fwkkl
5896350175,reudf
5649628101,dckik
6143167067,qpstj
9338780023,rlbjk
7715087780,zqnuy
9960400290,nxyay
2368087029,xysto
5443005174,joxqy
5133809485,baqqv
6338272062,ewmrm
1172362256,mjcrk
4684719973,qtgob
5091884558,dkxyz
4987798214,bdbuv
9008911949,muzhi
6339337884,oftsr
2847964036,ntwje
4719805810,unrrg
8522531722,acdzv
9704302881,qpxfv
7121622163,ojvoi
3317360138,ovsad
9669006027,jjkrh
1520885746,blhze
2366377808,ollry
3341944542,zxlvx
2352245139,zdujn
6410866531,arwyr
8893349146,uguuv
6730602259,ceckx
2682526120,agmnd
4769181853,lfhyh
6790438196,hcmsm
5091334044,wrvcy
3802605586,yrlpc
4932769442,frmnh
9157255125,iezef
3486971557,zukux
3133197397,vrnay
5711743151,axlsq
1452213797,sngmx
2514785306,opaah
6757487826,nefaz
6307007482,yqzrd
4750123742,lbbrd
4276939117,ymvmu
9502599760,smpqk
4243485475,krmrc
8641779555,uudcx
4986169598,yyldq
2632942999,idjly
6179201235,xivfb
7157274300,kdimz
4766774198,taiwa
2207313520,lepic
5876885065,ojewj
2188599860,loyro
7629365316,bgpwy
9018380470,nousg
9456759672,ukjwq
3006992952,fzahm
1274274761,ygbfq
7672821315,wjjbf
3297108317,asrvl
1333600907,zmqgt
3576565138,obbxh
5755946724,zyxnh
9791668523,yuctp
7456255426,laslv
8462956482,aipni
3141067513,slliq
7925095215,pnkeo
5281056448,xqdal
4441306297,zmwgf
8372973311,cgich
5959233238,dfvxw
9822820076,xvhjz
7648486676,oggtt
1399391752,bznqh
7309408634,qdinl
6025424311,utrci
1056790104,qzbdd
8979693077,mejss
3322975357,wwsyw
6610728549,mgjcx
6976497793,sonpc
7086359445,zpnbb
4209128291,yllof
6426531249,lwkqq
6307697137,awouq
1396625903,slnwv
1860489613,hsadw
5906985232,xvthx
8231929056,vnkqm
1245828842,jbdjm
2069690491,bnbjz
1286595711,cdxsd
4111283322,gankl
6948259617,yatpv
1844417409,chasu
7139438133,veehc
7522360536,uujdf
8424831684,atzio
9316905119,juulu
1520005678,efqua
9307503129,woorb
8751674927,xrucs
2649813853,nmwoy
5966792182,fyvwn
4410124872,jtlip
7935949604,qcnna
2565864969,owcbp
4722821596,vtlno
9965294712,ebdxr
7720340141,hgasw
7790477947,jhiwa
3202958204,ebkxb
3924616579,hzhck
9846155785,mcawe
1028696449,abkgn
9524727200,kieur
1414148686,pyflm
2065548347,xhqsx
5245205836,yjsvx
7966675888,lepry
6362635237,jjqnd
3970079773,qafbb
1245313178,flkwg
7924034066,hpfhe
1603501475,qkepb
6276315667,lzcjp
6195113499,enprs
4583804759,uwfjk
1782200006,jpoqm
1374715482,xksna
8967015499,cnarv
5218292364,sbole
7983420406,fgoao
4856478103,evgvj
9748746627,xndyh
5742398571,vefys
6598091401,fhnym
1623672303,yjwac
1700813121,yhsww
4111728767,ertbz
4442654550,gwavc
2483188563,zeosz
5360750251,ihgiu
9144580995,ypbmr
9317449710,dbcni
5180649842,cphie
7841112091,dkvtl
1252496840,smayp
3292756622,uyrvf
8208923877,zpyia
4542647886,ghuff
5505906246,morbp
3156119353,shuoh
8120175565,ovwpx
2906175612,ompln
5563174428,glnsn
9451346221,xkzcg
7877341377,eegem
1213217219,hfdco
9401703901,jgorp
7787175904,lannf
2577488341,lnixy
1840894783,ssckb
4557540052,uqgeq
4567851718,bktdp
8117108900,oxftk
6126330159,bzhrt
8951468428,yvrnh
6383691502,vpgui
9451646245,hwdzs
4054057770,afppz
7373474978,hzrih
6405558343,rxkcm
8543523429,zcfil
4769635842,nadhp
5799337516,kxyxw
4448277369,kacjb
1805702738,ukgyv
2209096280,kfsly
6448989098,keurp
3989809252,abpvh
7763248346,hxhfi
3964949758,uekwl
5447991987,dhqya
4570012928,yiqqr
3338019756,ujifb
2506733090,skneq
2085896643,tetbi
4875106437,depsk
6016223262,yesmd
1513869253,pnzqb
2992997547,cuojn
7804831037,vhoiu
4493418600,czirl
8192915640,shkkj
6249481497,wpanl
2933910177,miura
4407991109,ffdiq
4595588274,hkzpy
2803389276,lesre
3488255627,ffeho
8590921841,klopa
9348193340,sabjw
9398171247,rbaoi
4247089106,dmzem
7716550095,uiybv
1424470146,olygd
3256626820,skypk
2263119919,gdueq
9475361573,whmzy
7891317164,nynov
4371122381,cmwbf
6466652406,obxsl
4370772999,zrhcr
1879487939,wbkoi
8455796468,gqblk
7591527947,swfwx
8048477859,pluvz
9550554280,jofro
4463862755,quihc
3516190720,gaulg
4908213142,sjswb
9661173859,syfyw
3656639587,hxqce
2281072191,qbfyc
9426886165,djvki
1711076685,ksxbq
9441360168,fupye
5767122376,ufaay
8113884178,wvnsg
1063320714,ukhbm
1635574898,xihzw
7737320539,ttdlt
5750325023,aexya
1847999611,wrpio
2992377922,ryyfr
9576632423,iwhkg
4330511079,nitsl
3526937269,johyj
4794559155,mqvck
7292006348,dgthz
8976333755,misrs
9183751241,ibxlb
1678817869,narmq
5746438056,tielj
9600614616,qqezm
7698104313,baizq
8997012665,bywpr
2371306618,zhzni
9946158244,pccfy
9702350896,lgvuh
4471399539,ylgmk
9321702286,thphr
2461401333,qeqna
4176428846,whypz
1907410750,cfxry
6046900449,hxvfa
4069317165,itlrd
8868648621,odsdk
6833182922,rdryb
8381846170,ljrfv
2881353271,uauqw
3834203746,qsbki
8131995770,gyxna
6304041915,amyrl
5019874382,dyxgw
4888779486,isnid
4319555185,zjnrt
2818673100,nwfez
3313789845,uthyb
9139883214,bunxh
4912327970,xhhep
1258476808,uzehp
1842196290,hsvsn
5715577140,dbtwz
4021575436,usfmi
9040355384,dmugl
6868884504,hvwnd
9118621531,phwvc
4208419818,dvwbj
7121537542,cqtqe
1061276719,dpcdu
9053816239,kozvb
4258267704,fertt
8777720559,vcjfb
9962168797,agkly
3519773834,bpdux
4814693187,ycnlj
1965176306,ffrqm
8888777047,ooork
1717023617,xgxgk
2335790329,ltxby
2930550649,ohmvi
9929594940,aiunf
7765046791,fuumy
8396463320,zqnov
5557113664,rijfm
7770321972,luigo
6038725000,forpy
1967338421,oeiad
7861839384,cruwm
6526924375,yltew
7612857712,cfroj
4387057421,xqaaf
1121109291,ysbfc
7694517216,qvaxc
2150475088,krcgi
1162333182,bnhwu
8203951335,qvxvp
3987405541,pralf
5463062288,ayysw
1084417040,pkdby
5798633777,fldwi
9986629607,irdey
5329457907,cwdid
9667311898,ryiej
5141944463,pgrod
4835350073,igmkr
2338821469,sryee
9136898632,engup
3441978711,xydvb
5628461393,tzxxf
1783548555,pzyxe
1766533115,iirex
6013113036,qooik
5088381927,esbtm
2390344699,htdls
2447013275,ihuld
6210191481,kkemm
5191452165,kukrm
8488687476,bkorb
8062045725,psqoq
8389748646,dwhhw
1523507952,fofvb
6810358438,nkhrh
7773131262,eikpi
4703502256,bvcna
8507617374,leadb
5735481710,mlvxw
7965441173,wlzdu
3471192687,njmpp
8447265740,txohx
3464208449,ccpkm
2600342976,jthok
2376176367,xtbqr
9155333894,xtbpq
6032071565,nyxhi
9809952495,jpqkn
6501578665,ofian
2460832264,jejck
6932811867,qshhe
6184661503,tkhqs
3439126744,ajizc
1972004207,btnbe
6410402339,rqgwe
5061254225,tjrvf
6659129011,dhhpk
3156945100,oobqs
5223905176,cagjo
6156903727,hqeus
6293238264,wjcmv
6703892800,uzghf
1978361800,yclwr
5674144543,xnooc
8356614382,tiwpf
7223125257,gzvbp
1808284155,ohdeb
5338021909,btqry
5790717010,bcyhy
4118027290,keekh
5906836011,jwtwh
2480942297,rnjna
1656086895,ajsup
1218819656,exzlp
8577739071,yyyno
9308759322,ohhpq
2246950567,ritta
9994864138,slqig
1200646803,hcdqx
1373241953,ojngc
4313967497,jcwfo
7072315150,fchfh
9249626628,uuenb
4327051495,vatvg
8954590149,obsqm
3226903546,yqypz
9679370376,kqxrf
8012474039,bcpqg
6564107937,zifzw
5771573324,esjvt
5429449481,zaiek
7657592849,pwehe
4582056702,vvsiy
9542933152,mojzs
2680215730,uemnt
5675280422,gbant
8464650269,fszlw
1452949504,ithpb
3271177218,fxwvy
3282333947,xgvsu
2217914827,nlnjf
7166757216,louri
4743313941,wjlbr
3002554137,orgec
9712701434,bulyf
1251195073,pmrsd
9020211180,wowvl
9276505836,nqnxq
2283123209,kltzh
4372637255,cknxm
1493505389,wplxd
5548170772,lyacw
1554168991,bnylh
4441844930,wmeav
6999351248,npsba
7430140012,omyyt
8961223364,qrfxo
8653155670,tsxsv
1325955006,xvxcq
8324508211,hvdkv
7907741894,cjrqh
4616063372,mjida
7938339070,ctthr
7816950726,hobms
7690430066,oalew
8642146056,iwevo
8688994622,pgvqs
6661697923,lwdxa
9516082767,wxqgn
1982905749,bqzfx
8197705656,bwqrc
5375871323,xcxfw
4443076828,rjksi
6924806170,lcujn
8134905062,ocfgu
2281465561,ciguc
1288168220,agpes
7824853715,yeuan
2646816400,yjuga
9581145053,otbmd
9310571971,zxblr
4885960156,cevjy
7735990191,gpylc
4905090768,ockfl
3529887960,sfxow
4473741009,grfbz
4016070027,lmqfr
1147258381,gyerp
7401925208,kssbo
2220741763,eywyc
4498930962,fpewz
5248554909,ytbto
3427819243,sxllj
5352465921,johlk
2617171879,ayahf
5686506838,utvig
7497937378,gsgqe
1476756837,sbcxs
2151495767,xoktl
8917576177,dsahy
3297812604,blfng
5461566315,aenrm
5596587993,muymw
3903155248,lfzsh
3199483062,lgocx
3242429761,ahunh
3512775646,bfbgz
5792562408,fitue
3767798970,lgtey
8883854910,exdke
6933871244,bfecn
1168327023,gsiet
1482550483,koaga
8484301992,yjdxr
5595696616,allwq
8837536394,aoozg
4464122849,thimj
8519185905,jxnwe
4629026701,hpuxs
4893460709,duwzj
8824742316,qaruh
4604635115,eoxhx
2767414403,eeplh
6288466397,evrty
9625813547,afhha
8866651434,qklxj
8175207964,xqkue
2525958446,qoulm
1357858035,vxooz
1603049284,euafb
2375789513,ebbzm
8868864406,dbils
5757013180,eooyd
8930291096,eeaya
1982483119,ghqex
2366873629,cplnm
6479654406,vvhsp
9058379438,fgrpa
4765717746,pndwp
5035239886,tergq
7404398878,dwlxu
7394574754,ilzft
7347300827,ucsjt
6883836997,iljht
5798826070,rmcyb
8505965856,hsigo
7226956339,vumit
4862838449,zyesa
6893940479,yopuu
1175029473,zpdvv
9614643975,rmmgg
6323331496,rgzvu
4273136925,pigpk
8333910124,lxgew
2961179689,zmmpi
2224932394,moafz
8592972733,lsrkn
1649566954,dzefx
9175061715,xyjdj
2072190363,xvrzx
4817164482,mbjsv
1451973889,oklka
5986306813,dmqay
9032915366,xukms
4683411197,pzpid
1935655970,qgqdw
1956232944,utzkd
2716361853,tgdhh
6233983826,wdiby
8250860667,qzkuh
8407198154,rbprm
4950821792,umvpm
5211806596,qmkrd
4889572547,hotom
3775230965,xcuei
6231101680,vrmye
8903771700,splzu
6358249588,pcumy
7158048762,surhz
3148114482,nfjgh
4747621788,oxfww
6804407825,jyfcf
8456674008,pufot
6283425314,okogw
3569428656,cuvup
6689417512,fhrak
3597331123,amgmr
9827124002,ioqvz
8195321789,vggqn
2179069612,uirjo
4412600137,ovwaa
9672081675,ndcqu
4266000318,ztlqn
9739002176,yhruv
8855730784,mstec
7504053483,ogxrb
2675863255,lasub
8076678613,emuum
1751272884,hqvdz
5294954333,uqxfr
1149765692,vqrhs
3724961409,rbibz
1226532067,pkkmt
1913632396,cxwws
9724666916,vtjec
3711698502,unitw
3310589299,wxzsj
2081489216,sxyys
8880380733,lufcv
6006706745,yaaqh
4236465171,ickaa
7942396709,bplbq
6227694315,hmgyi
1369903050,rlelw
8437220486,atfzm
2449356226,iapvy
6378163362,wyboo
2174618767,yuuvy
6619224974,iuzfl
9566877628,cpldv
5913006162,sdqbi
2291885761,xcsan
8284469366,akujp
9121065268,iyxyc
8175597959,sacyj
4893228362,ogtwc
1299694963,tmiio
9540910970,xivoy
6280615436,upruj
9133233522,yirhj
9008366215,jxymp
8242600884,pojxt
7081405399,onriv
7307159294,lkjbx
8547612295,wvfcd
3651767748,arpog
6085471212,rygoa
4925036253,vtfah
8547358419,ffwuy
1595869420,xilfk
4751467437,nngxo
7982962370,ifyxx
6527024769,aalex
9919656609,awjkt
7592679947,tzsin
5758360364,msxdl
3107896520,uhbzh
3820319870,lbapk
5549456959,tlzqo
8594086185,cvsyy
9167690650,uygzd
1190709438,kychm
8982606343,zxsni
4795165950,joyyn
1767603358,udnob
6167867475,ttuvp
4058478454,pyyer
5099720320,xbnnk
4366857933,okxqy
6837402487,yghkj
8115242474,hnwyn
7361404717,lspei
3601524331,jntjs
3916377592,iopyw
9169988560,orjge
7041457599,jewub
1904608727,ndzvl
9551009249,jmizn
6464156643,gsoua
4214535711,iewrz
6274488490,axkmy
5116726812,fuyqr
3956391877,kqniw
4084693003,azdvp
5921517245,wrcep
4706853986,jdlzt
7462407304,odjqf
4910666110,hkqmh
1765499255,ocbnv
9643976691,jgsdt
1162670405,mcciu
4105039784,vxmhy
3695006285,nafjt
5605716308,grpoe
3334684899,untol
3261817117,vrbbm
7411193389,vehcr
3711197878,nihdl
4680799766,gbxsl
9335886807,lgwvz
2254119019,awflv
7810850226,inavg
3155521468,dwroo
7814692723,gvuud
3326845203,jyjng
7016986210,cnwtm
2343489534,omool
9685830269,pcomp
8941044196,lzocn
8997866803,ibmkr
6149991605,tjluz
3580426920,vnzja
8238349045,dsfhq
3591736820,umgfu
2770992588,bsmyj
9117037031,kppuc
1927366162,dzvwz
8676519024,sxchr
3831753916,hvhcu
2181146620,cemov
9661624791,ryxeq
1100686402,potpk
4865149104,mrpui
9041350097,ezkrp
4002497678,qfnhz
1279738332,uwceg
7583201923,cjouj
1809929172,fdtgp
3842405884,dyxoi
7590337339,lngel
8946946671,qivlz
9135544205,nmzdv
3197503664,wyvqj
6768682890,zdcbq
5498206496,fbmba
2739508312,ztail
5061390245,zvdkj
4555243795,qmfeq
2527163726,ybpjf
7768354557,gqagb
8250562285,xtcha
3067040978,mdbtp
9753775902,alslw
7159772762,botum
1657745204,klnnb
7357016046,ecmlv
9744311336,dfbrt
7108581254,lzfym
6060038107,ytubh
6141009388,hxouq
6659337217,uguky
1735985476,xngbs
6441107215,untnk
5827459121,yzcxn
3171708761,jmiqz
5511002553,hvazs
7970704613,hmiyw
4937187254,roxng
9716325667,jpkud
1387376174,lewxv
2605564920,cljtr
7824173299,puvpr
7665646944,xuaoe
5967482409,ngkqe
6187973324,gqyum
6305920699,dnrln
5225424506,haclp
4965426534,sfvzi
7187574937,ncnsf
7454988692,myfrz
7434796701,laupo
7535643444,hozru
8936061846,vvlxh
2447144860,hgmkf
7528944601,zgjja
4029429380,voffy
8565981654,bkjho
3013711264,kizot
8351081387,vxitg
1838168771,mspsc
9457237404,hiuhx
6046515250,ooavd
9697959711,nqbvi
9351475061,iaphp
1155249378,ckxwt
9967254095,pkqrj
8347353423,qnktf
2820647136,lisuu
4533165682,kpydq
2360564758,jqslm
2881949010,gbkao
7471699927,kmmyc
4933136246,kfmfi
9607770415,mcvct
3442478643,mnzhq
4586787894,ngwgy
6291618541,cgwox
7506937741,lpchd
2358228246,fjwwd
6449274928,vejch
4789676426,mibhs
4142944771,ahfwm
2400382370,bxvmi
6372788647,samry
4154722344,cvyyk
8189703836,bdura
4696775509,pdqck
1040200386,jyqlp
8528743846,apahf
6275291451,soubq
7816727832,bllqm
2719979311,yfexz
8709273519,qvehr
1234025117,wwuns
3018792556,cfsuv
9604966463,mbwsd
7573162023,hppep
7306673134,hdrvo
5025169137,qvrmy
1504595068,gjzhw
2060902731,howkb
1555103493,ooavg
4188971772,udoqx
9966847196,jjwdk
9983923858,iqksr
2911151416,pcobj
4257910857,obgdw
5010592563,dvaqx
9422093229,nzzsc
5851799843,qqenp
1980177719,eyurn
8584808777,enecn
5168027571,xrrzf
4167614275,mnpod
6868279492,bnwvz
1871866007,emuuk
7719296830,ldcro
8897743854,cehyh
9195936785,udiso
8136517123,cpeka
7004182500,dsesk
1967293580,vnczs
7798525441,ibqgw
6107438739,nmovj
5262199975,ekphw
7199780669,rymqh
1915791293,urdzq
3407337149,kjppu
3964087365,rcrha
7381590421,htcjz
2950682873,vylcb
9027907425,curyn
3436382766,ttipj
7347816738,uxrew
6845096535,dlbid
7949624010,mhtpm
2584716967,febgg
9226483111,ilmgt
8577041962,rrqxo
6032154765,xpehc
6363539271,rxzqj
6740985788,pecwi
2669608756,unjlu
4049929131,jidrz
4882283157,mpxhw
7224886174,ulerj
2076946094,gndlx
1236099712,szlsq
9683619082,vdorm
2503764864,nprgr
7734504644,nmftx
2193801346,dztyv
4836773375,yisea
2112817859,zaasj
4655269455,xkdsd
3344386209,ywbgx
5654498745,okkoy
2253810133,zyltg
8920063768,gptpo
1505028677,hgslw
8963546212,xjlga
6818878117,rhvbg
3072829441,ipccf
4998893422,uxlwp
3995335184,undda
5422797356,fqjyl
6883542006,wsceq
6906228748,temdx
3791885051,yiamd
7638269141,ocdkg
4200288136,uryef
3972472234,ojsbe
8647239129,dkafa
8072626798,moznl
7155082886,amsqa
2954090741,fpdhr
3752758898,bkjqy
8802666342,mhllw
9697153751,tkscx
5285628544,qenai
6535262636,ahpbx
7223773750,etslv
5102850246,ugbjo
8337804096,knbzc
8970385744,dbpea
9915493804,admmf
6576262099,nxdda
5808673262,dlwdm
2790402055,plkqs
5566696587,vmrip
6851381793,cvlwl
3667934813,fkdnj
6264773677,jagga
7831283108,josau
9134831803,xvyze
8715221508,dkapz
3296387189,pxwlh
6314234465,avjsn
4805980876,zgldz
7403093291,omsti
1060060712,nydlu
5967295336,ofqso
9248308956,ecwfu
5680919357,zcqck
1956363666,snbeh
9543258940,svncj
5287106461,wpjxm
2934978093,zoabn
3545110648,nwdil
8946123243,unwwi
1610609167,qbzsj
7959611353,fdycp
3208377529,wvnec
1665974565,xssvd
2963769560,eqhca
6204300631,fifix
7804724297,ejzwv
8009952395,utafp
7807932967,xkwhn
7297663092,grumc
6261211539,yjamc
5104809902,diaqs
3089280264,rhlbl
1116628465,nxott
7468979951,nlprr
4859954145,oswok
7263772572,ptaco
6927637159,mesia
3937320961,hpqhz
3036697904,eljej
9616216810,zjqla
4972165797,borhx
3156919803,jxtgp
1395570061,zegrc
8688736345,ejups
2272892326,fzegs
9678373180,kdymx
3317579578,hugwj
6159063718,jaujj
2708992304,nmymy
6873562810,uouim
2344428428,mrvqn
3724235389,sszsv
1154982020,psmnw
3404500989,clolj
3741739061,xlicf
2943579731,ywryx
6678500236,jzcxx
3184377988,pffyf
8731025556,qjkhb
5640701128,ntvdj
5902399433,nmbka
9644879040,kipzi
2557676545,ymjfv
1373843706,hzizo
8384923248,cmnhl
2735156692,zjfkn
5409886632,rfsyg
2515529675,aezqe
6171478361,zhcmh
4521679806,aasvf
1219061541,pvaxn
5009986006,jygmu
6267315024,bkioi
4633658460,jsfbw
4482211235,tbbte
3100067785,schcz
7711540803,ozypf
4664476994,ztnwg
6677067301,bxcnz
1576339875,mnnuv
6204102218,mvzfe
2539447775,pinqs
2409419481,kfxrx
2281988935,hlmfw
9331840073,cbnfi
8819853671,suuio
5034051273,kibfc
5785979957,wodmk
3347556216,rbecv
8586299230,ejowt
1837519238,baowe
5237273522,axtae
1164133702,pfcpr
7882217598,frqpd
8497135031,thnzx
5099661893,hpxas
3452885934,wvafi
1597116256,nissw
4126082940,cfpio
8416754858,kzktx
8082931287,hnbhs
3417949624,tnwrf
3045266691,qjniw
6889226518,vyuel
2040039245,tovwa
2763635210,kgidr
4824139775,lhxss
1659339841,haslk
2491253540,frlix
3475449660,kwttc
8463418011,yqdrt
2872010703,ehopk
3349874508,osymv
5758234139,iexuh
7761362854,aqbmg
7636433684,wwgzk
9259989472,ceskr
9048556667,rtgmg
2370135250,wpbpk
6677971695,rfzoh
9677285912,gflau
4704822049,gamzf
9864875760,vouvs
2142997116,iztgh
3921043881,aacsq
2731316465,lvqnc
3423549537,twrhg
9234117922,zjttx
1201834675,fdtix
8057988577,rbwos
8250485498,toqdw
5460896539,ysjmn
8976236149,pvqzc
9671528204,saydt
5664885784,fumep
3312732905,kbtdl
3584160699,idanh
7623847004,peejy
3809359819,dxnbm
4598651803,ceiar
5184644062,ikvhs
7385347138,nmfgs
7809644069,dmovo
8331575282,vwbvh
8038415147,bvqdb
6517477730,vraqj
6748975887,dijjx
9436594772,zrcwa
4483086445,bqnfb
8393976989,imjfp
3636157388,qaugf
1268434967,cobdm
6240129101,sxtjp
6110894734,fzhzc
2939198699,gynsq
9962755242,cyfuz
6868781953,ahjjb
9330916489,ifwoq
6625955782,bvrxk
6100293373,qichn
5338078860,jprrs
8166226795,xompp
5070854500,jksbh
7228674513,zifeq
7407818651,yjqeq
6278193983,xjrsx
6839419172,enhzi
3110841567,zsdhc
5974269511,dpegd
6024601426,gqrfc
8040442175,lvqgj
1161968967,vhksk
7241172959,ccbjo
7022647360,wsbbm
5405922674,amnfw
3047454118,zwvfc
7004130741,fcwpo
2196268096,izjrb
4583395625,nfggk
8297150425,riwuh
5640841980,fzwnr
2286982575,eighh
9926702342,npdla
6208086174,eexei
9950887508,nimes
3557187322,qqzdg
7151667209,djqrb
4884756359,fyndc
9275018337,edznc
7647141643,fndbp
6986607222,cjvio
4278562263,jrtbr
2816437098,wtwrp
2131197187,vuicz
8609900699,vgkqg
9515829439,cjpxr
7206586978,zdjim
9506127347,mrfvf
2014705787,gcnge
4844101617,oyvcs
3743154083,vcwdc
7323371412,aodnc
8520309983,vakpm
3185480579,tpnkf
6951255824,qnsxn
6535666071,atvgt
3394578261,amcdw
6406479858,enzhm
2746246775,ecswi
6539224963,suwod
7788999464,ddtjt
2378499724,zduvr
8410901036,guonv
6565571673,jehkn
4803766730,bgkna
4130037366,ztyyf
1130606634,isjiw
9982193842,fyjne
2937819042,rxzap
6011420431,ksoin
5813476722,idjkg
7391280269,zghty
4560513552,eoqgl
3804204133,zdpxy
8084090791,lfqbr
7123274621,lyvrv
6092970619,veryp
4473305225,xyjzc
5706164457,jjayr
6742846388,mnybx
4425746546,djbfv
8237945240,oysju
1232875411,mfaub
7680436847,mjfzp
7846118016,srvye
2234375142,ipxwk
7550082011,qpcci
9774467302,lzvbh
3062143237,zdscd
7413955293,zxadw
1997672223,luwiw
2696610487,jejzu
6113868349,xedml
2504786514,fmxqz
2389155094,rdpac
9039293678,dclnr
1651162098,fwndh
7854528838,sizbm
2719140656,cwigf
7331793136,ysoit
3416472588,insbo
8214839428,tuqaj
6469122831,thgps
6876079788,rapjf
2618883388,jxgit
9308378698,nprsp
5178742554,pzxbl
8783124982,drlkg
5392539729,kxbqz
6278307677,zuvmn
1591040593,qvnio
5878661188,uwasp
5987851758,hcgmy
8669047175,yhska
3059387758,vhlsr
1402255816,csmst
1172656172,gvtzt
6807201734,ohtgm
6188114647,dlgro
1281240352,xwzma
4137670211,zspfq
4286789491,edqvz
1066371887,dcqtz
7182083438,vkwjc
1896953493,glnsp
9626078454,hwwmr
1733976504,ymfcy
4155091909,hcyla
4278443538,tpury
2063654956,libth
4192316273,jgver
4079390043,mcjjw
8501399102,hypqm
2124418019,agdit
6297050903,izlfp
6812669052,pfdwv
8170784525,mfhjd
6115720374,vghdf
7124739614,qykxd
5662692696,uklrv
9918537227,khmdl
4281426823,joesr
1394122445,elzmr
3109969632,rdhwn
4329956122,wnxig
9497771291,eorus
8860646395,ccstg
9031650692,kxqij
4963925814,juepg
7770372204,gnxty
1611076789,kqjra
3884828378,osfqw
1377139033,ayeck
3441827693,ekmde
7818083249,rbwym
4574178657,lzhdk
1238751734,uazih
7913838987,tnsac
3663458966,vpzrh
2287807683,fihfe
9760235708,gbtzg
3588759012,vumua
1057209136,pvvkr
8078117054,aukzo
9556614294,bnznv
4302291576,cmmlw
5818705629,nvelf
2223990920,tbxum
7496667880,eijpp
7308129933,raebf
7701361861,ywjpv
7817096736,phkyq
6181451445,sdygu
4534139943,paelq
8527299519,sgasy
5477133976,vrhbo
3699652060,kztcw
2503638277,ulwmn
4480642202,hcmjh
6138872465,cegtm
7550490006,cbohe
4923266174,ismmg
5980794977,knvtw
6650084924,vdeth
7097269964,zhapr
9911680722,ejqlo
4045463583,wpvya
7796942453,mkxog
4824356323,bkjdn
6713620538,jlvbl
9773559024,fcovf
3617255849,ovelh
1515998313,pzswf
8368081108,mvwmq
6944435531,gdtyq
7773482940,cypxp
5772209926,vgcrt
2224807155,tifeg
1930661917,stanj
4545387684,aqkxj
3201783648,dzehy
2262929313,mqjgz
5722225309,igqsu
7441750175,rpmra
5929141534,mwryg
5115579273,fypsl
5972706429,pkgfo
1689856492,zuywe
3792175230,hxiey
9962653899,rfzqz
8534187368,ofico
3947674665,imvsf
4647167438,scwsk
9057831340,jbznc
8489247711,kgkbb
1176532821,copym
3962941296,fpnus
1808927055,jmjho
9415208696,emxan
7908226852,wsoms
7001381060,uieda
9528434244,lwypz
3607704227,sndue
2678199836,cyput
8865670686,cyqpr
8800823647,rtuvn
7281294628,cokkw
6033024381,hleqt
6143519513,dquvp
6854232255,kdusw
4496325775,vxhrn
3277273202,qmwak
6389396361,greur
1114525319,escry
1927409226,vssmh
3343386650,anxbh
7260920262,yaycg
7984951831,wsjcy
5877593146,dtswl
5513515755,lratj
5104154238,pmkwg
7481024117,mdqvp
5957382266,lydcr
5187083117,wkfjm
7252606973,vjsmb
7256996199,pztgb
4547907150,pmlgb
7163678103,iahqt
3796494704,yjvlw
7778316336,pxwan
3394480398,dblzn
2243891695,ddcah
6111420500,bssnx
2839191374,iguzq
5354236014,lfpsu
4156304011,ggwyi
5290507579,ldbbr
8263707670,zxstf
5767717928,wzupr
2788478575,vpngv
3448394608,hazmm
7867516091,mnplr
4653820158,wimrj
6814268282,pmsma
8669198314,efdls
8521029193,uxyng
6787571017,pvvhj
3642533373,khvef
3266266776,awffc
8010050398,juibp
4974132594,niidn
2715574598,isolx
4185118973,vegms
5106013198,oqsog
4845083526,qdvle
4786604426,ewanb
8115323537,cuwow
4482139317,ciyvl
6712814632,dacoi
2634768841,gavhg
3396076911,dwkcg
5156154276,cznii
8504461938,nhgwt
8104679972,glypg
2774039949,sksyu
7313724905,wczcy
1399732641,oeviw
7074810791,lylpl
5449024973,nzlsi
9943223632,pwkvs
1167160515,fmanq
9862097135,ndhsy
8740182223,eztua
9790850675,ebdeh
6633978270,wdpgv
3629325483,vrsac
2633495631,ergds
6685723019,xmvxq
9799425031,kgdzi
8682705231,ycalz
8756307658,qijiq
7837657493,kmkrk
7224749433,cugso
1500212977,drlky
3022395660,siwfi
1724187950,vkbkw
8234456226,pyphl
6895390367,rdpwc
9701205958,kjbbm
3847854815,hetly
8847394828,ocznl
2347358652,lywnb
2047773187,hhsun
7117184900,kvfle
5365507437,zccbh
9365616696,iayub
2556471291,jtzhk
1972577880,wkhag
4412942010,rknko
8091898225,hvxdg
2614555709,anoxn
2311710507,hjfkx
9372953018,ljnih
1672970430,huipf
9344446560,anlxu
3823880590,xgbwl
2667093585,nfmwn
6336088159,brvio
1624543645,vsrrc
5365300078,cgbqf
2448296044,jrkmu
2869620260,awmki
6025623703,ottlm
4150115414,kizlf
7367944697,aneki
6694283330,gauox
4383410052,fuzol
8812162799,mjihc
6041924146,kpare
7294737070,cgdwb
3300758919,xqkjl
1279619394,aywjo
2201363663,aldvi
4140411953,gimqz
4026197924,hrqvh
3229223550,hwgpc
6160030832,esipa
3143801305,twjiu
3797852105,ruvak
8612101753,bcidi
7199040574,twnju
5714324250,dtpwe
7970137833,khdzd
3453665176,vptbp
6603920436,cnrzg
9271412339,tkjvq
4956691150,tzqxb
9136284621,llgio
5233838224,xiaac
8749095990,diisd
3912428437,lhpyt
5224811996,xcwxk
5286378792,tswtx
1768297405,rfozf
4307743295,dqbtx
8380954823,raavu
2101001047,kchpz
1312420818,zuqms
7681455653,ltrxw
5846529245,alfzv
8748969979,vunfe
2129919363,ndchc
2230887360,dmxam
2672704314,riejk
8513046225,slzml
7946399296,vmanp
1034871867,dydok
7846682869,cirty
4431345557,ihcfm
6666146494,bpxki
2568693504,omuaj
6770605312,kyvls
2462147574,drsog
1268347354,emezy
2599271275,avmhs
6734040608,lsjkb
1775878384,miurk
6012995426,dolli
8681746024,wnxoy
5306913776,xxdrd
4684251188,urxxc
8998614727,milax
5573731523,dgdeo
8398792019,chxob
6414988240,apsiz
2457113752,wkdir
4145491480,dgido
6746587914,ynzii
7071805002,gendr
1915243087,qvtjn
2370946417,ycgoq
4881829962,tjxys
7564330717,chqyi
4615773023,soxrw
5260548364,ajzqp
5293812729,trqzm
9946182989,zvjei
8934902836,xydge
1257803060,uvztl
7658031054,iljxf
7127778921,rfxes
9195194258,ihjlj
2955077522,ynaos
5629746527,ctang
7103497895,xrvzy
8690825449,oahea
7818511712,dzwtf
3953611889,xhrne
1578008900,ccyza
6697821376,tygyx
9398578669,fzsrc
3511218365,hphxc
9427431788,snhzy
5978156350,xwnia
4362071736,fpscy
4723104284,qsqrf
4341174375,unoty
2771240596,jovks
1128852061,opfym
4091368932,puspn
4178653285,ydayv
9082419175,jfryk
8764284614,nwgkq
8202605453,oxyds
5124513205,azlcr
3183640556,cikrq
4842963469,nfwpi
4974033002,gfxmk
1753985722,jzqof
6141552962,semqj
7492727875,ugsol
8679143255,awoib
8551596707,tphnp
3018269774,mjncr
1486645144,vfoas
4595603069,jhuss
5854493804,kdjfm
1941144985,pkvja
2365251396,ouequ
6560911613,kuqzo
1228372865,btysc
9831345206,adcji
4171170774,bhwtf
4907037420,eiaam
5655631906,ymhfw
8172993099,kkbjy
2302410938,syzwh
2452415558,rpade
8882387876,pvovd
3221376971,jbeua
5746173324,uvmbi
9658701468,qslrh
5760854361,slrry
6498625910,agtlp
1155882677,cnxfy
1795280654,jutbj
9378778554,yhmqb
3049989842,fowzi
2590495127,vijda
1645538447,pmsqa
6614066554,ghyfd
7403276516,zvdma
8454056061,ahuiv
7190051977,nxxfj
4771778007,rlxpp
9216232421,vvcud
4493085044,fpaio
8030607045,ebayh
4811754513,bawgh
6504595705,ljrlb
9282789200,idmck
3475951807,vnwho
8220220163,ooxik
6194482849,knzzc
1685809254,xtgsx
8025806912,cbdje
4337834035,ymjuw
2547399368,tnsgb
8539849038,zuiye
3748823497,tdkwg
4624742858,irvqu
4319644488,oegag
7542864458,aexdb
7586061547,wevmi
3701655885,ymcbg
8461976017,dyqun
4142468849,bqftr
2809338119,hdgcj
8712155487,dkwdn
4932265774,tzrlw
5713989796,hjjiw
3112737775,zkipd
5595905542,ovjue
2061359605,lupuv
8368405727,nvlqa
4862710341,evxea
8758502755,hhejy
3704560832,ervfg
8932020833,febqx
9598037697,btrcn
5262056345,aiidw
6855127005,rgsiy
7028735299,utgte
9764734078,ahatx
3947687905,xingh
7762753764,irubt
4030719620,pfjgo
8279976525,oibpz
8034385491,vymsd
5494384067,ugfjb
7477319177,iijje
5333909167,mrrmn
4451015046,iubsv
1427726329,dhjxa
6894807775,rrggr
9187139168,hpbgu
6423935983,ejjal
3771460612,grwbn
7241744320,msvwx
9810786068,tylko
9128643437,limeo
7562970116,froxm
5883289033,pnfjz
3929162766,kqsgd
6433951349,euqwf
5329003554,mjbkh
8515163132,zgkdc
9677946235,dmtzm
3495474042,lqsxv
1045173059,jijwi
1051834159,dhvup
8458133833,ittff
9826206378,zpolc
8997699469,wgvco
2256493309,qznpu
7515481460,mmsnh
9921613514,hawek
8759157451,wzpdl
9320983781,ezgyc
4742752973,xlczz
4513556749,gsfmb
1078248508,rvxpa
7380239138,msvhc
6380013434,irtht
4941700080,zvcbt
5353890185,ujavn
1797466075,anrwi
2593342430,tidyq
3292105574,qefcf
3672817515,jbrdd
4108354798,sebpy
4367837494,nqnjh
8054745726,bpvit
7023306966,qllbw
4360558907,nvuww
7756892099,jmopp
5357111072,vxpso
6658320135,clvlp
2566620882,vjczd
4578779776,hreup
2562307651,njiqn
3016512526,pfqkh
9531175534,lituo
3535162721,wbovq
2721351930,ozrrz
6765438091,dznyo
9655777238,rcmsk
5298490611,udail
8974407010,mirlu
7838807242,ivegb
4458499555,vwxvc
2725502678,mibkz
1191624825,mlswd
2240209209,pcqtv
1376088641,jruxa
5069074786,gurqx
1613781007,usxkf
6040720983,lqtow
4519142787,zmqvh
4775386140,yjftc
1390530822,hcvhu
3965366903,chnqx
9163708259,gyjyd
9777921739,eqhlp
4824872310,fanlh
3080554060,twovz
9568387307,bnaqx
9319325101,vitsd
9713683538,vxkjp
4431129675,ieoxc
6128973878,qhgmx
1916482983,vygyv
9459089542,jmpis
6775595894,crylu
2282782921,jpbmv
8040561375,gfkgf
7828265104,qjafp
6730189888,jaakl
3912291055,lwokr
5512446689,ujprt
2474634851,wepnm
3108980352,fotgp
6064090969,tzlkb
2336777210,balra
6237657450,orilf
2067608633,rukrr
9909472507,snwkn
8441083042,uhuxj
5731493598,zzydh
5431291558,biqup
4936044284,ezrvj
4543581316,ktzwz
5182490754,xaegz
9248210564,jcthr
8628394480,awiiu
5413135541,vgwpr
8701391438,kintv
6035391574,nlswj
2614167262,dqnpp
4336597601,cllqq
3222653728,gshmq
8603162642,xmovy
4437824298,thwxz
8788374335,ufqss
6609684542,doycq
3647003826,qofpe
5266264303,ahpta
3796549775,gfpgw
8275840349,oxhbq
9488562547,tidrm
1331767442,dqgjz
7150781319,cshfm
4387392260,kziou
9733389990,qczop
2663564574,piltn
1436105275,qblmx
3427807140,jrvxb
9756085262,dpjwv
2192950156,auanu
8698362317,dcoiy
6784603935,hdyeh
3766707980,wmcfx
5980544927,wapgg
1878457392,vajna
2475774566,xyggq
1906865765,egfwr
8806659591,jscxm
7561387323,hsypa
9979561416,qryai
1032773979,qmlvk
9909651928,dtrwy
6560345042,rdmbs
8643122219,zhild
1376722687,spxmq
5718963625,qlvsi
8235189921,kwlsd
3828542859,xhjku
8699514072,qrhkp
6639456584,lqznq
1989608981,mmqyx
8804447547,dwqhr
6746762231,vapla
6830843947,ybqhm
9098730880,miidt
6392529238,kkceb
9605735217,uqlvv
5590260193,yisva
8755408597,tvyvw
8991982626,irhuk
3928846355,aymdo
6436626092,ykvyo
4221792352,vvpsk
9513703652,kniip
7656948494,zdslx
9983727563,jrfrt
1825121659,fgbni
7988028046,puglw
5311411240,audaj
3191267436,zbqqe
3403641618,ewyne
7437804455,dnrao
2253775827,xjeyg
4399084654,bhsqq
1951484236,kfmlu
9671890513,ldivr
6010152115,uzfhd
7774386913,hudbn
8199225921,fdwrh
3309239240,vefvw
2766904949,zjllw
3631992958,qinon
4900145924,lpqxi
6142159779,phwiz
5107303687,xpuhn
8045632808,eompk
9493291518,snowj
9843099741,vhkyy
6694166435,lceav
9550670642,wfpuy
3725471180,iekga
4773457179,mzlkr
5461854401,tkrbw
6368139781,edsto
8870191467,dkasf
3906810483,rylzu
9040810090,zcieb
1528589458,ypknl
9872476302,fmmvf
9603784221,gvzal
9660089733,qhgsi
3012176549,jhihz
1250963020,bubpg
1453102352,ghtoj
1284529594,dpyga
7042155772,blrmm
8547096921,iitdn
5414725811,rztxs
6391668506,lffod
1529456397,ixdfo
9577429992,qeihg
7917200878,tahhz
6517907105,cxsav
9492675383,rudoo
2877778370,axusk
5178712780,ghkbn
8208856784,clqve
2232380464,sfbti
4836638219,djtad
1135883016,ekply
1695364215,ungtz
2179694066,ttbrj
4382243167,zomdh
8975766867,yalwe
9472072219,hkete
5116749593,oraia
1419940769,jkjfm
5776238042,dswsz
9284652708,fzkem
5966716332,qhpgi
6805302003,anzlu
1071391465,wohpc
3970904662,peefe
2637865304,pufpi
2052288243,qstzk
9841621078,ovoaw
8820490809,cgict
6348384141,sipqy
6997926547,gwpgy
8941328366,gabkc
1287391784,xxnom
7913914263,wdabv
8371727028,ozvgn
1994127510,bonfe
4467196279,ixwze
2625883332,kldva
3194477490,hvykb
2288433803,xvtsg
5121097666,cswxj
1240640208,sovpb
1726854829,jflql
9200092338,pglzm
4729227011,aaisf
4281590998,jzuzu
5991870835,utnon
9726834593,cdrws
9149232210,iusec
1396573791,xfhuj
1438279897,igloe
2518836764,xotgm
9715147154,htxuf
4502290029,cjkvb
4007915559,fwfis
4368542502,eptpd
6053799027,cfhok
5791959518,cxjui
7099077293,nxmyl
2134527081,eggof
1507683202,qcufx
3477080389,rfijk
3844458651,gjijs
3584244703,divbw
8019688761,bfzrv
8416900484,jlwya
2033214035,jkapu
4154953519,xsyam
4762309351,jvdoa
1629437735,uwvjr
4957293030,fuofb
6695034976,vdqno
2789267608,aqbdo
5061942572,xoabp
9098267415,sovvp
4245905985,ejmtm
1212343586,lqnpo
3475944791,ixgqx
1794260358,vlpyb
8716877339,csanp
9949021789,kpjft
3385369005,jwdxr
7633253379,nzrwi
5587380733,drnsx
6992068404,nfhrg
7992790562,iqoow
4897097622,vhrvt
6834965223,leklg
4257756583,jthfs
3830701221,qilvi
6491256786,jdywd
6739511880,jlekt
8679323996,wlwqe
7323808651,vwwqu
9665322052,ngfxh
2184456775,cmmeo
1244676818,bgulz
1245632305,peeao
3304696232,zrtra
8573131854,kgaew
4508030697,jmczx
9525606915,fyxls
6665096432,zjwwc
9415868957,hvmxz
2097299716,dgqjd
2591231211,odjsd
7355339104,zhotn
5843749838,qifib
5611160728,tyiov
4680932178,cxslc
8556900527,knpvw
7727977378,ftglw
4853325153,wttet
4590633443,dsrjf
1499576362,oplwe
6025837708,thiti
6109064099,jracq
2286435544,ttoqb
8456193963,gdwne
3226939130,midqs
2740195911,gzdgw
6134568639,ptcwg
8027309486,tjdyn
1662289164,hopqq
7817962427,yrgly
2698634594,nonhy
4699457419,ofxlh
2828784035,fnfty
9204458897,hxogy
8364832265,mkxhq
2140635039,jddra
9274409034,qrsji
4942552824,ilwrp
9237186148,ynlrf
6073082300,hwuwk
7687552003,wtkzi
3686857420,uhxch
9929613878,wlpfe
7495132448,pxflh
8922984057,ieuxx
2637066925,mdptw
6477456967,hcoyi
6326608748,varys
3059940675,fictf
3458260445,xwjtm
7147871767,abyft
5844416300,wdvqp
8409313818,ilaja
6968146232,hmgzd
2530849037,pwexe
4381127119,ohtnr
1049938330,gzopj
9135754116,bdgce
3242500167,yoevv
2588007377,kvtwx
8358837279,lzihi
6257661068,ykyjt
3289110956,ahrww
4032023754,sxset
2720896163,xoaae
3944468110,opdha
1908498035,wzccn
2737166391,bboyy
9772867687,srlcw
7013275347,jjbad
2950582529,suymn
1205691740,aczjg
9017864611,rvrom
6711981545,jmxqq
9316663648,cdrcv
5492155418,ccqjb
1537164023,erxjx
9813077132,hhbue
6751089241,goifb
4575743173,iuwxm
5740155370,vyazr
4104301591,ukirw
1705818843,qrmto
9171647524,iagfo
1614706065,jewgy
5764326068,vyzrg
8981322880,oidaf
8802539026,mrmhv
4276411925,wvyyl
9737072058,owibe
2769189142,iince
9622987041,xbwcn
4045839976,ztsgs
2968190965,dftlu
4294388307,fqsok
7433924337,gjzoe
2266267222,ngchv
1026572100,ygeun
3373567088,ztivw
6607028764,nqkbz
9095942279,leqrg
3319732781,gtupp
4054880280,ppprn
3339414030,hsraw
9097332832,rcwdb
3592944952,uhenm
9341624444,rqsru
9663220683,lbcpb
1619532858,ouapl
9447220918,vihwe
7300557603,ocvvm
5257985347,sseel
8269124849,qhouf
4642706266,nckgd
2705978472,ebdtc
4965224447,gszin
5461534265,pldew
2336106581,csfbh
4992170765,fgcgh
7935168465,orzcd
3957600604,pirmo
8059629632,snfzn
5377113580,ikvjh
8700796640,fwltq
5573402800,llrgt
7179398815,hwyax
2237495634,lpkxk
8900316502,exlwp
9340693888,tqqav
8788243488,mgmyl
5100339006,seydd
9478511709,tmrmy
6392490017,frqxx
3319015365,tqjns
9460982146,cgdgy
9590807286,npwvz
7648278592,xtrao
4364789903,mucbl
6929123874,lvzvs
6401246336,arhhc
4481406557,vnwyo
4232870988,rqwoi
3051186001,errys
5385334863,ngghd
4502389088,jqhbz
4489191499,wwals
3844385993,ymlxq
7366322825,pzoel
6588588091,jqfkr
6071482888,vxplm
3656478192,ykewy
5005656115,khfpx
7368510016,zngpe
3738549303,omtkw
7710766972,osdsi
9475426669,szkst
9241453292,flbsw
7511746580,pijyw
1331381023,ciuhf
2001260252,lhysu
2084388171,xfesc
6378039756,eefmd
8197229850,yaqiv
1182890384,pdman
3857044409,uljgh
7201840296,vpqop
4882934823,mhmwu
1857850747,okhcl
1048462151,lcxyt
5385754201,qqcmd
8530684898,tijtr
3037360473,lqkoo
9328534022,itbok
2710242276,daesl
8403725513,crnxp
4189836683,nejxa
7855153545,bkamm
7396882557,cnmkh
7453128859,zpdla
5486125142,osilg
4634389649,tqgkq
6082559209,jrmjp
4063736941,fnxre
7788827061,vaqdp
5248404223,ohkcq
2651882631,jtpiv
4757421614,eifga
5986100724,orhnr
1915754695,qkkve
7896212170,xfvhn
9216034668,jdavg
1783142760,qjayz
9810191445,eidzl
5312876298,smhic
7294696910,zmnxu
8886115266,jjjqb
1700905118,cvbjc
7698532720,kvesk
2249429178,aqqmx
4765847389,gxdhx
7645233200,nbgpz
3124255185,fzbot
6185568288,tjkau
5239248503,chknp
7831014948,vunit
8152880682,rayxz
9313233898,jmoar
8354482678,gjoau
1050849629,hkwou
3036717385,ooahz
5643293940,revhm
8195072754,tshbf
6631248397,bkhpu
2393437882,umrfr
9646334112,gardh
6072656825,ivjua
6556791038,uwjry
4390700730,rluhd
9712853844,cbfez
4480055636,rrqpc
1460144648,hunjs
1604663282,spofc
9552144174,kgoum
9504420868,firjl
1135391408,rewej
6984821705,ehico
3875132551,ggbtc
1938913258,svhqb
2393070733,mddul
3063265233,mromq
2386339887,rspzv
8756890808,hqqnj
4187458860,gpcpi
4971377567,dnmio
7643207306,nqdzx
6310200903,pvpxr
8535560165,emrow
8276606108,bdytn
8479642816,lkpsn
6331822136,amcnn
5296439050,jsnml
6173907284,tujce
9410737182,dxycn
1283603500,vqcbh
4237418173,qsghb
1140355070,gazpr
3905982369,qhhut
2675958956,cetwu
5924001558,arbhd
4674576084,cethu
4850130586,mbupw
2417378282,vdrgd
9922773217,hrikd
4318332422,izscu
6774932873,wmeuy
5587895426,jnfke
8194641530,lkigu
9467554941,dezcp
3809451601,oijyu
2261559479,yfbgk
6381888677,wuatt
7886294689,qvsep
4940339684,gtsjl
9369400515,wnvsm
3936911947,aautc
3226600736,ertie
8640011469,oqmkc
5868251083,czktc
1125939130,hnsyq
8664412796,bewhu
5272197574,nudmq
4717393456,mnfmr
1034999874,fklrx
8132841119,xxedy
5816176901,tkhie
7621438277,nahsu
1805489653,ifali
5944322270,oseal
1559768528,izzrk
2906000222,heric
3027549262,xerpw
8323845167,cbsyh
3146368892,dbzgo
9689591004,jicue
1504604577,myfhs
9409829259,rwsrk
3595257223,tpbag
7872618675,qlzkn
6416576762,ymjdr
7191033489,nsahf
8017538887,qqmfa
4811115540,foady
3754421063,yjrhy
4015864388,siyio
3151149049,hbvlq
6338586113,yhzvx
6012156179,olzlz
7195680601,zxpep
2181198338,cpqsd
7828270651,glzbx
7855824555,btpoz
2603658798,ectar
5259292328,oekwi
3706189188,vuzrv
3053133405,kzdfy
9768110438,tdywc
6842487986,xajnu
1831739137,bpmvq
6951300097,aiscd
2702719212,tiglh
7491573357,eqrgu
7520116810,zlqce
4682522915,naili
9751616975,xtkxo
9929565357,oeelc
7347746209,csnsf
6924309330,bevht
4428937012,wctpn
6150384021,lguuh
7538046998,vkokr
6651405938,gnbov
1994264658,muhlt
1697170144,rhywm
4666667889,eecpf
9255755996,mcloz
4975718189,icpii
3464346241,spwtr
3683082986,xtvid
7317194126,rpspy
4632623505,hdrpm
7915773268,zkcfu
7921830020,kvpct
5813307393,yxbmv
6419845807,djmrc
9405921448,vheuh
4835258949,qpvnp
3593423750,iedbs
8322026599,qyvgq
9261118278,zasiy
6055530205,wevfe
8154418171,akcur
7749982212,vxobf
1560174264,rjyog
3025779080,evkqb
2524981563,ljspi
6558276648,bzkql
6248704859,qfpup
4955435123,zrnpj
7751165325,cruua
7745691099,uxkuo
9512807737,yesvw
4697748900,dcmvw
4486969332,akzuz
1387966444,psmpi
1391806637,fznrl
6850023771,fefpe
6492976597,puglo
7437282310,xgylh
3689869684,iiiht
5359914435,mdzmr
1621458746,rwamf
7993284379,ljgvl
7330896315,shrbc
6462838619,ckxgh
9597248004,jmqmj
2941295890,qsous
2929577928,jydpy
8975452303,nqift
3915150374,mcjao
4179396440,veijn
7425987866,rovpn
9008470214,udydr
2532006671,jtmbt
6354756633,cvxmu
6687215588,hbxay
4128309524,fkmvn
9877626771,mufod
1739624455,crpyt
4776198028,vtxub
2958018332,iujaz
3350446130,uqgyl
8039164249,nnbco
2942201345,ihtvg
5366078039,zqdex
2348081094,sbjzx
3979247093,vxqgj
8623330724,xeegp
6252603471,plztu
3454453695,ljctd
5166942268,fxmhv
7988708437,yhhft
9005919832,xvhtx
8369877882,mnjie
4764968313,wvtpj
6008179772,vzedi
9316244943,qokgn
3241921771,ldckd
3888447951,ntbhw
1768918155,bqfpv
5795296618,hqmda
2807495636,eoeyf
6275723943,pdjcl
1012933107,zhzis
2750989537,qsrvd
4534555637,phjcw
9592745744,tdekc
6235878283,kmfui
8313134681,riuun
3002180141,jcune
3945473253,zcdcs
3344014919,iurme
7319947701,djgth
4328644311,kgxir
3825878731,ivfbz
5172608177,wffgx
5070519733,qslfx
7169722600,zdyue
7315472503,njspq
5100431795,ioqph
2834017806,jgusy
7076245933,xyhri
4358139570,tzdol
9967601512,wnnay
1115988992,qeqcy
2448648350,oiajw
5898246380,iisrf
2777420475,vrfvl
2753607795,nkbhc
1985607015,xmkyo
1731639083,cojzi
6724716267,gxnpf
4218976223,cxaou
6420147146,hairk
7323932805,qqovd
2241046396,sfyag
8741071884,fozho
1514646822,nkxek
5777861119,rsccf
9113289413,zwwxh
9318275048,ppemz
8950255400,xkpcq
4185754944,vbjjk
9368444816,fhfrj
9989836964,apylo
9388213378,xhisw
8401335577,avuzi
1675897835,acshn
7644583385,nupjv
5166744716,nnlnz
9082238554,tzqur
1019401157,ewyje
7553236177,aqlae
8452702837,olkgd
6279570525,xiubb
3499575685,whsel
3431551095,zylqj
1264000041,rkpkl
4516201169,uutpx
4316220299,mosps
6615220053,nrybb
8371979342,fdsrp
1573167363,cywmt
5361678068,cflvg
7657868985,mhtim
9967252322,tawya
8076689563,zvctr
2886737606,adnph
5153541889,jzreb
3024206170,ikvea
1206883648,ofaov
7008311429,mmigq
5343164540,juzks
5005709962,omjbs
5707716249,rrfkf
3484358541,dyruf
4974097827,gcalg
4352116689,hrgqc
8457530498,rxebq
2118979524,xkfmt
8345125207,vdnri
4439275083,akbva
3660022037,euciq
3974384487,potqv
8667011773,ciltu
2343882764,myqin
7487473238,jexlq
4249678290,soeyu
6655674254,vplak
8344635275,isgoe
8731123383,mdqds
5623277292,jptlv
4588455624,qkmdc
5009301193,klyru
5350714165,eynpw
5025793658,vubln
3792735162,eybwe
7793229776,tuuhi
3501430753,egeih
2470361211,nrmvc
7545213208,rzgcf
8039425672,rzkml
7293886757,xyeme
2187895403,ehsit
7596192193,hjeep
2632116857,aiovo
9671940749,fmebk
1636298112,btnkk
7249334335,bzdis
4719597976,qsjvk
1001598541,azkpa
3242674295,toljb
6748905851,zjogi
7456703601,lcjiw
6639492192,ldwml
5063541732,dxzlf
5890745789,ibvhv
9824784406,vfsjj
3465149196,jgull
7549913381,iwiyk
9771564030,utkpk
5440076803,pnnzt
2483163449,szgul
8112209201,jjirb
7087259304,ieggv
1570845798,oafpg
2953930211,ntojb
9891291382,kxnln
2941647202,cdbaj
9044945405,vlkkp
1447997872,uymsb
8028937192,avfum
6692493804,lokxh
2521221565,ehevy
8926402529,autdn
5008610465,mipoj
2241591853,xqyxs
4497188210,hpwqv
9508406543,xlact
9571374457,discz
3419503728,ayaqf
5571440622,cvkji
2320291519,wrqfz
7811171609,nglkv
1888906155,wgzjg
7465659168,bqqae
8002593184,fwdpu
4976347678,lyrte
1126778641,rgxaa
1281820270,heugm
2040350236,mgrgp
3644604762,eduqt
3693680408,ooskb
1925764886,oggah
8565170451,kltgt
8240598105,ekiuc
5365163005,ujymx
1144395073,tsbrf
4340766477,foioq
4864612888,sphku
4098162245,bdiyb
9352470154,jbxao
6169668507,sqptg
3992927143,ozzrx
9385521707,kncsg
4794643420,buojp
7617822992,jomfy
1429802394,spetd
8789123591,uhiyn
3139836612,oivbv
6608255570,reidq
7726590873,vatld
8565504736,lafkz
5667834887,cdvrp
7633542068,goein
2902912572,chdoe
1626744240,rezci
2164050455,wmlau
8387643860,osndw
1524981775,jjxgg
1893995871,ontwm
8185381695,ebowu
8659804525,osbke
9850174348,xdjup
3784418287,cmnla
5080870608,ipuqy
8169585598,kxtug
8465423899,ldmyn
9647886338,gwqqc
5773852999,juojl
5492373237,sfsyx
2051334727,tuecx
7390314402,fbkrs
6412237066,nwepl
2387150502,dtakx
8604935376,wdmzq
2125003180,zxngi
2971266876,yvhbs
2530724177,nxuwb
9471961275,xqood
1419474501,egvxw
7057493216,yubic
8818792891,lgczg
3634525963,qtfgn
8174540627,jaloo
4379254401,hmzww
8378683664,ovjjd
8411891687,ryrbj
7513941945,tgyqj
6048811557,gwrbo
2896884170,ticyn
3736129475,obrvu
2597204193,gksdv
6369153889,izgro
6293001706,wwpki
8663726021,fdlni
6798231773,iycrp
2332527525,vqrwx
2243090546,qzqgy
1702951854,xfgel
5245233035,glsle
2236140644,ezfmf
5309767445,kmkuo
2022270785,xdesg
7745401142,uszsr
1399048690,vavrb
9310227948,nytez
1665683471,xqfth
2598897745,hrabc
4638851371,snhxl
9345717648,agkfn
5586476990,qoesf
8233876508,rireo
1798012414,igazb
4704988987,tflav
5402112675,rfrzs
3341106774,gfjnu
5791140187,kvzzk
6099311345,qdrxx
6289939675,lobmg
7462432230,jzvdl
4244453660,dxzxl
2049774513,kqtjo
8638119806,clopb
2653479370,qhqsv
8583271763,gewja
2838732560,btojz
4146726284,fegoh
6809767164,ypngg
9166395970,kngxy
3081200360,xxuqm
2925041786,qhsyg
3744058289,daann
7033599723,zgpxx
5188964264,ilhdb
2978401952,lioth
2440766660,titto
2145069176,ogekf
8549242720,iyygb
1014391790,zsxac
2054931770,kjcif
6679710351,tffsm
3570678135,tjrme
6469605122,rkssq
2086783748,dvkus
6759720887,gcwue
9157269039,jcgts
1870653210,dedxy
3535723463,qfmnu
5633232198,hlnvf
8794328534,iaisi
2768562897,authg
7514459516,mltgb
4596465867,vqbjz
9709806523,oyxcn
8972657819,cyxcw
9852052570,rjnfv
1531588358,yziqr
5404335743,tonbs
6104685955,fzqlb
1880616118,cchlr
9757553431,iznuq
3344701171,ruzen
6158264695,bidch
7926431443,xniea
5705823014,ilshr
2618152951,aicgx
5193392574,kfqjt
4790147916,sjijj
8710771016,ucred
8342945965,iqgoe
9136887015,gtnwp
6002656503,ppnxy
3970746305,xvnmr
5041305285,iydji
1567585634,cngul
2148728704,wlofo
5891685559,psueo
5294365055,udsaq
6043929478,dzvot
6006021070,wsiih
7050541544,jimpn
6413394868,cghif
8402003877,zcpnd
7754025381,ljhkd
7913660898,ornve
6663079131,hokfj
6405780441,oinsk
2543451604,fmgnn
7271336617,xcrau
1261761462,naque
4404863829,zgzdn
7983132182,cmdlw
7129078604,ujrkw
7594632178,nftzf
7072222246,shxte
8601870774,dbykw
1542323978,mhogi
4004758997,txrdg
5060009227,hjhgq
8887295629,ekcwj
1217431294,zkjry
1564936748,azzzu
5374557834,uuryy
2153610446,iroki
2950616847,pdjwx
3366433317,fobhm
3374417426,fuqbw
8539365763,tcczy
4866742119,xllhu
5048992216,dqbnw
1864076518,alojz
6105282758,snicb
2406343078,dvemu
1753360586,nlywf
9791356885,rulfp
9067218495,ajvtp
4942255274,svztg
8776130434,aysch
9206629605,rbaje
2963066616,ignye
3542616606,ylywj
6444679886,ezfsd
9204437626,avyjv
5763123834,dxlwy
4616486566,ytgjk
7283436063,siisn
4616338497,iofum
6986547802,zdrap
1037049421,iijtn
4446126922,rtsge
4938284507,sxclk
3062764907,gblob
9973539626,fplba
4783011025,qyjoq
1299866221,znxjy
4928176776,cczqc
2841057141,lsqoe
7790137198,wgttu
8791101073,uaiuq
3072846485,aoijp
4282226258,nymbm
1742611838,vkcrx
8205026304,wuxjk
9790134326,hlrsx
4812676742,hohvw
8375296656,ibzbk
2445966816,gwhtv
7288940178,fmujq
5161317435,vfhig
6629331413,tjzgm
8602494954,rxldn
7707629142,djjuh
8030532558,ztyqk
4796692664,eexca
2116322896,ybtbp
1057981591,aealr
4582524726,iadmo
9605688840,tldhp
3046193449,xyqyr
3149064888,lzzco
7542287812,qkkqv
5855314206,sgepv
2314122075,yyecr
3137152943,bckgx
4004966443,iplei
7478192550,emegl
6663409566,qefdo
1451436468,sayfc
7194049281,hegfb
8578743013,rmdtb
1557088048,ddokz
8975497814,irabs
2671096406,zdtcj
1626156089,oxybd
6747301904,wzvsu
1197831394,ikdsd
9698142088,cfmyb
2388323481,rxplx
7154531862,qyuns
2846211298,brcrc
5485018020,iocft
9130430320,epljr
7535901297,buhhl
1229434012,ppdvh
8588718888,oaguj
6197584201,vznhg
5229367234,uycrz
6360331132,wtozf
8589712917,efeaz
7924568825,jvxur
2809797457,mhkae
7937693120,awmsb
2092345618,tnfwo
9173843320,yzcpa
9168204516,eqhxk
2792386427,twubl
8692891644,jptkj
6907724398,uvvgq
8618315159,ufkrp
2004874650,httsc
5267589637,crtnd
9027886691,rgjxk
8593451196,dntzj
7387287901,fdxig
6434122689,ejfau
6453743464,finlg
4876271723,vysyt
6363988078,eybse
4616147560,lyckp
3631428138,bisah
3662989829,abckm
9064711503,rlywa
5678452214,jgrao
8764674504,kqzso
5548015189,sqidv
1197658074,gwnxc
3190265044,qhfvc
2787084864,pqmxu
4369025104,wfvzl
2609439034,cbiqb
7633818494,jfdix
9637122433,frxcb
4824646771,zajxs
6992439456,yvvig
3951031682,rpdlw
4888548797,lrfwr
2629223866,emtfn
3430323443,luhhc
1350147323,rwtnm
7956668752,bqsbk
9691486774,rosni
6089189950,igkox
4085349525,tsolg
4269617538,hzwts
1836105683,nixrm
1511201975,odwyr
5038425354,eqyon
9908079514,kzbqj
4077397747,yeqfh
5924226085,oiebd
8579980258,zbmye
9072223112,rxnmq
1371204158,bstwy
8862912712,iarum
1324377615,bzxku
7658765334,xykgf
6861228727,pqmbs
2602397419,zauyl
2224209183,zazkl
9910139642,dauan
6111758210,vznsa
9250839452,swaar
8547382837,aqwma
6630338439,hfwxp
2098069717,ntxfd
3937110959,rqkkf
9803557599,mmorn
3041370046,gqjfn
1549195266,gieix
4399008093,vichq
7418911020,qkdmf
4226184173,qjhkl
7871934022,qndim
5477349450,vmmjc
9965484370,mccyx
1587993979,gimds
5281688061,kyszm
5696439749,vgsnt
4661795754,fhwjo
4993891169,fpwcs
9183618639,bjihg
8632921711,xqkib
6056409198,vakuo
8150579418,vwztk
1666935049,frjox
4398023402,dwcrt
5237101444,yqqzu
7562610807,wfvdt
4248421717,zcnym
6586517875,dqkse
7541186357,taqoz
4028207102,xdnyc
1746565167,dijtx
4703576770,hvtji
5969733817,bgfrl
5313261932,mfdeg
2954938459,oftab
5355655129,rtroo
8010559269,cguiz
8354375628,pngjw
2362543089,tcopg
7601139418,lemum
7977893446,itfzw
7358568214,xniba
9490349242,swcga
2924969428,ikgls
9562951765,vdqdv
6672203842,gfuai
5085866366,nhgst
6735291192,yxtui
3526549395,aevkl
7198333210,iiuiv
9820694056,psdpu
3926982908,tpdda
2581777137,cmbte
7603024732,hemqn
9283705478,bzayo
3103187472,ztrjo
4173461070,olodj
2952156873,wjqnv
2469925508,hpyms
6739210952,tpfmt
9171871418,ptokp
1473975398,xdosw
1687831041,fkkid
2236930019,dniog
2236842148,ztkns
3152667123,ifmbz
1805165743,jzumt
5300359447,zyfyu
3007781343,irusa
2393366078,gvkfi
5968569913,nnepf
7425228700,gcemn
1041340898,rgtiv
3838013797,qbajc
5179810141,mqbso
9840896115,jtbzk
9824214267,vnpde
2522717968,patev
9832591194,meimn
8069656273,byrsj
2371764263,swcfl
3621274857,otjmo
4298439836,lmpzq
2913731310,ppdgo
9208574882,aigxx
7758399964,jmefl
3306972921,yeftw
2596651035,knlcd
1830286746,mncrq
2113416079,qdbtq
2668215798,gvwqp
9053185814,htekh
9168029090,gjycf
8842216502,xynqc
5264015375,gjyct
6237702249,wfnyg
1978698817,cfegl
9819212941,hatau
2912415430,yijuz
4649387174,zdtzz
1868622578,peouh
6755559900,vfnfo
7945257476,xlvoo
5139399165,zerfj
5782061154,tobgs
4247983534,zxiaj
7837787735,zzjqy
4357096462,qitqg
7055077064,kbtzi
2614336662,jssaa
9798126067,yjfed
1099118711,flmfe
7579405549,knndi
7567788746,rfjoa
6209168177,qaugc
1856237799,dtotw
3555356345,hevpu
1780024636,hvoyz
5165462654,eixac
8738913409,kzauc
5615949305,ywaaz
2850136897,qzbbt
3732050456,saluf
8935499187,mevzu
4925340656,gorym
4869906440,gflid
8451675068,aszga
4867711079,wwrho
1169054836,pfxcx
5701551238,akrdv
6311952931,ajjsz
2211525850,aphgz
7713444607,rtqbo
9460979042,xboij
9373573250,kplsv
4982684936,jwdtm
5024877296,hjzfq
1159803804,yiykg
8946039944,lagua
2453997880,jizmv
7134991354,duucr
3537046142,nofqc
6830621195,lxqjr
8640832669,ogffh
6681758200,zlvbf
9658095487,zfjsr
6371222629,batsh
3645000170,hfina
6212659294,kusmv
5586390294,rwsaf
8889060944,poiej
7559147938,ofzxa
9852774223,rfyep
7059091985,oqpye
5519265090,jwmcx
2332253887,tjibp
5620491097,awifh
2951012863,qfynf
9549376280,gzwks
6195876696,fpypc
1952361068,saqnh
8809087917,jwops
5875207124,mgtmz
3599447479,crmus
3574884516,fyqxd
3225005828,ltvdg
5223927976,lbabf
7749424543,tcrgv
7838542652,frunv
5949727295,wsbex
9920412670,coeub
2394569927,lkook
8324256344,zxwpu
1402577874,mnxra
8142914332,edxcy
7878608671,htorh
8969068858,ikbeb
4834639714,usjwc
5667618545,pokla
3267562583,sftgo
1773267137,pguyd
4322875536,xmnhq
3947815006,qbrib
4590962581,ufjhz
4034515176,ufrlr
7951687006,uiqht
4428553267,nbfil
5131513818,amtfl
6362522031,sssdr
6524907146,wiacn
6404525433,vcnwy
3288767659,hmyop
6944199000,kxkcs
8540130104,ayonp
6910809650,aduki
6260710839,uduqv
1481120176,zwbvd
8874361524,fbevx
5055367123,piitv
4725920532,madah
8775123139,gorfn
8405393487,fwvzz
7454389579,esarg
6646534163,zjaxo
6140265701,mhkjj
3726268702,meafr
5628770751,zjyzf
4474000809,eejmm
6077438524,yrloo
9963359741,iqltt
1956614144,sildi
1304042122,pvllw
7574840139,kdrql
8735901447,pkspl
9626099004,ighyv
9495509324,kyypt
8445239296,cidrz
7917801116,maruc
4949563130,honks
9667007493,odwdl
8650541551,zxrlf
8498905832,oayuw
4029892346,fczls
1275173287,ptchk
1916015608,sqisx
4265249157,cbtml
1085610185,fwnqm
1666639923,rwrcu
6999154225,tftle
3855719417,mluiy
5476712136,ipsxj
3705375478,tqfig
9035176951,qjbyq
8215750823,miiwp
6196429765,dbpoh
7075770021,bfkdo
5249116900,ooamt
9192717630,hkggn
1549580526,vbhnm
3140151244,bpcqo
6958328818,bqsds
4758121289,wsisg
8525877907,vpmrz
1960522122,egekt
6804613326,zzqkn
1377117105,sfxzp
6372895679,owdcg
9357988168,kthwg
7332142623,asnrv
1316699490,njipp
6424088854,upknq
5294635492,rpxbv
4006681915,ktdbl
5884852704,krqvq
7579374207,uasyu
4141442996,afkwc
4863715805,kolyx
3911745968,jgjnn
2004780898,ugtkq
5445313593,rtazw
2872378921,psifu
2567269873,vfrgy
9757431641,fnftf
6934345513,ycjyr
9338621737,rxeed
7955493347,jkqwy
3322848907,kvnxd
7268347535,ryprc
7113373329,mtavs
2731216081,kfhtg
9439218349,ljfpw
7729639382,twrzd
5386627630,kdifg
1060054970,bwilh
9043053508,tngck
3722542017,bubkr
4047903116,dnpjq
1216655040,byblo
1804985120,oibqy
4959202926,mjhwp
8252045775,zyhwf
5894850324,mpxge
6112417357,vmeva
4780711743,ckfgo
4377148934,iwwou
1927760314,qmphi
3689890924,uhsxz
9466079531,muxyb
7679982599,mbqre
1881164126,kktyo
7020563028,pyhmb
7918995733,mvmha
1560555227,nlbwm
1681364220,lozgh
4153955353,ifvnu
3814081004,lnrvi
6476666738,slwnm
1509243167,evzst
9885959510,rcyvf
4367864400,bmamv
4490964022,wszah
1680286790,rnbqj
1177581609,etfza
8354085414,iuyzy
6720749228,olyuj
5146032548,xfeem
5128643268,wdzza
8772075949,earxu
7890057109,facwh
1319767874,vdvbd
2219086961,ttmah
3601205522,zihil
7459575943,pvsyv
7507020793,lywty
4126210896,fhgsh
7751289718,nwptg
5932454506,nvpql
3558085982,ozkaf
6285937049,dbgdh
4392065636,delkj
5556900843,ybkcd
5352898583,iflcj
4308393244,vlcko
3241689261,lydrk
9283232976,sxstg
2707567266,mjgax
7062063110,hepxv
9258624729,kdoqf
3817870169,wvofp
4993207757,hsazz
1244238164,yqfuo
5774802488,arfug
8545523926,qvikp
1999584724,pakej
5026219486,vjess
7153509705,dghwd
4238405938,deksf
7892304012,zklcx
9206483149,sfgug
6929642714,xdhic
5709076666,ihriu
8573096875,ujcst
7154617698,yeeku
9858342975,dkekl
2608136411,emwpu
4548168866,hdehd
5206389820,wchdu
6660630064,uazlf
9961609340,yttif
4814613589,svlcv
4658156246,owecd
2417868131,tjmmx
6032827340,eeqjq
3153374921,aisrz
5410233004,pclgt
1624976558,jcvxz
6173679887,elczd
2321593371,tijwg
8503414780,mqrkq
3177157184,zgnwx
3068158026,xsuno
5211152330,fxuio
8297286125,lnzmj
3986689341,nbajp
6434224808,stwme
2976770829,alnaz
2580517115,yrcor
6450008600,ivvui
3961278274,pbicn
3659739216,urzhg
9148688796,fuqcx
9433823648,homcb
4924139117,kketm
9319175429,mqfml
3325090546,pkjxc
1274306715,uvkxh
7414982967,hsyph
7069810255,brsek
7494411283,eywhw
7029800724,zvimu
9190047022,pgqzo
5536096677,cntiq
4724395015,frzag
3569035954,uzwov
5101844679,dspex
1986390606,jcvqf
9226751123,rvahi
1907908109,cndrg
8328526404,ziokk
9066843578,kibxv
3767799149,eumst
3733338154,ofkhp
3746813760,bmpuk
7085450640,aeyvw
6398516741,cwcqx
8590149204,jczni
1443359581,svtcr
3367432906,kcson
4508272131,rufor
3435240512,rojab
6088909654,hzloe
4845557917,coijc
5587514291,sowwu
7000229204,nfero
7622958969,lznjf
7337646821,lldro
1090932298,duolc
2148210356,fjswa
2906087287,lvkdh
7134605526,jmprf
9342667270,axygq
3191903798,wwhdd
7079143677,ddyuf
9386965272,dmjgr
4328663942,kyeil
9859675875,cvwoz
2815054186,pdkvz
9261376967,orkyw
8359396544,aquap
8119229379,vfgye
1062384852,jdess
8941408352,lyquz
4188024527,rzvio
3879690413,zkoxz
3419708001,qcopd
3922832828,xlexq
6743550192,fghsh
2867278583,fiteo
9782741555,krrxf
1971859491,dvtye
8445726597,dbxxj
7045671015,xitwt
8894992694,oiilh
9211707446,lfwyt
9695110310,avgcj
6386623107,vilmd
2514562166,zirdu
2676398020,fkvon
7287238227,sthoe
2297207380,uwixy
3471900148,cmskd
2411912636,fpfpp
4608272519,brygw
7794889752,tjqmw
1690378448,homjg
3690695759,sjwyk
4620487297,mvabo
6890285014,hikey
5057865780,qbias
3098201481,gibaf
7940137958,grfjg
1602818573,msvei
3984147305,zpeji
1666998346,glrys
1087358358,ozotb
8524206802,vltjk
7520874982,ruueb
4367397597,sjwsq
5592897976,ktvpw
6629258579,uxyre
6396311503,dsmso
1924345897,ybzze
1214769097,ehhmd
4523403023,tebum
8648184879,eirru
8613747820,qeohi
7278089494,aikiu
8220394602,sypyw
1464567686,jongw
1680246262,yzfor
6692867188,gybvk
6995696133,tuimx
8269642525,kfgvy
2807831265,lhyrb
9004923458,wcvml
5856543270,bxslx
7095957923,lnlrv
9971565994,irrzn
1848386157,smpyr
3726943613,mvwjw
1977948711,kxmtk
1315579064,esrsl
4249112185,awzdy
1231142375,udgmx
4897765512,jfsnl
1124218243,gwqnf
9624125259,uosud
9665711429,ilaia
9108194788,zoykp
5037189410,jcfqh
1676680049,ghglj
3268917297,xwzzx
7614911225,iozbj
4696071007,rbdbp
1389117430,mvviz
4484814328,vvttc
1512320820,qyxym
4039819854,tvzba
1544696929,pjkrf
7243606572,nzlbe
2048655352,bxhrk
8700294290,kdjod
3570085271,rsffw
5414566807,jmjxl
7009661499,ekbvf
5766855360,uopbb
8866769270,ovhxu
1730058929,ujsbj
7361765147,okkpr
1530552071,bdalr
7299756498,pifmu
1954740556,qzsmz
7247546726,yfrvs
8586569185,msrdh
6858718109,wtpiy
7452726250,zypui
4738792467,agiym
6885899944,stebt
3389665653,wefog
8053921619,slwkc
9481555217,btfdl
5242640360,lyfpn
6134010189,kqfio
4140497910,xjbni
1871359482,anhpe
5852923261,uhtuu
9889686117,rouii
9375465553,nxzrl
8892853691,ezwcz
9833219299,vanzu
5083706409,joimt
1540132802,xolkt
9712855063,krxmg
1673199539,vvlid
8396994167,ukryq
5251358916,hqqpz
7808512953,xjkly
2830068069,rfirk
5332195680,klomp
4626152871,qjviv
7824942489,xphes
3208135265,fvzjr
6423750737,shpzk
9178639298,qlmxb
4570582974,akwcm
2289180847,lsebv
7917930509,pjyjz
2562729297,padfa
5009070636,iwhth
1663563862,ecprn
4944584977,veixv
5812474482,onnmd
3543780817,rwqri
9445754551,sgvua
2097771734,ouycj
2306314474,raoqx
2132500059,qythi
3227835578,vvycn
2048406128,fpwqp
7999098888,kwqdo
7584664768,pmtlp
5883078640,hsqrn
5159468803,kqjdc
4582880777,nlsdi
4151960217,zjgjo
1729663724,gxvqc
5658565652,fcuzo
6516953762,psjsx
6464632168,plnsg
6805319377,pnnzl
5551588820,jrfup
7305350199,crjto
6139083379,oyysw
3403328889,verpn
6537660401,xmnes
3845454397,qbbza
2349034393,kzilm
9626833049,xcycz
6553762033,nzqvs
8935274705,wkwgj
5039545666,ooyio
2488320306,hujkb
6656074007,xodqi
8878198502,ydkmt
1068517649,rzsho
3780204863,rpwae
3253613733,amujf
4112095723,lqrsk
6738029613,doowp
9391269190,xnhfs
3863439329,sbbwc
1636674685,xatlo
1124437815,pospt
1869570294,kupjp
3119544181,fokxs
7143228919,zlamy
4668414026,fyofi
4546247035,hzjgu
7754104705,mqmap
4151607420,xbbxf
2182969349,qkjqv
2845040665,dndwy
8086961778,badut
4895717195,gstnr
3119907847,wkgmn
5712532682,guuco
2822170531,rossl
6845326584,lsncd
5088536355,uhcir
1491031393,xbkjs
1515355344,nwepz
6353225742,quagm
3733317447,dnizr
3429370955,cwjmk
5221283280,exyck
8402292307,fpnim
7099689872,ickrh
1053950981,gkwtd
8027503865,yyfev
8693374762,dzesm
4198622141,mnuwt
7117816580,tpkvl
1698138443,rqaau
4909678849,qomfi
4900777785,gxpgc
7633240617,azxcv
8868054767,vhzqm
9594691526,jmwfj
5311314290,rrkss
2180599312,ncxwh
8447500309,ylrec
5200199004,uecpu
2023512196,zgebm
5030715770,ghnnr
4903305865,zxiyx
6175103599,urofj
7349516537,phxaz
2122344530,kvdbq
4037542437,uztqa
2191814692,kexjk
9360901668,bpeei
5514550799,tbceo
7614303489,vfwuf
8057449771,pwyst
5745098939,uiwhy
7071736421,imblm
4481216865,lwcdf
9985476557,cijuo
5009511633,gnuvs
6727250254,pbfiy
4911404847,svzme
4714001101,nvyjh
9810149829,cbxaq
8425580342,gcorl
8344623238,eajjg
7294078525,izlhl
7736637924,goqmq
7803162165,cogqb
3856916237,snsee
5646481639,myrly
5449068451,nrcxg
5781958574,zddso
2494027147,cdqui
7940421614,huusd
8549389233,evlog
9431087971,piyku
1031617060,hdqdg
5078342018,biruk
1701337694,wgcgd
5226826854,ddpgq
4224562160,sgkqr
6250901723,yercq
3933752004,nakhf
5562717033,gojtk
8154965592,tkayx
7668188320,ujohq
9383502467,fpvlv
3803277897,tuxol
4600913785,npkgu
9562924186,prpqx
6637574108,nwdab
8833948810,gabku
4808026330,gczaz
3861222066,isnbm
7690423007,fkcty
8268430283,udpix
7305082918,mubfq
6660949016,adhjd
3518342385,bitsu
1884104640,fxrdr
6100403959,rnfql
7067339046,ibqsc
2948206176,zvoae
6220625449,xmtro
6301350352,jfisk
3570281597,lzmgg
4442262941,fohzk
2884283749,tykmm
1989043794,vltyo
7846895631,jkcsb
4272440629,zzuwv
9892624958,pbvpu
9458754661,iwpdl
3781259371,xancq
1418299213,behlt
5344938232,vljqs
8046556259,pclfm
4525854974,cwqfr
1583075501,ykatp
7044149128,oozir
2550208914,vktbl
8869642233,hxuwg
8634147911,mzyki
9829996178,xbcmq
2278381460,punmr
1802760066,zjxod
6685326080,lzkul
8186931198,sumss
3127373289,bbluv
3674883473,deqod
7415551904,gxngp
1362694249,digas
1745063529,cnjnd
5630847170,ztkuv
9703971806,mwcde
3706882291,yrcgz
8491891201,qtych
3596160517,tgpwx
5536100802,nzenc
4489602245,vlwhs
1994680225,fsloj
9338311115,iumfh
4333344691,rqptf
4025512054,ujafo
7571612115,cjsiy
4039651054,wuxjr
1686936689,mwbjg
4710005660,gzlmj
4045439680,tjkfa
1198522803,ctuby
9181240718,bruwt
5611038947,fjgws
7496367378,nazly
4124446452,oqibd
9312559482,qccto
8058729288,mdvgd
2219712572,gorjk
6485870012,ombft
7245840653,ievem
2227147394,fhxuw
3367632531,jgrsq
5877107122,ojbva
6798476403,eadsv
8993514583,oplpa
9674347566,yhpmn
8649580878,shpxp
8975393234,hagla
8798865983,wzkwu
6408334639,nulvt
3026531948,trxqv
9224371123,apsbf
4589211219,gfkqx
4417116747,kpfwl
3041859995,orexz
2813354514,tbtsi
7228342864,jonni
5134051130,pfowz
5712544973,cxvts
5262471016,dvplc
5431167740,tunww
9868107614,wuiox
4164860251,otipv
9751954307,hwopq
1405481868,igppf
9606795627,tcsih
3879996654,wxgpj
8729227808,ingfi
7465905257,xocjh
2607792636,spdeu
8472432411,nmlsq
6932448352,clnko
3173472451,aeeot
6694575141,ffbjy
5507354549,funlt
3677719240,gvegy
9516797364,ucnec
5870830218,nkzks
1734258105,dvbgd
4560620719,hwsxa
8056040165,ixkgn
8930915938,dvwxd
2880238866,ftdmm
4674975241,iodvb
7192122027,ydybo
2887715143,ncdcp
4757339410,dawut
5166500430,jehoj
8893930521,riyqb
5959422131,ltppe
1633177182,fowzl
8748406302,fvghu
6846070321,xfhzy
8458086477,evtqq
6395817866,tatdp
3144104966,wtrhn
9663689029,retzx
5612570397,hsniv
2340348180,szkzp
8384451106,lsmmu
4196096776,nvmxw
9529687898,cxmno
9827447505,yklbk
5429741868,vcdlm
5911699142,peqtq
1928107805,mziub
4446455029,hsxus
8242792724,yhllw
9481637377,nqflt
1204066989,nqcyp
5478249201,tpnep
8371888122,taxhc
5697788650,aljaw
1411441613,cgxqf
5596205603,pmazz
3915725969,pozxu
1674153823,imiue
5847246996,opfyd
4414798990,enedl
1682218534,rzkjt
1365315209,aiaeu
3951409033,eppef
7151368041,hmshc
5591235950,ajkdr
7549156325,sijeq
7545663169,yesqy
9079441584,uqipc
3998007470,fazyt
5492988039,yunzu
2629617148,hpuqy
7792167637,yeacv
3010470984,oarzk
5061035757,yekzq
9993021081,ncaiu
3124328272,wbwtf
6561012683,vgrif
9389356601,xfjjp
5919143277,ryndb
5936329259,gtwka
5443918862,uugxa
2582211574,dqcmq
6022550812,bhqrg
8253816445,hddjs
1982755707,osztu
1157416344,kemgj
7173899641,qyrnw
9780763766,naqxu
1984988130,vtzkf
6482226788,xpqax
2387284246,pzuvq
5613608109,rdmin
8551936555,mtysk
4077384715,dmfvi
7422755555,rieru
8338961426,fnury
2323475920,hpeir
8306830427,nzuxz
9603450823,janzi
1583762407,lrwce
4023758134,ivqfo
4365010984,yeeaf
6475218616,mktrz
4645943163,pazvw
2379789025,vievc
7238213618,lvsek
4802742926,xtkek
9959784252,bhmqx
2678530488,pdxwi
2932885401,yfdvg
4219542297,pbqrf
4457076300,gjaxo
8598567049,tocbl
4645149537,mgoan
5850910715,ygdcy
3148128247,dnqkb
5853843207,iaqem
7945948201,aydoe
6731928305,btwdo
4667665986,tdbhx
2397027738,dxaru
6806258187,ugxmb
9878163097,hwmoq
9465887456,fmunl
2576218819,hmrlw
3656929715,ffetk
2408652869,loedv
8321330118,rwtdt
4114881280,ypwrv
5297519303,lfbhz
2044028398,osmls
6227771013,mvtlx
8943068307,okedr
5798968916,pmwri
5051795056,nhdsl
9212874052,fzjsw
6173842307,eshlp
3807756880,zigvj
9993506389,pfcru
6769224332,sgumy
9607078521,imaim
2151615006,fynqm
5368827801,xsumn
1553284727,aifss
8945257382,zxilo
1305630149,mgajl
8986079183,lkjcs
3615357312,yammn
4361457296,wrlca
8127307565,acrdp
4615533684,zxjae
5915782092,dnpfv
2730265059,weglc
3310587706,zslam
4204429883,cxnvq
3567028127,fldrl
4271315559,ksoko
4360199919,qvegg
2640879847,qntwx
7614658218,fineq
2877480289,etmpt
2657292047,agifm
6885632171,yfubj
4252632217,nbjfn
4851477548,nzgkc
6884785847,wayrs
3273152149,mukrv
6826277484,aimjz
6432975397,xqdmx
3282884361,bxnfb
7587723241,qdkgx
4084041099,lmskp
8377272461,kfzwr
4321513918,aazgs
9017350656,ogcns
7378398219,iginl
3237371600,swusg
5364200541,sjjws
4754403779,lpsxo
7025582385,snson
4621367505,ppjxq
6872750974,herev
9188355979,fzsdw
3891250145,pqamb
5044096465,wcjae
7727783900,lstac
8710172224,lxonq
3797978188,mkqga
1088971609,hacdb
9932841503,ancoi
9825655273,dxkin
9175516002,qzfem
7421870593,afjmy
1354144692,cmifp
1981024198,cyvwv
5477225749,qlqex
2842001072,qwajg
9173229218,nxbfh
7486323101,cfmge
1098318111,yrwzm
2472842802,amjat
1913100487,iivsl
4476818687,ukmqz
9505087165,qnzap
9508360120,rhowp
6926998466,drcjj
3074233874,xllvh
4156833314,nwpgf
1829758602,mpdei
3213253205,oajah
2507492368,lhghr
3026379258,vunqv
3494292044,qirir
2078897986,tqkmn
4644433866,dxiia
4482898093,zqell
1308459651,xnnuj
1217327653,rripa
8983113480,tgyve
5879180740,jgfho
9788433375,qjuce
7138150808,cieek
3760393364,fktsu
6482245463,etntv
8937128979,bonip
8240032404,kytwj
8580395298,zofzb
3727665806,imdzu
7017326832,juhjl
1584239204,ixmaw
8590379640,eactv
1976640340,ixuxq
5864512260,bkpkt
2919531542,lijhz
8282828812,pijjh
7330994868,ozvjo
3204511035,qyedg
5385978012,xmbkf
6555317368,quobm
6081576313,cvoji
2474292178,hkccp
4599355829,mutas
2224915473,kyuai
7556154851,pkylj
1066880294,fcvgc
7138428399,qkyhx
7720441725,shqwr
5877276822,fowlo
2277961124,mhtpm
6011002991,odpgy
7834734742,hggoj
5253753558,jmadj
5231930788,jcbju
7411637124,vyisi
7700623501,jfhoq
8809865740,gsktc
2431684052,fyqth
8276382185,pyhrh
2103279876,mxlif
6688523131,mzvmg
9257621736,ciyio
1595708183,okgkj
3211127641,njsiz
4741641107,zlavb
7072577293,qipfj
9593596482,ndofd
9489576733,erbmb
7515983348,slrbr
7336083192,pxfvy
7041424387,ngrwi
5579431527,mojex
4444219800,gjzpg
9434557264,fvpvg
3094926824,mmrdi
5250905344,kggsv
7285404394,ixtsw
4405506866,fursx
7628363636,vrmjs
8518269245,hnibz
7314763857,ppczh
6190235144,ajapa
8609987582,pknse
9066559232,lyjhq
2304877919,tpbba
3416688734,fxmwq
3936555659,frwtg
2376317001,kcfax
7118195895,kcpog
4919798296,ptmto
1447991511,ejpey
6750110606,deedq
1558014670,ewtfu
1655531203,zfavc
9172028563,doaau
8181260003,tfbhz
8615629310,nyjke
9362792975,qfena
8714241437,mkgso
9799726762,wwglk
3902095962,stiue
8367121476,gmkev
7560616897,jhgvt
8929138705,qekha
7691508218,svkdc
1784580947,kwddu
2266584542,mnvmf
6260737948,klkvk
2171218789,gtahe
1953457651,ttufg
4061385246,bdncf
4242388392,onjte
4531098688,ngzbm
6624505333,xcntq
2645999055,rfxhi
1321258888,jogmo
7655794991,sfehz
7567866614,qqhwc
1545855882,xrfvw
1994144967,zqznh
6718381953,cyido
5253055304,ruhzj
7461952463,fderr
2968314544,amqky
2539985737,yqxte
1587053604,lhodp
6739199412,gdpfv
3025034357,ifvsx
6948679997,mqtqh
9688106739,vhmey
7548031577,coqrw
4785972064,mjdmx
7874050472,vwbor
6010458907,wrdzt
5432834775,zgakl
1184115438,ihorb
8977295074,sidio
2625892529,waywj
5251795132,pjluz
1616874981,bqyhe
6696183921,auobp
2936235720,tmfow
4147050725,hnhrx
6985698544,yhedq
8771265158,boauw
2651542042,evxrh
4316414956,qqcey
1854872083,aeewu
8146088144,nhrae
2205460014,ydskm
9995812000,gsphh
8647538368,glhjv
1185821627,pmbsk
9606193063,abgox
8665204491,wgsqf
3893804821,ycrir
5515058228,bdnpd
4163106831,hujld
4349438459,bdtsa
9589725350,hzaqo
8371512739,lxlnv
2900280931,rbksp
4305326623,jufvz
9462561124,ezpyd
4430117450,zibrz
9936856370,cqcuj
8798883793,tpjhy
1877042387,uflvd
3867593508,fklcs
2020833829,eoqmv
4153466183,tajmc
9017357783,lwgob
2613291062,zwptj
4376543736,negnw
2235877829,elnpe
4998306479,dusjj
8399801764,trona
7509010641,kpxit
7026030363,ooein
7628859619,qfmzd
6639786195,ikoif
8914514964,ygywk
6354934700,kqolb
5900702412,xcqii
2728945172,gaamg
1689729068,baotj
8651026954,srgup
3265410777,sxfbu
1052953203,tnboq
2403958825,lsqmt
4957851311,xzwng
3418241373,kzxhy
9033842754,dqidq
4519334533,zdawr
3026666188,ikzap
5472329107,dltfq
9780741606,tsczg
1183169036,nczlb
4321952578,dbjzk
4028459680,hmxds
1995192719,nysdj
3368814250,ourdy
3850615783,ashvp
5337258432,iince
1650720738,mjhug
7742863291,zyepp
5649084818,qyzde
6403779988,wtncd
7996002391,zwjcl
3314692492,ypxpq
4513041570,vmdgq
8488394194,pjzcn
1619819619,grgwm
8960198782,qygov
9690243049,xvwqh
4663449387,kvqri
5337352424,cogjk
1157079555,zhsni
5440162527,bjtcx
7367684448,dhljq
6594811699,etoea
7068596439,sqewy
9757910990,sxbrq
4444486185,idemu
3459592804,miyun
4919685913,psiwh
5860666169,aacdg
3199881030,eausb
5128813694,oemgh
2637503018,sbrno
2105890411,hkemq
2331505070,ykjix
6287616457,droou
1245964721,mhrtx
2661828726,xpqib
8097571577,itnfl
1613347463,kysfv
7447802152,rqkqa
1177810460,bssqk
7539600708,uqvvz
1377398761,fpmst
6070725228,zxkht
7570010153,nlarj
9808401901,mczwo
5389804885,nprjy
6353739677,jhqnr
3327263594,cyqls
5399927806,ezxfa
4100635649,okegi
5153133113,prrxt
7070340490,elwnf
1970159570,uzthl
1362014749,lkphz
3697481029,vxqir
9312179786,jjkvz
9609734824,faajn
4921791287,bsbkj
9921209762,untjy
6126900488,flyrw
2620110525,dfldf
5538285898,jpwxz
6276719780,kattq
1401075320,wsqjg
2080463994,hrrxo
1171400107,engey
9855380325,uiwkh
8031919386,pjing
8153090171,klkek
4997534131,opjdq
2906783758,ahslp
7131881139,ydhbe
6553901451,fzasz
8817112585,gbvsf
4413753388,yhziv
4284639074,jswrs
5585758697,noxpz
7109044015,eruxs
4327052609,gsitz
9140249596,ojkcu
9149191170,judhp
3370680181,igfmf
7570349166,poomw
1971895653,vaxhe
6088000494,quabm
7527001729,czged
1423267659,wudif
4980094103,oellf
6025978397,vkmhi
5328288131,qlxni
8994874438,kvxrw
5110933900,zyuyu
9291113186,texfl
9662917959,efsbx
4937210111,mwtfi
9967033043,ijecg
4860266358,ekswb
1256796898,kwqlj
1404045682,fiqdm
2330616191,ksafb
4906087767,zvqev
7852293302,aaxzi
7579491519,fmvzg
4095830046,ajrbc
3339157216,oltsm
2573839815,ohjwe
2026754966,iegwo
8946125728,mqjiu
5556562130,zpnpj
3280829277,cufyg
5350731641,wrson
9449386422,zgucl
3081332195,kkpvf
8384426040,ngwqd
3809532756,godas
9593396433,lzhsp
2819128238,onhcb
7674106611,knpeo
4485385773,jzqpm
3088016982,kkuno
5106110738,aigme
9910072221,knono
6794882238,hdxmg
3419215766,jctso
4705610167,eqifv
2686747316,blvdc
8817385276,yygcx
7177233883,itupi
9251250246,qqbdt
6757766024,dzpeo
7389207775,hknbl
7567053027,kkvts
7569217343,pdwbp
6000002529,gnexa
5548541011,zekus
8973228353,fwwhp
1665124079,slipp
2152254336,fkarb
8139472222,dqbdz
4599427576,ldpns
5473885351,wclbl
8536093970,yhigd
8662607212,hqufq
8481747532,augzn
5874860894,nzyob
4773300859,dievu
9730457549,rvydz
9639025003,kgqog
9533615898,rhngz
2543878589,zbkkr
1252194699,arsrp
4042846153,fbasv
5268999341,ngzji
8492621050,qkgok
3731563922,zqjok
1211498316,hjyve
7837864012,gksjj
3815957520,vjteu
5823617876,acdry
1616252592,mywyg
9805842555,gbkpi
3896664034,gltaq
5109003502,qokij
6637483521,jdjqw
3041025257,fxahj
6013100845,ocqan
1286364679,gwowl
1286547707,qijmh
3456502585,pxihx
4147353761,cqeit
3829050078,epuam
7926272571,xrdtj
5176404015,cguxo
7844440383,kvnrh
6540289843,qdnwz
9773975930,vyvpt
4500360413,bczun
1268330493,sgnjl
5312427378,rgqfo
9634765969,tbynf
1451554138,xmjbq
3898603505,fdqrs
2510574309,hwwfu
5848276837,xjrvp
9639046078,fxwll
8295511592,ewyju
5469220282,ynpqr
1626826101,jfacn
2439578820,gogrp
8830682789,nswii
9699603213,ieyfy
2019910256,oooac
1804831822,feoqx
2038974509,bexky
3019528692,uxunn
3620438758,fzghp
7706013578,xgypg
6273108638,ohcjp
9896237052,rlvut
6104950271,syrmb
9235100957,yxwif
9752163825,pxfgz
9637547126,ijaax
3754137163,eqctx
9090314108,rtejr
5499319708,jdmhp
5109712192,maubf
4902993439,psfgi
1626341362,baehm
3462487665,zeajd
2986424912,ivexp
7464382327,rajxm
7265089913,htlma
1778770002,wyyar
6544265963,nhktp
1655595815,nagrz
7827621395,eeyck
5775594208,bmytt
5570249176,nhnlm
7331507258,drqsk
2945026618,eapgt
6394215935,dxlrk
1290757217,ddcha
7834364360,lmkvq
1932497962,wznih
7410693622,sgzxw
4688096319,vcbyx
4976856956,fieek
1954684237,fitzi
6285090098,pxlzr
1627500378,catoj
4568364688,zluts
8835496039,yrmka
9114751293,gcdok
3117742573,fmwso
6632291162,wmhtu
8661553824,cpsmj
1468074882,irbuk
4070809926,khman
6208723210,trdmx
5502625660,ogmoa
8516538798,wtiiz
6374042697,sjyzm
5611083114,hdxee
1131012139,bwvzd
2737710212,zplrr
6486455964,uihlz
9587393630,jklua
6929177920,jpqhr
5477260522,ixcin
3914452655,wiwgh
2109355688,qmwit
9208225117,sauul
1830795113,rkkpt
3949793191,dvigr
7655764848,pfyje
5774617363,kgaui
7536895203,nmryt
5530156425,turgk
8446888329,eaoar
1363852967,degtd
6837541020,ipync
1930988882,ojglz
5778398379,qwhbv
8237323371,qxwpu
8301281577,cdbam
6598035333,kdryo
9718962648,mvyel
7038427963,gtdwc
9320613649,fqtjj
2339149212,wxies
3423703244,pxoeq
9559995562,fsogh
7536722233,hwfdb
9701600248,pqgjj
2424297857,wgxcg
1590882225,bemzo
6073908289,fvbuo
3763664019,zpkpt
7402544496,ruivw
5584737269,ihwtu
1580224009,tttop
3010179577,izscy
1219766641,jrzmk
6397024716,hddqk
6916275710,wnnwv
6653473539,enruu
4104487667,uvdah
5381143546,ixuro
3333609347,egzzx
5785092062,jrbwh
5939672768,kcawt
1817947698,qtjcv
2528493134,ypavb
7293349233,dikvb
4811183199,gnwzj
1636390504,jlvxj
5821052915,erymi
1580165521,ldvry
8730139196,bsthz
2135918666,lffat
3630614673,dqhnf
9188621247,qjvnh
1983441894,esqdc
3589704442,nbrce
8773517390,eujkl
2061146872,ntbmh
8890664936,hnufn
4756484894,ftfqv
3973795205,rjgru
2350757197,cflgu
2975199469,vyrpp
2008490812,aqvcc
4933682710,dxvjv
1469723258,ocidf
1263169468,kwwhm
6273148837,dnqgq
4390221187,fvcvg
8479128721,cgpat
2934316468,ishcm
3332048048,uayhe
5567050439,gltnl
9136592559,odyvs
8392315953,jwouf
2639309678,bvsis
6822649274,swtuh
4835198170,adifn
3571769896,cjsau
9844895497,qdkgj
8739346634,qewoi
9985129599,yafqt
2304680164,ixelu
3271413391,guvty
6868006597,dxxxu
1413753496,bldlw
9432909711,msszc
6035780131,qppky
4625692607,elkju
3459884653,crdhw
9612005244,awlji
1802084221,dqqsq
5383983632,ankca
4388756784,oqney
3494647341,gctqz
5663529400,fhodr
3113217108,fywow
2233736197,rxavo
7985767321,mropf
7663066768,wpozd
6014985290,dtexy
6957416256,xsvnc
8605526059,lycaj
6008090025,lyqpf
8223386389,pgbmr
2389222903,hpogv
3941233966,ridgz
3377045091,hhyit
2517987644,aruju
6666401504,ofmeu
4980477230,hwrsi
2719544771,xqiiv
7832177772,apvgd
8983250249,tmwjb
5881696856,bilya
6539366301,xefij
6781679000,flnca
9281161076,pvldx
6598758982,wurvk
7811179253,tlrvd
4869333492,mesyd
9992268455,yiuwo
9133466421,wllpf
7269246992,hokij
2074428723,tpigq
1612221173,jdmgb
5957770841,jymad
5457911167,cmwnb
8672787452,apuvn
3397231925,deiww
7497318266,hblyb
2902664750,dpcrz
5994437215,jdqlx
8572313359,oebzi
7413891362,mpdet
9042344763,cbtzi
8732414412,ejtnk
5482809817,zafod
5539520264,pqyqu
4298106038,rpxuj
3221965808,umphc
5378787292,fcebw
2545542922,feaas
6808578340,dbzuj
5387436486,vsjbv
2906190882,yqxgb
9715898243,tianv
8032276222,inyfu
4687994725,sovsz
2050978408,kibkk
9733702714,azpjh
9850073486,uoxvt
5989148506,xicvr
5501947234,jridu
2583919773,matks
1791936529,arfgu
3471965603,cjzap
9124958623,bxtpr
1959378119,htlsj
2745517954,nsuln
2198873223,vtcxt
7541897777,hveod
4087743424,bcsqd
5534103750,okovd
2039452210,viboc
6499499356,ordwf
7513230645,xjnwj
9450168963,fsqtp
1063664854,kbtyr
5590673418,tecsl
7194709183,qfuar
6047151886,ohurl
8131957219,viqyz
8227510184,tgboh
7953049894,lqlji
5831976917,ijfly
2453686529,rojms
2247004455,yccgm
4644601191,jiztr
4550733838,pcvoo
5923324745,lhaqk
6414748655,vjspg
3032596378,yenxp
1597958046,yfaug
2700480687,qwpcw
9361398828,ktsmq
8115204697,ngesg
2901593456,lkjca
3258361205,rnegv
4231383741,rrqrv
1015549234,ijkqc
1949339797,joins
4612395770,cyqvo
3887651518,tiuiw
9118023159,xccvl
7887307746,vgvun
8956664069,qgmww
2704561755,dfnou
4141710984,symcx
1868472328,zlych
9643195150,udsgp
8535379128,fwcdu
8744301790,xhuwq
6113798800,bypov
8131901381,kwupg
7824225543,qmpjn
1712192891,ltkar
3972772137,nluie
1965436493,yhoyz
9855177224,tfziy
1544067609,gakfn
2390541373,cmnel
4815537432,jhach
4332024455,lijdk
6311305181,dswcq
7865578843,esnte
4914238411,zwoyv
6059619950,duaed
2576176726,rsngk
8891595979,sptta
5112744498,bpdkr
2530615972,usevq
1319671254,pwnbx
3966170597,gkcqs
6630448566,tthtm
3175463908,cjawb
2110618852,lnbug
5572460400,gjqoa
4278136115,zvhdx
5273993923,demjr
1078224917,kugro
7875317077,nekxg
7943050300,iuilz
6911796028,mrbce
7884135993,crgwu
1394678992,lipdi
2217906492,qpfsi
6626127792,mxazq
8404664932,uhcgt
3063787197,teybh
5158970218,dpegp
8149912347,hojry
1693176714,ggual
3569617966,tndoq
8189352608,smqfy
7881294858,ttmta
1926280147,qytiv
8486910045,pitrw
9390194277,bynqk
4607101468,qoeje
9612576509,ogpis
1706678069,wukbi
7703459358,ktwyn
1524684620,spxlt
2619954887,ptlam
7636147238,mhuco
8474800995,tkhjh
7008101582,yhrau
1731674213,zizvw
8740732667,yfvml
1191087275,faree
9075988457,futxx
9807772001,aznii
6981918443,rppwa
9077998010,vsbib
7751801386,xhtpk
2685782203,mtwxh
9721214140,wnikd
1967239150,whvni
3167849549,aphcs
3741240920,hoaqj
1773341153,mfuna
6049419833,okcrv
9817133111,tteja
5059245420,genxn
5634455795,vylhc
3092974241,chtba
6411746902,hftbv
9958376813,hekmn
5661212701,bickn
7692813516,zymav
6056202202,rbqwp
9803039099,wxgev
4311650636,hjbej
8637031671,swcpn
6722764798,fenqw
6774414363,kcefr
9410159907,scyzv
6782108387,velai
4183398347,wnred
4369303714,iycie
3927162941,tinuj
5431783902,vzewo
3413934440,lhrce
6564047254,ktlgz
4027187548,udcqp
8941866045,pyhma
9571398847,vrvob
5346387284,nvmdl
9081953610,wyehj
8067501612,jryko
3099072769,srbxu
6192816566,joqrz
8276639670,epyhu
8693090747,dgpuh
4330658162,pkwyu
2937667923,dwfpf
1831129610,skkoh
4282813863,dmahe
8290310521,dorav
3235934035,uawes
3347123208,znign
8533116672,gancp
4158638509,qfaho
6697787727,esoon
9335141529,urmlw
2253830005,txfaj
1189166757,ozmtd
7799107688,rnmea
3359034569,hpvwj
4430504989,ztjof
7598123409,qioxt
2575092163,jjqnn
5063180215,wnjlz
3539073370,kntcu
2147920707,ywejg
5017061599,yteep
9452444659,bhlfa
6129163881,wpdsx
9447587705,atomp
7658375100,kyxgo
8281946708,rxxrm
9632906255,ddkiy
6699288362,qikxg
8348972749,njqas
7948101355,fcklj
4913675364,aejwp
3172488383,dsirm
1687371217,pqjku
8017167192,wggzs
8053091090,dwjix
5157443617,jhvdz
4474400514,ayqqa
4627792744,hoxqb
8439813707,ctfpm
5177038498,lufxv
7352821195,wjmyg
9452716577,zrcbn
6139816374,tyuoo
4984862546,wbhnz
5352297077,tcxwl
5548778066,wvakp
6329929729,uputf
7190246606,awliv
7582671237,nizbr
9024687521,eafvy
2235251639,fayni
3096245165,ubxae
9336582763,ensyl
7584075810,eclfu
6352738214,vnpmr
4380127917,cgrjr
6778116786,emuri
6092686455,ijfnr
9538732508,sagje
7509685576,cclik
2106242294,ienps
2783234057,kbbgo
5368310611,cwnat
7435211609,enwyx
1766098936,kjdwc
3320310782,unxjh
4445590065,lnfvp
3257747835,jlvax
6630780014,ohyoy
3258183897,xmbea
4230647478,eygoj
5028200860,gwyjq
7949038781,zetmq
8043284472,tmyky
9993385540,qecuh
4636914909,whuts
4812488378,wequr
1637386064,bcnfw
2116465032,ehzol
2690805428,mkvkz
9713489625,mmkwk
9024553408,rppyy
1280821174,sleil
4503538960,ejplo
1436460721,ttltv
1217595152,gedww
5968910661,hezwm
4416146840,lemow
5718083285,hajtu
1697037522,nowze
8287468846,aohzj
5457969695,yghpy
2260378460,ywhna
1543920479,sshcl
6799597487,yjzao
3251158297,edgid
8507560155,tfvkd
8201949921,ecvmb
9696810007,nqush
5158731863,fegxl
6722025068,micre
7389003713,ehflx
7287635962,dqnfu
5479569470,mtgjn
7616905890,jkhdo
6803165743,bphts
2617020480,fozhu
9296920095,npwgc
9372872164,mywwm
6231933713,jdssq
7346246121,wypqn
1155307690,sthao
4307498449,fxjew
3765422754,ywfoi
1529105748,ihnaq
6268132031,ochzp
7039475002,zlkjl
6126174612,fwled
1413417681,exczp
4572070592,elqan
3039007998,zbmzt
1179500882,mmshi
4701929641,bbpme
2258948563,trvsy
6550889345,ligqz
2927838259,fhwzo
2047206439,hjlcu
2468264360,nycuv
4083391045,klkez
5163256514,rjcnz
9872477655,fltct
6446920182,kiicy
7542206555,xufrq
7011796467,ngjeu
3833117234,uwjgg
6316746780,ncjot
7203412947,gpbvb
3980091925,szcnu
6584209579,cmsyr
4789943071,xnmsg
5302551311,dogmy
8854654968,phehh
1963533486,zidie
7330955213,mixgy
5817199119,wyxyv
1608309252,ciksy
3501423969,whkzt
5664287085,qjkgt
7808843519,wezzu
6747647424,hjscj
5574139309,hpdoa
2311101281,riguh
6344938841,yhawu
1549842433,stxwa
7529264024,ngzvy
3954446982,pyqep
9103061577,dccko
7251417336,ddnvd
6467321282,dygsm
3437381579,njpba
2236002575,rfbee
1465487545,yqdic
2505444646,msssy
9931279550,kfbpk
4563243994,ndasd
5873988466,aawpq
1214670582,vmsmn
6158586153,nnfuz
1152890423,bltnj
9006731745,hkqtl
6315284752,rajhp
6396249098,qaopz
8459108778,upjcn
5449946556,shvsp
5001399923,zssuz
6934071702,hkwqu
5324319090,wgyls
9132082243,nymri
8441973132,nvive
8925278652,wjifs
9665640685,hgxxz
3635521154,mttxa
9201829349,iowgm
2911116938,vpeih
8951047694,uztvr
5363616370,ijmyh
5872887629,olpeo
9527038671,tsnew
3169928262,oswuu
8284156336,eblqs
8898049975,uzhew
2105076586,djozz
5250117806,fpkop
4836522475,pptzm
5487573405,bstyo
5389615028,pmbdw
7368736427,gghfx
6219171903,wrwpu
6881454163,cvkad
8349670505,wzfdw
8723583032,tpibp
6672186305,kvtap
5958654491,ussar
2989758870,eqrxz
5729711390,fbdvl
1012709311,jaqdk
8965892837,aezsc
5302395512,pdmzs
2155936847,bprvq
8948544110,cvcmw
9863620247,qyuaz
8433418703,vsngj
1356916623,meqlh
9629444073,reowd
6743471899,ncroc
1613526281,matlc
3241674484,tqicw
3057569043,ubwvo
3423561064,kwfel
5959856286,sznws
5109262376,oejlp
5297864122,qtdcu
3719245090,xbzyt
5899205342,mpuiv
2745491160,rnivr
7489795455,cdffb
6083316201,lylqz
4395191803,kdwug
8366365551,zshkq
8722402543,lymos
4893320289,ntwcd
6860657069,mpdwl
7555183707,jinax
9239847684,njzuw
1753472167,qigct
7347112943,bxpqv
2942003478,tusyz
7750473330,ovvrg
2252198999,knjrm
5855210095,qtgwz
3867438458,zvkxi
6753233616,uhuxr
2724953699,zuqjr
9340247051,efxab
9564001620,wgwun
3894987171,mdotz
5468354300,kjcxr
6220031657,ruaxc
2758430449,iysjv
4903840004,upirt
2508740145,hafht
3696102348,hexfv
3590372536,tzynp
9879255872,ccoon
9924857325,txelx
8891552307,lrhat
5770302948,kzoqp
5336148409,zsdtt
4401626141,ppedg
6441523600,pndic
8148382368,kkbed
1161926114,ndzad
5125429855,bsywj
7516641026,epuad
7190848573,bihdm
2374036595,ekoyq
4591433417,tmnho
5333517158,mslsl
5132949730,fklwb
1105828189,ebouf
7048298101,offyf
3140205244,qdjso
3543079551,lbdoj
1344969901,mwxfx
8138342256,pwzph
3649839655,xlhyi
5072992282,mluiz
6066481671,vhrgf
4969783666,shcyr
3943806377,uckap
9233153909,bexgq
9768589195,fuece
1206069241,garuh
5623678985,nuvwa
3940134520,nphtj
7682088059,msbbh
2472107260,wmgnk
6452139470,gzuln
3729426674,zehpa
3596903049,cgmve
1043039384,jvznm
9489300841,noayw
3421154566,qljvs
5664138395,tjssx
4605863736,fbrlv
3994205352,slnml
4951106473,qqwgb
1824772835,nhfsr
9465937051,zoqpk
5521876626,yfdfp
2877410519,nidaq
2300225535,zxnjs
1763577310,fduke
3855155060,rktii
3148244671,oxqpx
6946564182,smvsv
1283363799,pgzpi
6719152934,spwby
6885537897,ztdhs
1168627022,kfglq
4788254984,ssxdg
4621971341,gpduh
8481005497,zwqln
5682558730,saeap
2328600574,sqrjm
8172772793,gowru
7018961129,rqcfc
7880895825,knjxj
9135202915,eqwwh
8063667794,tfgmm
8728558466,kjire
2269014580,grfyd
7165715364,woavf
7472526437,lsrns
8483987571,bnbqi
5102374225,qivea
2565829257,xqcoq
1747409366,hqtun
3360687184,sdacw
2079039923,mtuov
5434655101,mndgw
1582380220,lpgcf
2827086997,hgqns
6917437283,aupbr
1278235355,glyff
6403439133,mejmi
8246783908,wetcy
6067686473,dblud
8230263652,cvuth
5002604737,gnzjd
8308749097,pxncd
5856668377,ursxt
5322100216,vhihb
9270074410,knpwf
2475817270,bskcu
9010610970,zndyw
3145283642,wqdlc
4106475826,tsiwt
3492603745,rwfus
1070851467,dtwtv
2109288947,zestl
3492741480,absmy
2879460592,jkwjn
9717757854,nlziv
9468528355,jmxco
9197414363,rsfht
9106805793,lofea
7413706952,hozjs
1376974495,rbrwu
8333099001,wlmgd
7249463300,ozoib
9504110434,uwzgs
5314035490,jtspc
8851130450,vyhqq
7097244985,aiclu
9311384785,bdvxy
7561902780,kfulk
4663001345,pdxrt
8154035359,vhfan
4488933048,xoexu
4336958853,gifcg
7644795699,ntfaf
4949039041,dvktw
5794528344,vhuub
7852766054,yukes
8800439656,ascfb
5341673802,zxxfb
7979398787,ftvig
6981824963,xrqzh
9058075987,dltmh
9151192633,fdkyp
6270451220,dibim
2740461876,djyyr
5886217675,ktzjq
8310347183,dngld
7045786198,oxsdm
6986832575,rcvaq
5181844991,pnbxm
8057673149,yekoa
6301422017,kljsy
3587042167,pdpbj
1744640630,iqpal
4426416049,otary
2384946051,ghjvt
5011964141,laint
6275198200,hykwk
2795391106,wwfjr
3779517949,vpvek
6931866291,uurzl
9717894522,dvmxn
2788113314,aatmh
6877000381,axmzt
8962407567,vnpru
8535368863,ujdgp
5890937742,osyqg
6851042860,hfjlo
2713597804,ruoni
7067058434,dgcms
4668181101,itefj
2811286392,luvbr
5970667368,cfpzv
9977221233,wffxf
9588228246,ngbpc
7256345701,hgjui
4180890175,gdmxe
5156166571,tisbl
9357563786,emycg
4443384530,dgqch
4571099863,eclan
8664827257,qkjgi
7648650822,anbng
4848271769,kkyok
9149623886,ljoqr
3584646609,jlxoc
4439872680,xfyqo
7808793274,hcmjf
3144966683,ywuxk
7522015916,tdiyz
4840913208,twbvm
6745686990,hizwm
1403557314,wrlim
8196186794,wjpbt
4495553695,xgzqg
4378246783,sttmh
1793154035,aplqm
1514951576,hvimq
4133689423,forfg
1183864650,xsuhc
4752913279,buynk
9348185082,xnvud
7563929212,mlqdu
2455188543,qtobz
8762764397,ohvre
1885326137,plwot
1657980710,fxcsx
5820881685,musyz
7321044978,spbts
7863402037,lmjzl
7632398561,urrpi
2736584955,dffcx
6236351968,rfloj
5533368682,xwcgg
3418906078,jjoki
2482858022,nqnap
5282677219,rjeuc
4279520888,jabfi
1659554822,qvhru
4614701459,vbjxc
2698241918,geyvo
5260545203,ucjte
7522929197,eudst
2492498776,hnpsj
4295855898,odhyn
1177657425,qyvln
6911199299,xukou
5558118881,edewt
9838200091,tzsxz
3800462610,nswup
7949285827,jseld
7325272865,sowae
3756098657,ohcvy
6575580589,votpv
2532885914,swpri
5702686110,iokgx
6548327681,bxjav
2955885860,ulxvj
9156929441,stmlg
1269290416,zazdh
2590701651,dhoma
1661812372,mqmsj
6550055870,xqhrc
9082941215,fhugj
6723605027,wlnho
9304814090,zwhsg
3853085969,ossla
3891766468,joiea
1463047515,vmflx
1433519608,sjmpo
4482730459,uzusv
1946122586,ditnd
5921381859,kjnkc
4104050225,auugr
6637122418,nptzk
6257750175,pzeno
1509802699,scwiu
3890074141,iyjwf
4155155421,omgvj
1483114815,satua
2412446567,zmqra
9652334066,dovry
6735754373,seakf
7499323182,pthyi
9705243740,vlhyl
4741766981,leiul
9353911009,gkaln
4674390371,obvks
2340638100,zpboc
7281667361,pzpbu
5953337017,wkkcj
2542673349,essre
4103766241,pclej
5342041340,nhgvt
7793921758,rcsdy
2161231298,ngyxx
9873374175,qgoaw
1887356080,ctogm
4848231038,axcsj
2756596831,arljo
6963651338,vvwuu
1935689380,kvgft
4371755674,yhcur
8612493494,jioju
3992946376,amkil
9865732805,ufada
1657646128,ldees
3192304647,lcnhy
1962816122,geure
5460258886,xcmzn
2007509608,yhfix
3556743726,hemrj
5314469302,ylyie
4122544213,vsiyp
8667578783,raelc
9272563651,qwihr
2667406297,bregc
7311864905,eglkl
3637545323,bmmjb
6551082446,nukbj
6456433271,xzjyx
7346823888,szefl
1551669782,yofhb
7247145511,fznck
4158732153,ytzjk
7469876169,dafer
2087208441,bzlbb
2418812864,snyzv
8578291669,mfcci
2089802543,tbbmt
4615992271,vmhhm
5376118396,fatcx
7614548115,ntryz
6392045168,bcgxp
6772133510,zuijz
5707835095,ridxe
8859192374,lxoph
4664838769,wokiq
3774421097,wyqjm
5085386510,bxoeq
5454197694,vokwk
8067987629,yffkh
7877936997,jnjgg
6063553460,aahcq
9194140228,trfwj
8466915655,mguie
2345013576,zgpoh
2699546330,afdjl
6329647978,bvrgm
9791879912,ipyef
5275997221,aawwr
3178176144,ljwqu
7134370801,ifsjh
6936823290,nuuej
9803399604,xsgca
4349712389,ipmka
1687078272,oycjj
8548240370,lmudt
3117646363,ljoyb
3424371095,zhdpb
6251857037,pncim
3449614624,qbtsw
2460609524,oxajx
5794804412,mmzrm
2490963291,lkefo
9321900072,wfaio
8003774671,qfrom
4252388601,wuyot
1923164147,ryuqq
1965669997,iinix
1900589952,fulwf
3013444953,mdlti
8866736362,adlei
2795117116,nmjpw
9466652510,gyuik
9700381252,mkdik
5564668681,pquxx
4031883282,uwgxe
9728623123,emble
8863347340,gyxcm
6291796269,xdrvk
2062266442,sheut
4863939809,wgqoq
1470372406,fdoss
5719629159,nwegd
1087960297,sbfuo
2135548539,nnpdw
7763830873,uxijf
3735590716,iafmg
4676342684,czbdm
9645350093,nicaz
9051712548,lqxsb
5735332510,bmtxw
2148123020,agwlj
3318846825,wujfu
5444469476,utpnd
4171875916,imkwt
6564027983,rkzfj
8170902659,dcshg
8195767881,kzboc
3759386937,aarkv
7824447111,dqrvi
8856817988,groql
5841783879,xmfap
8247204869,sidir
5489364937,psfix
4173468992,enrss
7741680500,jhnao
4370443793,qmtqs
5473450024,pcqbl
9060170155,xgbwm
4579172196,ortdq
7457660316,gydhg
1427230569,ghikp
6938509043,kiycb
7044219077,efvcz
4899241431,kgnvf
3958218283,agkwx
6479140631,lgrrg
2574864412,iliwh
1755628690,ygsol
4688803122,zqfed
8950826121,kdtpp
4191614582,xaima
6799187727,katdv
3160225607,vhtkp
4096176270,tasty
6107169187,zioth
8238917850,lzzyf
5646222456,hsaum
5395858914,hbkvj
7893593633,dkhuw
5930194862,sbfof
6008639723,abxdw
8519032078,qwaml
6616168341,wywvt
9724019002,rbwms
3851119422,kbsso
8209651702,rvlei
5463999952,rcoif
2234615758,rvovp
4268904076,xhbnv
1906562080,rrejp
9554833502,pcskj
9162580893,orubq
9749788609,yohbi
4485064361,lmvhv
6163697072,uafkk
9230769075,ylhli
9977708861,ckqth
3713585517,pnpzs
7161145291,jlgpz
9660991006,ylknc
3413300642,hugne
6812731440,nbntl
7740319037,xopho
5003938244,xmpkk
7202090876,fooke
8989601724,rzbkf
9518078337,xfnbv
3431177305,akpwl
4296042358,enpon
4080742002,hbobu
4721325985,huedg
3151889208,bkvii
3995588809,pveaf
5390837577,fhvdf
2632628461,sjmac
3803757372,igxdn
3997566943,hhzjv
7945411961,hxsoz
2774849029,qzrjq
7797095046,yhzez
7932351637,zoxon
3037098794,qlgsz
8065122736,leijj
6778197266,lrmid
1734076873,ylroe
3414269689,oxjkw
7434694558,hfmxl
7057795974,qshtk
6564369548,edbkh
6543828236,hwujg
2771285814,lxweo
9317157343,ikkwk
5244688655,hmnlk
8961818284,urvca
3758236921,irkyl
7679890926,xuvrn
4817279702,iojma
1706296937,qezlt
7349664745,iahux
9983680479,dtdur
2952890226,zpghy
6880453980,bdevi
4507592215,slena
2863410439,tdsks
9165156734,ofyrj
8622804193,cqtvv
8031447649,lwgtt
3712782763,owaqa
8510265035,rrsan
7262083702,ejiak
4705198854,tbszg
3217747784,hdvvi
1134917349,umzjw
5505826663,ocqew
7178752659,lbhhp
7603034224,yzast
9087756574,fgqes
3479446433,cvqef
8908983330,tgoky
8034476583,blccj
6655009956,qvydb
4453319231,tqdzx
9439647436,aunmq
3993294590,rwock
3985314636,ylknr
2620358714,zwifk
3379769445,ennbu
9073695012,dfmoo
1613980886,lupum
4260450768,orrnw
4883987125,ukmqy
4950739609,ehodt
5179778810,ircpx
1752354995,nuacm
9866399369,mdppz
7607599815,mldev
7340340556,tmgle
9357500054,hqxla
3969139106,hovaq
4385008962,qfakc
5807918655,wspba
1751454192,dapne
4339685555,laqaj
6323555435,gctkv
3031637377,zknad
7105515073,bllwd
8308465824,fjkfa
8220598666,dbuba
8442140157,ipcjw
5311269585,jkxko
2099347325,qbdor
3107093613,vqgvj
5980982807,apmwy
7033018142,kybvx
9189334848,dqefw
6643141182,qzlni
3443786302,ahlvb
7801516158,qvqow
2165335994,jgfyh
2154888699,uwpgs
3752490598,algnf
8596062806,sampi
8768904563,gcnvx
9174877740,droec
5415259163,fjyqv
3794192136,ytzuj
8537736324,qrhfu
5053768873,nqmpi
6336722344,vsfyb
8158969681,xcjde
1423397469,exhnf
8120468474,crgep
1279572409,fspnd
6725018306,ijmxn
6585403070,sabfv
3512557022,yjhxi
4538347062,idwzw
7543145173,txzlr
4435245784,assav
4901483647,ivotk
2250986998,xisud
4951627773,qjakl
3501353903,bwiab
8216005995,nlnkc
3355805610,fllao
8290741519,gqpkj
3340414671,vtdfo
1557019293,rqrma
1245412052,zolax
4199842273,bbabt
8379607283,hyjni
3744144693,gwgld
3115785189,ajxsd
2545859717,tdvrt
5235209071,pwvpi
6339105521,vlaqa
9407233027,hspfo
4163120298,ccnpc
3523824940,mcrmi
3778424060,ibflx
9317051604,jnzch
5976571397,fgaie
7942049549,ooczd
5815233062,qbgqx
7300243870,tglut
6709572336,czuqk
7675508205,cfnaa
2380676778,dkgkq
6385007104,nzxah
7116728334,hstzx
7364430001,cenry
8324669378,qfjry
5582101459,sxdwc
5987853048,vtyhd
1508830086,rxcsc
8149548940,uxuhk
2755477592,mukxe
1249195126,xotkt
1843120064,jowrl
7261737393,hgjvg
4461028097,seozk
9892635268,ftybq
5127437456,nmwtw
2354473032,qjlqe
4145003738,gcqtl
5163437086,wcliv
3031647997,ozcsk
7130638687,rdluk
7864023143,nhsnx
2405364001,mbcjs
9066198715,spgwa
4346578336,sptzx
6537306085,evpyq
9259621847,wkcwv
1941485841,pllmw
2986237790,fwufs
6798374274,dtxjs
9695611066,ueyik
1064132515,zepnc
3295466474,grhbw
6070811604,pmwej
8978787560,bhgdo
3345531295,nfest
8486431172,vrjcc
1488386217,ebpcg
6447959566,rtsdp
4719210004,bmenq
9679919798,sxbvf
2025618904,urotr
2732989414,qfntm
5932314605,bwibu
6603035026,cxmae
4741098040,jdffj
1722106493,eybhb
3601097750,mgthn
1809838361,eofpe
2840461850,cmlxz
9233684967,ijses
9442560730,eggfd
6640443730,fkrtu
2351824682,wkyyl
6298904083,gpomo
1336443841,utfiq
1754953314,fotim
9835378222,gdwhx
9090896507,nefhs
1127397108,brxmg
6027469267,ymroa
1050505507,hfhcu
1277950646,wpptd
1429294513,chzrr
9281480171,vezlr
8721792606,wmydk
8580492791,vkkii
7832195242,bbnxr
5293210407,qtfvb
2480750074,pwtvl
7650176888,xkrpl
9519531926,wszcf
9313244431,labsv
3538987211,tjxjo
1805889815,nawdn
8599022363,xtoiu
2669714071,dhiyk
9017716595,xiyqy
4076207081,gomkd
3131177586,ujcan
2379548886,ksimq
4512058914,wfzhd
1545833724,cclnb
1862397184,cneui
4305570460,cubnt
7592795240,ynvnz
8270587539,pszdn
7759832070,egoid
6245424750,jrruu
3263077983,guucb
1228196671,mqleb
5673391306,gxogp
9145811643,uorfs
4115658480,ztsju
7460805347,bxvxb
4991626542,qazmw
1810506619,jdglh
1161513349,zkgcz
7356005450,kgdhj
5365702351,ctkxx
7900672928,cwkcn
7954524422,eoizi
2686715276,dvzwe
8926681358,ztdes
5167531862,pfciu
8095550284,wzkqm
1243957302,zlhvd
6483973250,wwfbm
8343773367,neumq
6173885391,lwmal
6472851535,dxtgw
7834758328,ohwzj
1298406289,edogs
7760294726,pidxp
3097085923,vkytv
5058164695,pthcr
9337381544,zsbib
1940720939,ejzfo
9308474095,tbtvv
7971193048,vujig
3875187519,bzdgz
1102813315,vpssb
6911310900,ysyqc
5196078296,zrdlk
9106696096,uqwhs
3687264333,bjfaa
9864268684,beqss
8484698746,vhgjz
2951485790,amylv
4032396850,ryens
7285094312,cjyqt
2484911952,avgbf
2870170587,pptaz
4801105395,lbuxk
6262170522,qhjsi
3781495225,hrljt
9340016446,poynt
6898550286,ymlce
8488705056,jhabx
5429833450,szicw
5303421638,nbufi
3372976617,wqbzb
9439113155,psdqx
2180139823,iahtw
1479097051,ciysp
7410426383,pylrd
2749722886,hyqxo
2188268254,lhogx
8467725833,ynpjb
9827513415,nvfuo
3051510937,rafvz
5359390640,ctjnu
8590555406,eterh
6949264904,guwqj
9956929989,uxkmw
6825546696,wqudx
2441950846,ciwcs
6600983177,gabpq
4016951940,nmazs
3703739359,tjkpb
1881918382,asqzo
2494649366,sfnhh
1487066634,iuccx
7905710239,ooivc
1779290986,ketef
6921104762,kzdyk
6426496378,atzfr
3147414608,igwvk
5536397200,wfnjs
1158191816,zfhux
6508054492,msesg
9500048651,jsfrb
3715710452,jdwhp
2897253682,gvzku
3907039229,sizps
2510872189,vhsqy
5925860810,lgyal
6353937829,gqsvb
2254964959,tprgo
7807724688,ssxdo
6066547977,vtzcg
9144955595,zaerj
1068176570,uywbt
1154355103,nslzg
7072557433,emimj
6593941957,ykbau
2509419426,overh
2117128176,bsxaa
1615884644,smtos
4631343089,fcrtp
1537781519,iimwh
1186190571,fwpmv
2592907357,ucnuu
9496966518,uyyyn
7537397329,vtdoo
7203745970,lrdxj
3867676161,cazlp
9238576044,livxq
1807962823,yriqb
8038911819,wjvnb
8827144194,njsaz
5220344084,qfzfv
1248105000,trjay
5351404791,mlmhk
3516632193,rzejt
4525034826,excow
5925272936,iovjb
5554095424,poros
8335050727,vtcbx
5849236179,mbzjj
1514654247,pfgnr
4724956541,massa
3124043994,iekph
3246512619,nsywu
8734062211,fdvtv
8329533507,vwlph
8865631620,idbpa
2658249895,cctpx
6853255935,azyql
8661658630,fvilh
7458041362,xtzej
5947251536,htidj
3631547250,aapno
4205199678,nralq
8643066839,vthne
6214999714,chcil
7607548305,hunam
2550064809,qnatr
5251285535,togob
1995747340,gabgr
6769929394,gzyph
8967781041,evinu
7861203950,rozie
1436799819,uuvpc
6842298315,jwuex
8681754211,rmhjt
6601582531,vlfsw
7668981223,kvwtp
6852693194,wksgf
4541107491,psxpi
5841872401,lyexv
2972759411,nsknx
3200899459,xnpkx
2723364906,huecr
6048028029,meolc
2810608218,edace
6492773671,plzlq
7106918487,rlmsh
8954750118,qgycm
1729995181,uaaio
8869912064,fvozt
6527861216,yyjtp
4120028401,hglfj
3289493587,zqmzw
4797317603,naijp
9074786514,vdzce
6109371537,xywyw
2454686750,fesjd
3803039709,jfhiz
1013436237,hyoeu
7772723881,xsfcy
1853222157,kqres
7028551951,wopvs
1490114265,qanwk
5824408167,fjgwz
3197765136,rmsbp
4330495975,mdsya
7846376989,ycfop
3096809600,lqdsz
4306118377,ppwey
4585066186,kxjth
6501940818,ixolc
5861922681,dgjcc
4253035446,oeegk
5607878911,prtkj
9545510924,eqted
1709161164,iwwzf
7681249676,ffdzx
3344011624,yxpts
2986188570,yplpb
7156879628,wjtfj
1421630681,gpprk
5952861493,lbezx
4815163034,oaiex
4543021598,rpbod
3654566235,qffjv
1510298464,ucbaw
7585334188,vqjxi
7384735748,cmgok
8546795006,gqhdh
2726524971,xahvv
1276686619,mcsov
8003759323,jasoe
8438097080,gimfr
8729792277,ebrql
8477080094,dquva
5691716855,ggkey
7285784398,eummq
7086956096,zmlgg
8102732548,drsru
1156542189,ovbgl
4988054215,bdlyk
1026966050,xsubx
1646844930,ceuyk
8968607563,elebe
1452574523,fapts
8418567975,aduwx
3791366001,rxwnw
6273007711,kjvnq
1995239907,grxpe
2802365988,slxhb
1070218630,lwzqa
4332818996,zqiby
8506613388,ngego
1866483135,qgixz
9050686377,amhuy
5635565229,pfgsh
3746465968,mrxiu
1222427421,stnhv
6613430794,fsbhk
4338154247,tqtox
7593651916,oovkf
2664688925,kmbyy
9418650207,tuxqu
8570057155,qixyt
8258380202,hdzgf
6780626335,lsqxg
8931677445,vlstt
6447116609,edsqc
2707255212,kscwr
2778615321,deygv
2154755580,dcfmk
4714906504,tqxme
6294875693,gpaju
3067380591,beqki
7557016448,vnmpb
6790927429,zxrgp
8042530217,qgsra
1037759698,prhif
3673207924,kstsj
6980327508,fwzwp
1203007142,bntvz
2152825877,sbcji
6989632016,gzdng
7711546616,vhsov
9401198396,fqext
2530496660,lcjpt
4363861612,rvicd
5696635036,ytvtg
4846457514,cewfz
1522949303,bncjv
6442507794,cegbf
8055318578,pzxfw
5016550256,ozxpt
4129877610,kmmls
6671362213,dibxn
9538141736,notxj
9757397260,yyqnp
1097949794,rsdmp
1465673461,aacyi
3943032574,liuzz
2257620057,reezg
5241182479,twfyx
5730280905,ndqcm
6272324118,bypeb
7793875531,hmrzx
5361459294,cfcjr
4126915367,qnvda
7170061690,aklle
9986980359,okkaj
3538816212,desvx
5100037341,oobom
4863041418,dahgx
3718678830,yvlry
8101740657,yeapv
2862703389,ypiip
9470219379,nxhex
9651190410,ejhxo
9634001345,pxntc
3880383945,ejrgu
3961357948,patxa
3340370399,clrzl
7624893068,ubuvb
1908811224,lqent
5868975830,eaytm
8633980326,qkwxc
2814953695,nfpks
3537975138,clspo
8828416729,hzudn
1461124372,iogbt
7390593118,lczys
1635754199,luqvp
4616627587,cqluc
9125276737,qdtzb
7039997568,blimv
2160204497,gsyeh
2030236088,cwqgr
9198416110,qegmk
5638019340,jyzfy
3230670538,yayad
5323395160,lzpvg
5114617843,kutgz
2037567854,rrfyo
2762344579,wgwhf
9151784221,jfnpk
8794825955,tqetx
3966325483,cjqvx
4515209228,ekblo
3144927064,evodv
4520241316,mrjiu
1409904880,jiwxw
1037924859,elviy
4110347751,ujblz
7257584881,vjpbf
4970914874,awmux
7030823096,dfcla
2451647681,debwl
1995431707,aettd
2106404015,fmldd
7212916306,acqiu
6847665547,lhqff
3070995365,qjnds
5605988850,ankdt
2209482672,aqgct
8365433310,cfswg
3026543707,xlqau
1554649780,fjvjl
6759449693,ksbnl
6460878788,gswqw
2222198658,kpumd
9332640907,vcizg
9659685132,oayxs
5579376263,hrzxi
1301775134,jpalh
7206095304,uixom
6512381383,ebdpn
8216699476,adzab
7921569995,feiti
3070191056,woxsy
8582379303,mygvy
6804793693,pcipa
7227208538,ngzwh
3624078853,xcvxe
7498779400,jtzab
2232086811,puxou
8184004390,mmvec
3517420003,cdvzc
6499251139,nwcdz
3552447104,akjpg
6007610929,dzeuc
3626486233,bdocr
6704873888,efgbc
7226016411,ogzei
9651782692,mjyus
9055116140,sdpyl
7188438254,weysk
4006005932,hbcvc
4080069190,jppys
9870512072,qlpck
2997754882,fggxd
1312118479,xawjf
1887769363,owmdk
5131821663,ojrdz
6968986300,lxlso
3899061138,kvarq
5831009946,trswe
7238905575,npych
8267980044,wyxhg
7916152935,ulaja
5006642654,rqlba
8394110767,wdedp
2427839545,qxpee
5082684440,zekob
6400765589,moony
3683095279,lvowi
4294330473,pkosy
2258197318,cyiyw
2347712234,tibhs
9809199609,estoq
4315898304,fnurt
3271706485,pxwhu
1867000652,bmcbp
5074109774,queip
6775328244,wrjzq
4165843074,zvbug
9352636681,qucag
2170839005,cpaie
9461521021,zdbti
5141913851,hrrmz
3465477433,oetpg
7913856892,fqhzi
6405039105,kyfzj
3607503371,aaxqz
1547493842,gopbi
1559883773,nrsjb
6053460971,qjide
5566269983,epmyt
7437941035,gqciz
9155935652,xrxjo
2815278012,dlweo
1652638526,apalr
4931288172,yemep
6453784160,xviqg
3783650244,taqcz
3197134187,emdru
2368660855,hmesf
6680063378,ifstr
6986044734,nvkzo
2540112173,hwodp
6402787497,mdidv
9806216623,pprks
2432948124,uqzmy
1225938980,kcfrn
9934275443,xnkfh
7311393583,xxmeu
3510095251,rjzjm
4718485839,nlztm
1463619618,facfq
7722808994,ipoji
2781639055,zlddo
8546318258,vrpvq
6366556147,gnjrc
3521519924,incdv
2053586208,klpmq
6589158725,khtka
5916290276,vdwkm
5885217471,ewntw
7026541818,yosce
7530143061,hyqgs
8875106380,zbaoa
1827459911,hyhor
2759789823,nrhxu
7244651341,abjwu
9243963819,oilfg
7216219302,cwept
6670866557,aohnl
9784301756,ashxf
1307736880,cuqet
6621903455,kkaqn
9066471404,tqqjb
4532373119,reyyv
1068633361,crivn
4216567249,ckctb
8450369269,ytrvd
9282866011,xeiwb
5210293467,ekshm
2895041385,ygnaq
1812589188,wawko
1052561086,kehth
3083073283,pzmfo
7857490089,qykbj
5381084078,tspap
7302715693,uybmt
5629120459,perfs
8836742218,bvkjg
5452326781,ckqkw
9316963001,lyasj
5617785547,zbqow
5894217160,fiuqh
4325435264,pbgki
2608478411,jrweh
9152380852,iehtb
4319692596,bqnjx
6265534573,dfqiy
9799479749,wosen
7711697213,xctlq
8338620910,furyx
9237503099,ogugt
6051954392,vrvqa
6891539726,qdpch
5578378782,cqzbo
6807315459,nqcjj
1532307405,gqynt
4032101126,llyuu
9018974344,gpsjp
5129235462,aoxdi
2540422567,tgndj
5583651146,nztgb
1086630942,ncjbi
7170715721,renzh
6832084823,viyar
5644440079,mpahm
7137592673,mgkfo
5535980151,blktx
6394290633,omjgu
6653970685,qaojl
4761282157,lceka
8619809402,gnjky
5898409621,wozvp
9477877621,eurzt
7957407067,aqdao
3213227229,opesg
9001245203,ydwqd
4665769746,jyivl
7036976482,cfiip
4271240274,kdccr
3664264175,lxoxg
3952356401,ganfn
7597514181,ixizl
8883131941,xolrk
5365761039,gwnha
8765994303,skkvv
1086276047,hjccy
4641251508,aglez
1959938148,nxhku
3045284509,ujjlk
1999435736,znill
1537777635,cjluc
6790516733,twtlh
3966677847,xleeb
8843368033,tbusy
2802346368,inasr
7801979399,uvgsx
4249419978,spxqf
2311796974,inrct
5776952682,uzhwr
3916317490,kobgn
5423286931,lelal
2631260608,hzhhv
1743304721,lknah
2228754966,aizzf
6356987853,leujt
7237986902,rxrkq
5135155621,hnsrf
2288195162,avgzv
5130993607,hsjoj
1330126927,vutab
5522210405,idzfr
9818001509,kqnjb
1320698593,yjgkk
7502151755,timzq
2496552739,ihgbg
5776610972,rxswz
6803772823,onymx
9835821012,xsetu
7469329109,zdsci
9226038621,fldjc
1985683024,uisxt
9691752862,cstoa
7317327094,jtyer
2390194220,dxmhm
8482051610,pcvgi
9611374535,seqla
8686186813,afiec
4769574174,isyst
1272801543,wcofw
9495679916,nfmhg
1673189755,nuvni
8985679816,kukaq
1238485633,orkpw
3364599659,lmkfo
4767726745,xgtok
9940766012,jjzva
4066759958,kjgta
2213994131,mdkrz
6129963442,uhbda
1224368059,showg
4412253528,tfrbn
7809139514,mqqnp
6656469584,ludij
1480220807,vdvtv
5834581636,ghexb
6712459804,hjrnj
1791742392,gnopw
7500408938,wsqfs
7062917089,tfxyi
1722891729,dutnb
1327117334,gxrsq
4560198371,makqv
4098903193,snsaf
9276844906,vnupl
4645889637,cuuoa
6564697800,qzoos
3075478095,weqss
9894777321,ippjp
3560449644,xkttp
7565381050,feupx
9714370262,nucvh
6537140183,nazan
2459958790,vdukb
9786381677,aawkn
7677371404,kvqde
9506880510,yfjcv
7536718986,vpdkq
3624871540,rslwi
6505849876,slxfq
2981118158,nexdk
8587993670,quuvj
2265282447,uqpck
2536369641,tgiee
3273678088,zdjjk
5305611304,huuhn
6510023330,wkoyj
8455577719,dgwfe
5296864525,agltj
4174297977,rdkcd
4550338487,jrjte
6560531900,arbpz
3225613894,dhzay
3993289365,ulxep
8158628342,uwrmk
6705989367,xtvxt
4795691066,meesb
1945805388,neiwg
8247025625,rhtgy
3936414420,fzklm
5830664167,btzle
5425349222,hlsvf
3964700779,tvfah
4158640474,troda
7686407299,xijgf
1639794871,ziaro
9165925973,macwa
4877976026,zeuax
6008934563,gzlqo
3587464782,bsdcv
6140766944,pjdwz
4249790284,riiet
7479439551,zuohi
6388575957,cawbv
6610565560,qlhpp
3141789788,vqqfi
9528813522,zifnx
7049097825,gzxkm
8101256498,jakni
4917820414,mrvvo
2845997644,cawox
8635343599,awnza
7479515102,rhejb
3847996802,rnhry
1308687225,xbhuf
6234308947,dmuio
8375943363,spfnw
7980811820,ijhuu
5588135105,alglc
8493552544,nnfru
8557000583,uquxw
7129978449,ezrft
1426554412,yomgl
2733279532,kkkuq
3720515089,kdyhs
4047396989,jwfhm
6646656265,ihdid
6640446053,misdt
2253513561,jwgpa
2187777985,zgexo
1319301156,nacpf
8198042482,sriov
3016155937,kffni
6558663397,mxgwo
8886980348,skhnd
5486412794,rtyer
4046115451,mefxb
1836191032,ojgcg
9152896142,yware
4047786960,bxtvx
6568155959,dkmvg
6823204948,wnspr
7919525952,jhzia
6562429554,kmdsr
8979279752,illay
1131019356,yyrrx
1129396477,xeign
3819333739,pbjki
7235143795,aaorl
2181045576,cmxdr
3057058361,iusgk
9363379302,mkjam
2342138415,jojbf
2338233193,kyowl
6003322060,iwocf
8326960420,wblxb
7501188485,atfqq
3221966313,brsco
5446117457,jdlsh
1617710553,ucjfc
5022462926,kquhw
8386554509,ncvum
9310495416,fnxul
6461808785,bzzdn
6475015569,cmlcu
6846004945,ejfsi
5617841151,nairo
1783746159,mgdyo
8201160703,ruwzf
9591119197,ddqit
4086327782,hftau
3092466117,qxesv
6518208030,dmjwh
6451621322,rdotf
2034203345,prdqa
8711433364,rpeie
7174112284,fypia
6416773497,vmrqx
2780244575,ulusm
1559393744,igqfh
3246545299,jcvvu
5258297478,iafaq
9843819552,rlvum
1207682368,zxzty
8437897228,gbesn
6111254759,isyum
3431332265,gpeoa
8792913358,tielk
5075322703,fazdp
4947901647,bmjah
2724197176,vyoqx
7489619738,ogrjq
6613679214,ebgaj
1211723750,anmvq
3948071063,pvfxw
7118610620,vksin
8094543668,ycvxv
9444742889,roysg
2477314061,hdyyo
2316959524,gjfmc
8543651196,bulkt
9930775990,hahvc
3499905067,ufmqy
2158641610,zbrqr
5020074101,hjijh
6875653186,glxkp
3077413088,cbfpc
8955999038,rrtls
2135897997,figdl
5935760713,aaipg
1038627603,tahel
1053599212,yhqgc
9087721207,xywgp
3282280028,wmwxl
7923216489,bzwos
6223032269,oayqm
7314954324,apvmv
6669147256,ilesj
3633334454,jblge
3318881715,pbowe
4667506796,docby
8256778310,yogce
1299261979,wxjim
8864353163,szukk
3683025874,beixz
2676230499,rrqyd
4642531794,mbwyj
7611438941,ocige
5113820953,txrwt
3300446087,vhjgn
9364792072,mwrfk
2735388140,ghygf
5698665758,vzdnz
9632255279,tlmlv
5431450834,fjzkb
3590028401,giufc
9066746179,lzdlw
6705440523,zjdyz
4665970450,tsxkj
6420300179,tylvm
8062827079,xvjlr
2702540871,twsuy
3609263692,hnvaa
6210486739,chkmy
5567619665,zmsvb
6492342535,omshr
7734541918,vamcv
2373100953,qylhd
8933814980,jimim
9575947040,fntbz
8353745097,lhbho
5342442314,gtahy
5058428660,itzfm
2469495675,bpjey
6214232562,wqqkp
4394660587,lpkap
2779696860,rdxvl
1932895747,wfrnn
9372822448,jintk
8308598296,qeiew
2769631005,ybgex
1774525018,ervsa
9947773706,zigkj
9525921977,zbsdu
5113490190,cvluf
2391744660,lcumm
8275004917,lcruv
5339434355,icwso
7958952530,ptvax
7828016642,jstjp
6342380289,vtwxq
6358253749,iedrz
4163357318,dcmba
3357096373,rbcuh
8601041271,supyt
8142333784,wftif
4680338764,smumn
2703803797,qxkys
6163729419,xvvub
2633920964,ctczt
9352965401,aizho
4550052907,jhzua
1859875374,ttahq
4902803721,vawnj
3849888016,afusq
8676485705,lcvhj
9901811656,hyvef
7322807763,imxgq
9600375481,wktoc
1041501518,fygsy
9412832387,ggeuu
2566855301,xqttq
1083427945,axwmw
8142301369,qmnkd
6061965124,viplo
3591963093,krqtl
9321148871,btoic
5791054289,psbkp
9384098245,ktrem
4899154965,azogq
8403971726,nowwb
7829802181,ojsnt
4116129602,dtyfr
9576584891,oabgz
9152911584,pugcn
5207250357,ieqkr
7535940963,suypb
1356311966,ptvik
1211895232,xjbyh
3248042253,lymrt
7747636295,avghe
6118306296,kfujf
5821632262,jyxtl
2498184796,fhctd
4267633552,wufuu
7943823319,qgaox
4744696439,zocdp
1629421586,cyigt
8360642864,mwbnk
2182994676,ebotm
7542381086,eqdyc
7311157869,lacrr
7452231631,ndscw
3589761104,rowiv
4653495517,gtiia
5545387078,ejjhc
4593702965,ayuqp
9775072576,ltief
7278686328,crizc
8647665283,shvvh
4330332149,lkbsg
8329346661,lqkir
8621273646,wjnmc
2070520485,buzop
3733508561,rrvpg
1867961146,rmxtt
6965645484,vlcgv
1989512375,wcmsv
2170957628,obnvn
6283125186,gzfht
2604930594,qrgnu
5784689557,wkkbd
2706978216,yvsxl
3697773233,mxcgs
1502629322,zjrkx
4795036751,fkywy
9754045906,plzlz
5717334071,itadx
6640281831,ucchd
9719161837,dpvkf
8093284217,rzbbd
7952097645,oyptw
7924426610,qqtia
8499135687,zhnof
6672445591,irivx
3226400331,ytucg
4902408641,jylrf
3626394872,szikk
7344645110,oonkl
1581609575,lhijh
8391644489,lmvjk
9578278860,qimwm
2534708727,zwggc
1383607003,npoxm
4518892581,tidfp
1088004343,ocmkx
2914691868,jmlru
6330274500,asmra
9660040626,cjwjp
6525151717,wzcrj
1428617310,yfvxo
7702388900,gmmqz
7742779731,qlrbg
8317159768,gjtsi
1229603857,gtweb
1146084619,uhuxv
8724697104,snekc
2820600709,uieiv
5827308780,tuesg
9728623999,pqlmf
7441013428,uqoqj
9501460130,hksoh
3097362402,guqku
9624298482,acnwq
6604001143,xpkhs
5601163038,ozebt
3599065550,kkagu
5393066904,uyiee
9764958357,pobdm
6498546075,ugqpo
7442247854,etene
4111261697,otnyd
3253060081,ceuhj
3024830776,ldiyp
3721025496,mmsph
8351129595,kifkm
5975075701,nkarm
4757612373,icema
8888595531,zirpx
1987766601,rreve
1652621744,fmryv
7166535032,cuter
9951641019,ulpwk
3601219146,ffvzu
1716097987,fcfgp
8161574689,zojnh
9544502409,mhosk
9158337754,rkbvk
6290759968,sbbup
9370887310,tgzsw
8016815293,ztpar
4683426651,xtcej
9314843447,fjuoj
3192496661,dawdz
3793391842,nbtqt
3645559510,rpqrj
4425227043,dnivi
4860045929,exghh
3307964927,rynbm
4123832636,xnxif
4366823187,frxmd
1558990317,ttahc
2524428695,wdvwi
6315625854,dtdvf
5207693438,mkpda
4075685032,gxntm
4597533176,hdmhr
8094690118,exfdn
5280102399,fwpwe
7275093208,ginpi
4353796004,hszbk
2808498157,gndzs
4871239345,vjhkl
5095522524,hiqas
8720283453,xgehk
5130327675,mfawa
2723930292,gqkeg
4985302516,ildby
7579677465,mpcki
6849491147,dstnl
7055965807,vgxcx
3498502927,txhqu
3282337898,kapwr
7087960791,zenel
2839538477,zymam
2030937377,xwfmv
8164304717,nixtk
4689690262,brprs
5278512450,gckmm
8222196498,sfxis
2956875452,jwvku
3752867176,ccrag
3802877643,wqssn
2863270714,vowbl
6053268176,uotvw
5077860543,zibxq
9935109778,psqli
7331874500,juwon
2470638924,shung
8937028493,utrug
9235135739,saupw
9295100872,nchqp
8780318699,awule
9368242303,wryjk
4749694288,pvkrs
2598713515,wfcvs
8256888345,grhuv
3599834805,evvzm
7280021152,adofk
1150658726,srayz
9903269421,okxgo
9897663260,ghlfz
3512660053,rtyeu
7378107556,ezbit
4669102535,fkddb
8180209926,pzlho
6715710042,uvrjn
8231670843,genmm
4712944506,kdpof
7736761630,xaowk
9610318848,shrij
1851903557,aiaru
5489753310,wltog
2094117211,hphyi
2851101940,zhfrz
6436743847,cyapo
7474904679,uuqno
9112275405,jvlxd
1187242449,akasy
7846418039,zyhek
7755328631,jfcpn
2556758970,sfvhb
4414479576,gwwdp
7129382636,ibznz
2813589057,rzrum
9057387090,qiqan
1956978587,zwhnn
7279481253,ldaml
1666842979,ksxss
3672988338,hjhkn
9686034290,abntv
4876382194,fejxd
9026235291,eyrhm
1703058311,sqblv
3951759720,yzssw
2345631362,ubhdv
7003641245,bdiii
9798325054,xmvzh
4244211063,hyuxc
2763998861,dlhzp
2277044878,skwvp
2725434872,upouy
1844689269,jrmgv
8509598602,qrmrf
2621619453,yllwu
5422194319,sclps
9062975081,aijpl
9992929439,qqfxv
7649029460,mvdsy
4688013659,okqhh
1410158337,ekhfu
5611357773,cjpkx
9056472159,nbgjd
3550949468,oqyki
1040813026,odefm
1950566278,lqrjw
4690318674,ursue
6596475569,iwgql
3946644696,bxuav
2809033530,yxivg
6460010727,qrhvj
8768094843,iucid
7355223626,maykc
4697245035,uwqsh
4736334044,xjdns
4057846400,goihr
6495761573,pndzg
5365063627,xknzd
2694870089,ohkox
3898280199,nrnhf
7430032793,tkucn
6320933913,qkaeq
7459286086,rldbs
8812970033,byiry
1346354949,lvdko
1960887040,etwkz
4864479949,zuefn
5001261688,aisos
5597337491,znmjs
8965212220,miuca
1291836403,lwnbv
7595896565,kahjh
4536307579,rohem
9820172159,gbszt
7261739623,wzqbz
9063891814,yqgcc
5041573514,fxbpq
2055257860,jqzga
2150865911,cncgp
5244685605,qkyho
1973154245,aidxi
9392576577,dzldb
4581156898,uooln
4862586502,wjywe
4003853153,fhbtg
8160686102,vhpqt
2333230811,wixns
5153523224,jgyfa
7393204319,twhur
4951060198,isxfb
1344746198,edatw
9737654104,oheoj
6603614990,jaeup
1684721023,xhldj
6869859021,dkarf
6211682259,rcnwq
9803028198,kcgxc
9426779510,oxpht
6687137790,qtqed
3470501026,ywknm
1468191726,vxgih
5684716798,ifosr
2921544835,dhjha
8466644982,iibma
4705565009,ltpbv
5442516025,xuarl
4631863142,yovtm
1229136831,ykicl
5619227784,vtjys
8893865164,qrptx
7343715639,xjnjj
3764386231,ywwry
9756846541,goepm
5521603527,wrbgd
5706211079,cukyz
9682124192,mnidw
1290997517,wrqup
6461751356,defjz
1989284797,metsd
4065485056,nthcp
1941550545,exxnu
1588545235,tnkqx
5898410885,hyybi
7804674123,thlot
6284866189,pwcgl
6190602319,gaczh
7940745662,iboos
5473267203,wmblv
7279702255,mkivs
8500409973,czois
5071451617,kqlnq
3932809027,zrmnv
1618170423,jqyll
5731598765,oybsm
6980388424,xqezt
5029955025,hmmzz
6352553807,uuklu
8835667874,yarnp
6642671016,ptsdx
5157059970,egomo
9562500819,pcnpl
6971232105,ekvkf
8807709625,qqcfu
2580390822,kesfw
3222222841,ohvdt
2390280622,fcfwv
6312945940,jqmau
3516110918,ccgvh
7434977128,vjony
6421247197,dejws
2466900138,mmbzr
4993037498,xfndc
2770256799,fnhnc
6993381436,ivqcw
8587433961,whcnx
4412106546,rmdrv
6322837886,sdmax
4841755530,retkq
4117233528,yjntn
5814543934,mbrja
3976784553,iupun
3215252572,jvoql
3839379520,mrwyo
3959037582,wxije
8959444990,lkihm
3000729101,jkqxj
2262029516,weaxl
5963727074,rvpyq
8214747458,mdaki
8519504358,ghmmv
5092379779,ullua
1894970981,wpigx
2700790387,mpdpt
7840543662,ekccw
7696700313,yerjp
4958708062,vbxve
8190234386,xfdcw
3019075792,emcoo
9239379387,illfo
3162817068,ixddd
3437865102,dxuaq
9592315832,aiqaw
1115715723,dtcyw
4831873112,wijto
9513434055,mdkto
6405342546,ikfhe
9403225233,zdhgs
8504874323,bbqpp
5165943340,rdooq
4044103014,ladzc
8483609197,jvclm
6613849564,pltlh
9532131831,vmuom
1930086959,gplnr
1359689988,asvqq
3214120174,fhkeg
1348169741,dztlg
1281831853,xwivl
1718543468,angru
9126451898,gwplh
1202525471,shryz
8116510198,ucors
2584971836,mmtzc
1956934528,jviqb
5181127997,kkkkd
1686695180,cnchl
4445421075,fjarl
4010071808,ysvxf
3146686280,ehdks
9839450910,vytpm
2617060875,mlkqa
3786740627,nzfsu
4578114504,ebxjo
9212207287,eptzk
5748303189,yhgap
6674178785,dcvgl
5018061216,wuboi
3191975264,covhk
9378552941,ylnrg
8889205337,cmmxf
2094861144,edrli
4402864588,ftjdd
6032960461,clomr
5772188792,cbtsw
5413901243,rlkel
7826991376,gfjyu
4058724452,zmzio
7433797418,jvwxb
7848765457,aigst
3473171364,pbnhj
1244924462,jdkar
9656052545,suwrx
8243849077,abctc
7063360592,uptsn
7515341837,ovpkg
4887445509,zflut
3953576399,vmfrp
4995845324,dhbur
9898245026,ghezn
9400426751,cdjik
7181741820,cuwrd
3217317896,tciws
2740247459,zzxin
1156330530,epemd
1572285265,xygmu
8568967301,mdjkp
2717118025,wgrqm
2088583694,yvgsv
7703914130,ldrvv
5339692465,imylt
5079401154,uiuir
3090724010,bkmcb
3385485698,snflh
8901448720,nlirs
2308645940,hdrgw
3253891174,dqvec
5104131057,dynhs
7776819623,brsnc
1271746668,zwaqb
2001099301,klied
2328118936,ypjee
5218467519,imlqi
3246454859,mlhdt
6359919331,dbnpt
5139329040,ivnii
9573072038,rocxl
6882987541,nrqdt
7977042005,dzkjn
6231327581,fjzdn
8053010299,dmuii
1547577434,icdaa
8368545894,yrpqs
8135030606,qentl
2050897210,cdugf
3304342082,vtwga
8660741332,pdgnv
9031990845,wxudi
2064280835,mnpfp
7975395043,nrksw
3420192559,segpt
9611146201,wuwvt
2928324937,kigvl
9944351257,ghdjt
4616336870,yduxz
1755086418,aezod
1306563150,gfrtz
8281833026,hxojy
3706953740,rpieb
7516102880,ihszo
6922064383,uwfak
2573444937,xkllr
5853308577,xltrt
6403070779,ixmvz
1037320186,tsrnj
1203315782,bsgcw
7461026308,lfvxd
4926909358,rtsja
1593532868,petmn
1585455690,njpum
9370147056,lqpmh
3096142603,tkyaj
5042530961,xsfxl
8224198786,qbhps
3082398278,xqxlg
3482477315,ixxtp
8994837481,rtsli
3277033337,trevd
1491214686,xlpfd
8389575515,ipzbk
8579131117,fzkfi
7249412407,kjtfw
2564985367,jmehx
8388803933,ollcg
4319676015,uyyxj
6886484519,ybtiq
6855878229,clicd
2192297016,hqfwn
1696610686,ilvuv
1832326177,rissb
4082086064,ecdcc
2847736780,kktho
2463148579,wnbwd
6676194321,hqixi
6012831922,ulwrz
5361923161,choas
1266399310,zlwon
9288006810,kutyf
9511540309,vjtph
2177164367,sotrw
3176379870,gjrmk
3913216876,earvg
5949561746,ueraq
8987394142,shxrv
4621067843,ofpke
7819734962,ytubk
2724930006,igjmn
1628106806,btmpu
3340359281,mblbz
3777085570,dayci
9500274156,kebnz
3601095228,uevnc
1814754943,cshkf
6518475013,ydtca
4596643437,xqeif
9162011552,ujzny
9909084516,oibos
7109604335,xmpex
5461605449,vuyjl
7998814332,aretw
9494470342,virxx
6768097035,gkpjf
7914407538,xzpnr
6320047866,lsonw
1849779495,vtapl
6484507404,ckmtl
1284116623,smwde
8762849224,dheku
9451054009,xvrjw
1844401436,chygb
2335468998,umycw
1088497642,ybbcm
8364524020,odosl
8941310296,vngiu
9523352864,zkxmf
7123391210,zsnie
2442320625,dkoaq
9982111061,wrmee
8541415615,lkpkj
1483474634,oadsp
3106331171,llwus
8289364463,zegxc
7908285661,ghozr
2825523648,ybnaa
5306617842,zdknk
5236251826,cuzfl
8820657258,tjyvo
6769326319,gmagv
7154913179,nuaxz
7828072863,egezc
6222908221,ozera
3212660752,ctdtw
4823939833,jszzf
7485971291,fmswh
9292866264,cicoz
7114664706,ydiey
6302491700,ektba
2259324182,wfvol
8124487038,bztqt
3175366672,brhkc
9440871419,szuag
3831121770,ixlcb
1055223525,nsmhy
7068334910,oeykl
9240607032,qhteh
8518441846,fzydp
2902832766,cssxb
6885227707,igekw
1804822714,thzzv
2180348326,glctd
4875652657,qshwx
9088883318,vhmec
2579034439,neygb
1639184978,empkf
7957166558,mdneh
6850713430,tknyr
6988521460,mqevg
5715088119,ampwu
4685601994,sympy
2266969012,nrzwl
5955840513,amkbo
2139418657,qvgcp
8438885800,jefxi
5711157882,ermvc
9618794934,ruzbu
8867319677,cbdwp
8126453352,jflww
2452856877,xvzha
7104370304,fzsbe
8952997766,jnldr
5951052998,pbfys
8785413974,ixrcb
3449461703,sromg
4621132264,gwifv
7128804072,okrxo
8243337348,bsthy
9822254990,magbu
8319423740,lwzrh
7109142424,bjztv
2060628715,pspgd
3316890352,ezdwg
7472954968,hdsnh
1304842543,sqsyk
9715988588,zuavm
8279525867,vckem
2461486426,uinpj
8580554263,vbwog
2497078933,xhljv
3466431671,zzfmt
2187174102,sixmj
1892373757,ilrgz
8140649039,kyrpu
4198880650,fzxxy
1016037484,ftcag
2971644152,exitc
5902558517,ksxmk
4199523759,irjgx
3840548760,ywrkk
1506573523,tgrms
3811511037,megpt
8801303095,wdcng
5509483100,znigg
7415104294,hncsi
5449761902,tdslg
1946698832,cptnb
7126818518,sldnm
2825292828,iyrzh
7812956711,nhudy
9557280594,cgflt
1102938601,djcwx
3921812741,ekzyj
8627721795,woueo
4382295927,ixzey
8335427442,fddmt
2869817753,lnvne
1797265531,raoyu
6516275144,osjbb
7497064214,jsbpc
8670904248,iibsx
2332607540,cifzk
5058093821,crdsw
6805252737,ephhe
4938563892,cokom
7558026041,oeqnq
5910139787,uvbzk
1693549937,amsjy
8794787036,ibdtq
7292839528,oyuiz
8121540112,ijscf
1776344536,tvanq
5861850739,bcacr
3904970747,ekfpa
3310210535,jidjz
8804319818,usvdv
4972067425,lvhya
4914803247,oywzn
1045276907,awtor
6703546743,kmmtc
1566712637,gswbt
5654143680,gtthd
8724983729,navxn
9403569760,hysjy
9618091093,qhtzl
1060905862,ptsjj
3300397483,oitca
8066806026,kcarq
4730300327,nozvl
6236885861,eaajf
6500486523,uavfu
1575256409,rcdjs
2902116133,xaxex
2422562685,bfsnq
6083624659,rsiqf
2133933624,gidko
1205904891,bcfre
5654964809,rygjk
1050851352,rqjmt
2338622752,ptvop
2074403805,ugsmt
7912141104,kvpkk
4393173120,qwicw
9731969559,ovuof
5705923682,zwtbj
3870465635,phgbx
8267346889,wodgh
6878569413,irvra
2484217233,dhbkm
9571343093,nsybi
4671567028,yjrav
4576314158,xzwrc
6619258127,sdksf
4344058964,jnaim
2764152343,yljdn
3414148437,gootr
1223025292,qzyco
1754637196,yigxh
1745783591,yrwcx
2963864962,sfvju
1613277701,zxnty
3072785225,vpgvm
1919064813,vnyid
5284476048,hanwe
8883511359,lkwuu
1558943453,djcrn
7051099703,mkddn
1803730058,jhfqu
9095399332,pitpc
7274839860,aankx
7173176949,blkdx
2020186989,skqct
1179855268,wahnt
9080618047,bfufp
3003427828,mzczs
8831430282,lvccw
7411180421,akjci
9954006552,vsajj
9476558152,ehopq
3817418367,pxiio
9499397638,gxgiz
3954229770,pdfbi
7678189211,xgjzx
6681928661,ltyjt
1129756984,aovrk
5428261567,bwiad
8443946278,pbfzk
9197252302,zamst
5470955521,injxk
3987996678,mkgpm
1151391544,mvzzp
7341571360,gqngt
8402536861,rjbor
3196810362,fpovt
5439885452,haaej
4228412653,npbai
3428111798,itmsk
6067889246,pstol
9133865584,kqcaf
6429804793,ulnbi
2124736681,qxcwx
9162948466,xojks
7559033678,fwxie
5067862885,xaeen
3621661155,ksvnt
3493242922,uzcsh
6940129062,jxcmn
1703218092,zlqly
7064689352,rhvjq
6133251844,tobap
7923789078,lzoct
8227639593,pmuzv
2223175888,qergt
1935140832,ocaoc
4437127376,waijq
5415591309,qohuv
1686875062,wmiqs
2958666520,zvvtf
6319370832,kdril
6207345305,hjxjd
1456102463,twhww
7206447686,tvnbo
8156169798,pyphd
6380148647,dlzvz
7036285760,oajzn
7670688031,ijyyb
9291716040,yhysb
8824510375,hoxoy
6516610082,qskwu
1930757471,pkyqi
4136411599,dksdb
6103736057,nfiym
4261231638,zqtaz
2747639309,rtahp
6498621026,wsyel
8341105909,dviuf
2714499610,fsphh
9334842442,saqcv
9666494519,jbcsu
3803194173,oizuz
6652372966,hjrnj
3988592960,beupf
9025070396,icamj
2612920836,ssxiv
3923177934,emskh
1565978645,bkyec
6834187485,eizqs
7032318130,pxpuq
1348207697,wrpbu
9834125497,bebek
9023376083,saxrw
4249380509,iykiw
7239423029,daruq
3573827477,oczdj
5924845014,wtxxi
8728560594,hnoee
6266103900,mxuxw
6676807997,kcisp
8769935828,lgovy
4965765326,btpws
5912853662,qojyn
5847032839,ubstq
5284779876,lntcy
3144032073,rjerk
5909000142,tbafl
2203727379,bijtw
7011249846,kxkme
7109844470,dmayi
1756647618,abeio
8630199646,ofyem
2419408004,olktw
7084129982,zretp
8086625432,jasth
4549110736,xjqoa
5455899127,djrlt
8942443863,csqli
1981125510,xzcqn
7916111963,lqslz
1968552307,hykim
4635695252,hbvww
8218818100,uheni
8793035352,ffxzq
8250351399,tgvzx
8633610820,unlwd
1916652486,rjrin
6055785510,fjuig
7963961025,kgkte
5601126721,jmbet
1324424589,bgmgd
7235400832,jvdkr
1005636363,hpjle
1346389327,vmisu
6378842286,xssel
7998191937,kggqf
4084576767,vsfgr
2341307680,nnfti
2321327931,jbexw
9127884269,cmclt
8011808922,vgucy
7070526836,yfexw
2280982093,fuoma
4130183859,dvubi
2309792222,wgqga
2224598274,dlzol
3682719724,cgkhh
5897502854,fkloj
3057508373,zmusp
3009670095,seoqs
8143151039,avrvz
7778276224,qmlnx
5394953720,jvwkl
2715445532,yfpic
1679422914,otudx
7599588754,oxsdv
9049504354,ajjrv
3729821692,mxtwy
6115005582,xunif
8378744213,jckdz
5381423226,lpsal
8647517696,uzpyk
7518563833,kirua
4249788965,zrhwi
3604781070,awsyl
7628079541,jhrog
4793304077,ttpkq
7727121159,trtjd
9912274244,umdtr
9384901694,dfmtv
7231581523,gbrtp
3605271655,easav
4186876660,qwlfa
3390272263,oqank
2588802501,tqojk
7981340200,kyvxf
4485862270,nrrvv
2915112585,rzuad
8003043047,aazfq
1881743984,cwtnr
9595929992,ozbll
3359112013,fwqwo
6530924783,aqcab
6126814808,zenhk
3619755238,ihpmy
3883423667,ooeql
6448044317,itjwd
1085468458,eavns
5178654843,wfcbh
7087773910,zinsh
3373385078,pbefk
7146761351,yusxk
1540645376,rbakr
2850677832,zfpyq
6388740423,qqezc
5624928244,qvbpw
6445004134,eewlq
4694691637,ndrbq
6659141895,vhifv
2360183722,ejfae
9851851308,zfjao
2694480588,pjtgr
6994519931,zdcdg
8397364295,jpcsc
8152686882,uixct
2333113028,rpsvb
5836356168,nvgrm
8998757576,suhum
2294271371,rhzha
5734623296,xtanv
2628939519,awczr
8494167754,pgnmd
6803687411,itlyp
6082334765,cjifd
3496124990,adqzi
3360095569,sqbtk
5887014417,plpgk
9570116550,ltvjq
7419498716,snglc
1302418477,htzkc
9572532055,osshl
7262754740,ayaro
5721986381,hslsa
4889792922,jfunh
2050001549,pskjl
3688455627,ywvlm
8841010218,uespc
4277077379,dlemg
3411815647,qzvbg
2525643115,xtbvf
1323344614,xhlon
6258083383,akhdf
3285208166,munti
6009152835,ummix
6176281657,tnlhg
4650514787,ptxud
4570658129,puipf
6232470336,gakxq
3202796358,amknq
5180766701,ouisb
9276819318,odfig
3468032656,uasxl
6799865611,qmpqx
7063958933,pjefc
7329507291,itbxx
6585844515,jjeao
1976249630,arrgb
4463700627,jjwnr
1222978202,dhsyt
7430300236,rdhut
9183885234,kxsot
1887441609,wscto
9018570451,oedhd
7006393101,ifuau
6526659525,ijydv
2911997341,csimj
6177576377,lrdxf
5442517162,ucgky
2117746527,dhziv
6485214085,npwiu
3315251462,qozwm
4468200614,klfqw
1986415204,gbzhj
1076418309,vyxyc
2958525589,adofx
5322026759,nplpq
4599753037,dibcx
7801235263,mwavy
4362715193,yoikj
2781317086,qiozc
3081770610,bpeyc
5792464442,hzskr
7466052802,snmwr
1036991359,xbron
4830519699,txucd
7311456894,maier
9718711725,rxfkf
7310191967,zhbil
9740307041,addim
6287443664,chqcu
2573810313,ctfzs
7341827975,vpncb
8435683072,fluhe
7246053785,lhypw
6365019475,wwvva
8083717954,ussch
7298026941,zcnmp
1820085180,krxag
3818265267,meypl
4561841109,nhgfl
5047845665,acdxq
3914040527,ezvgu
6524962059,beqri
5111844370,rbzfs
4394077449,zjjyr
7545714466,wnfpr
7193400267,mgswc
4948266338,hkhpq
6918005355,qhaww
7749250222,hubbv
4443933210,sqrvh
4306364984,msvca
9944456223,huwtn
2990256814,csmtn
8205480814,qdrmw
6302598114,uinjj
4632901128,keuxt
6643684834,ebuwj
4333061899,etsaf
9051211299,hjdbd
5248089275,qtoyh
7415667671,kzicp
1097118197,kpxpe
1107531404,jwkof
5286581457,iheph
7180237349,htwpn
7016659453,ifobb
7931954805,qoqed
5287677049,tnjao
5547241748,dxusq
5629418078,sblwx
9502918622,wkojx
3561278420,avxwg
3581180921,rmhnw
1692745212,hufur
9141915111,dofhl
5973927094,mtjlb
2037416839,wszds
9808946652,icifb
8282880780,ymuup
8025559297,qicem
9537616391,owtku
8044282706,ofxju
6847378347,bzopm
8105242149,utjpx
2223485123,iryre
6668848478,gzlcv
3810221130,vnbai
6570141638,byqqp
1082333110,ojekq
7138978550,tiyzs
2086767132,ggurm
2994260168,bgoxj
8999351115,pornh
7790313000,njgis
8066644035,xfixf
5625191667,pinef
8414705865,jppol
8042276033,iptuv
4308605972,ccqwl
9314069189,zuigu
1752169465,fkvgo
3665805283,lpsjg
2119558697,fovff
3563239161,fzqzg
2679393315,gtixj
6194644675,yveky
6458011944,aihqf
5612689466,edftm
8246663805,irfys
4551539646,aigqy
9737829306,nfqao
2269604556,igikl
3923731766,kwoju
4280787939,krfot
7116431990,qmhsu
5346528742,mixex
6516239431,vqgsq
8414098970,ydseh
8545088429,dyrch
6232164837,megqp
6614776589,wfftu
7197669570,esfii
9703895358,yoxwi
1296658302,rzzlv
7591210082,eblam
3277224424,hxrub
6354130699,xqqbj
1034258173,ktefv
7886837928,wxpzd
3764000814,trxyj
3823162805,bmusn
1121664664,hsrct
7012071325,uswan
4498601886,vkvcx
8081249265,njfgo
6484410651,dochl
4756447553,rujog
9233145199,rikwx
7438885159,oiokt
5852196888,vwhpb
7580690110,abplp
3602970577,keewy
3266973846,wnsse
5484880983,dsnko
2439851430,nicxo
3931547037,vbijh
8720541404,iqgok
8895411567,xylbl
8275773724,ioacg
1472884033,bgyly
2009838267,qyyws
4008052547,taenb
3882658663,afwsk
2522222237,eggil
7806379640,gayzb
3353686818,grqpc
2027659651,rpdkv
7697930046,mnumc
9379356098,nsgpe
8827543228,rebur
7088444723,htzpn
5813594820,vbwig
7932278352,ozucn
2105497682,clelw
8046915002,hwyix
6917727477,cncsk
2155565107,vzmvk
6228221655,ftkji
9269492613,wqvty
1180724184,wsbwf
1914865039,hlwul
7275716119,ycqbk
6923588312,anenc
7260318541,bgrlv
3357226078,vhkun
8203721350,ruugg
9199610207,soclr
4563198842,vblvc
6157293720,fbwzg
8451145691,mlbpf
7001825484,srhnv
8890807562,ajnlt
9398594598,smxvy
8976609278,suzxk
6977535511,puhmy
6991920404,ycydr
7530634059,tgxmu
7454474660,cynwl
5904495413,dalma
1657091730,gkfuu
1012407964,hyqnc
2740922849,shcro
9886055349,udqvh
8813667911,mnqvc
3654267964,mulne
4070220790,eoyin
7651712834,omxwq
6285740466,ncvzw
3167812432,labkj
4047549253,hcrsb
4496373545,tkgxq
6371951892,qjvrk
5335398950,aykfp
6677930887,bulmi
3129342165,wwzgw
6706929283,znluf
6235770261,qpdwl
4684395850,xdzcf
6866974780,bfmfb
8390352459,pwjdc
7694157346,ukpeq
4628265299,gtnvg
1904344598,glyqy
7048617914,xxthp
2626960115,ktily
1967371128,jatob
8976388997,keuvf
7256312841,rzcfz
3047480062,udhuy
1400579289,pukjb
1068366109,qcbfm
6406142428,glcxs
1210646971,votsv
2252843200,swwbh
1816791280,lpjgs
2342054885,vkqyb
3613215163,ppzvc
5356369464,cdtjv
3368048766,jkolo
6548727575,arwck
7972476545,gsppj
9498749627,idyfh
1066513099,kgepw
2716715406,ctkeh
1629131676,pnjrr
9291424513,tbfzr
5413315990,opprw
5420029713,liygt
5652017686,ophhy
7343364951,qxlit
1976292099,lbmpi
8084601228,olfem
3261961039,ghqvl
6796754414,rstup
8098720837,tosxe
3454401494,efkxu
2808478898,aweev
8034858129,twatl
7325116318,fkwdf
5460741250,hkcjg
5914770515,iryjb
6013478828,scenl
4588695887,cgltj
4336942326,pmmyx
6568340957,ztndc
1043737461,ppamn
4385597469,hqltd
2203179024,hcekq
1756983102,czvcp
2525540117,djgts
2157126351,glsbf
5817213433,avejh
1090505817,eaber
7341192220,wwiye
9382429881,vgsrm
4051753395,hplxx
5847580784,vtdky
4441212809,kkraz
8644181915,xvzln
2998801001,hkida
3645249191,wpxxa
9653841686,crbrc
4679302486,axzul
3350838919,fvljc
6878270121,xtkbf
4975314153,kmavu
5755004439,esidw
2923662473,ylqyf
6899555282,zpzfh
1729587941,qbvfi
2426229439,sewmr
9438865626,dqfzo
3270709731,omfui
2880919772,umjlo
8732959621,ihbns
9936412522,xrvhd
8851113300,sztup
2212452765,qevie
2243074350,nktvt
8421458602,qclzt
1618930739,bupgr
8575611456,bojjt
9824417056,vnqvj
5356107548,mlyne
4547231804,ymndn
4892584397,rkdgw
1526218425,caaeo
4102242192,jvedl
8005327179,zvqog
4428946544,juamt
6916620959,ixjwy
4688342188,wxqja
8675253285,jnysk
7934864237,emeqa
1193383561,bjdob
8483469860,aslbw
7740802560,ssbkm
4397131471,knrry
2751372936,gzcmx
2193311001,omoig
8259745719,mvifp
6362646606,ksrdj
3800538078,uyycc
8673150041,yhdpn
8398331220,bybyr
8263836013,uhhlo
1830928822,xvjsu
8457948230,jygja
9107546213,qggxd
7365631433,csxyb
5045548189,lgtce
5237958542,qnxxj
2937871512,gplpg
9399663143,jqhcq
6392606688,mxbdc
2763998832,atswp
3211693903,zfsfv
3318811775,vpeeb
9393650273,gttsp
4423459459,rfnqm
5696601312,qlrlz
2939944423,ymybs
3754151201,jjqfs
2675530559,bbnfh
5928694217,itbag
1302427751,aqhwp
9979883137,mlksl
4878273813,btqfl
5960715232,bobgo
5061198759,drpkd
2452090136,lmosl
7468191941,ylzpk
3003256363,feyrw
6393787247,zypmo
9814052866,iufos
1331348304,zvdpz
2501764221,xxstx
3518597809,hcjne
7313327979,ajkff
9020949172,ywcnw
6182211429,dpfmr
9204615715,gniwg
5499598874,mynyg
9170143367,qecfq
8277333210,kpadj
9162693463,mpsni
8938907868,bowqa
2364102992,qxitc
7813702432,ilcul
7598826556,pvtyd
1360815547,dqzop
9472537823,cstme
9954212563,koplc
3992143617,bfatw
3678226383,zbctd
3519170427,vchjt
3048119069,qzkha
3548463517,zuuhd
3038816769,svqqa
2176279149,xhgie
8873387966,yolwl
6163398660,gbznc
5550079169,bsjzb
6324843457,hgcyt
2612039149,mtiit
5893910965,snhhi
9721098229,jxbxd
5533896177,ujohd
3188494402,stkws
4238792705,sbumj
4554270415,esint
3860896078,eujgw
2672010897,pmquj
2047195531,ysenh
1613543020,bkwfm
1758692738,byyey
4007180498,dmtmy
5227881278,qukom
4602214049,lizmq
1646259109,stfir
1672836633,sbexf
4579853627,rcbxm
1040487107,vjctx
8076386804,zcpdt
4443376599,reclp
6569119895,zfkgf
2597949610,uueju
4536594803,ebjas
2150792696,gypdc
3239510270,qliza
8697051681,slfxf
1162746045,rqqfi
8454319429,ggjlg
2614526786,aivft
1640401644,jlhit
9127111042,ybbmg
6614001303,zkmhy
5878624917,sbynf
8290788185,lyefj
2043875324,pdtri
6881667345,rrnml
8378659449,pbspe
3789717622,knxtg
1353132087,yxuuc
8815939771,xcjyt
1234489387,sbexx
4630173804,lnhiv
2347875056,mflww
6199780919,nrbgd
5800128680,aznwf
4145899508,emtfl
4694861810,zswgs
8848442457,iocqq
1159915939,vwdyw
7614188039,wvopy
4018438792,ttgqo
2967572840,hopos
5056440602,bmtbl
3114559701,bpnxz
8723380632,viyew
8049689208,txwsq
5672601658,flcyj
7443598767,bofkb
4023776452,kdfny
1400147440,btczt
3030451095,kdgzh
1740247842,fkhll
4271924063,jqrqd
6766676496,raflx
5568788465,bmudc
6921697425,oxzjp
6334830494,faswo
3730883878,mgkey
6462045313,ohjld
2240371002,wcibu
8093751969,fvsmh
7402771495,epmhh
6438772325,xabom
9342138857,lrdma
6703872857,kpsqe
5624844135,rfwwz
9959075659,gnmyp
1745827264,vcygx
2887531132,xvjdd
7120293561,oauls
8571949952,hjbmm
9655821364,lmyxa
8791296302,ixhep
2926071938,ojvrp
2353669670,tnqgu
9291373094,ldfka
9927847663,mkfqg
8321421893,ttcca
3135599385,unana
4482126734,sqeic
7646998674,dvyhl
5122985769,nzohl
9680619534,jiuny
5945554271,ndbdp
8502720003,veiuf
3972576504,jzuer
7207097945,omkgn
7564684122,kkxfr
3665877459,rqqyb
7244366718,rcnnc
5513957146,diyhj
6216553386,cimbx
1797722480,nxijz
1822938382,mpuvv
7170950254,fdvye
8874374133,drbud
4654745669,lkhzx
8683613256,qksrv
8278361221,mdcjq
3762310160,tkcgf
9253254847,eajrd
9474185356,xlths
4352092360,pklmx
7662441719,dgsxj
4970533340,nqzxe
4429313170,skbgq
3127873218,qnauw
8621328315,rcqxo
6611789921,gbjmg
5536929054,jbxvc
8482286115,figli
1768499924,giaww
7014263476,uiucu
1381081637,inugd
4249290403,prlbf
9555923051,hwbrp
6149779945,wgppo
6023637154,hlcoo
1954027926,plzpm
6427484127,xjijb
2167154297,iagqn
6493103669,nfwam
6853399072,hdidd
8931087996,wowtk
4892129303,sttgd
4855107582,kqkzu
2764972727,ifhqd
4603305807,mhedh
3911290431,vklpy
5172963965,hkury
3218572426,upwfj
3297253967,germv
8763695938,hbppi
2910738097,vxvxc
6254025497,mqliy
4299079485,rdlsn
9969261494,mbtrf
8942315216,lhomu
3163250136,tvndn
5350143655,bdwqr
6798936884,gtptq
4923015663,cnmwp
3811440186,oxeoe
4352157109,xpcjo
7623686785,rjfhd
8486595094,typlk
6129835608,frcjv
6417630408,aavaj
5420039258,ecoid
2705114724,ariez
1608496842,xpybl
1911493624,lezqu
6379355868,vpxmp
5607863255,nyulg
1991145405,lllmc
4643996546,uflnb
6642107601,kjxyw
3450346477,ijewp
7070661111,ctnev
4885508205,ejkse
1379464521,zhnif
3513489540,vrtum
3548036945,fkyyi
3006254761,jysjq
1345027543,wzfrj
6676946725,epmlz
2055388924,vhxaf
3999716947,kpzgw
5065999371,ooeaj
4150118417,nlecc
6814120001,pchel
2996421934,mrkbt
3646358676,nqquo
4172680884,dxsrd
9327858297,ngesb
6093678578,qhqis
9419491936,psrlm
3906939698,rbjlh
6950944596,xjxyw
8639599950,akyrs
3837711169,vimzw
5383682170,bweoy
5712853508,qjkcp
4609390624,gyapy
7266392273,olaln
3388241548,vqbzw
1189691553,ikumh
8874254987,msxjh
9709910017,euahy
4402401921,gtzlx
9212754181,taaqy
1659026299,grptb
5121829231,vrual
9819246156,uzqau
8387071492,rxguq
9087454878,pcjdz
5138944122,aqftm
3637983209,ggtcl
8368488380,scupk
2243901618,cxtws
9602182379,qocje
8228221223,hyztb
4948866839,gqggf
9505331064,oxpql
3678836523,jmjyz
6232115392,qqven
5482560442,anwgf
1139948065,kwunm
7805328260,qtoxy
6520292327,dmezv
3027319238,qydwp
5087894781,cdnjx
2920235778,zybds
5913519330,iaviu
2106553293,rjsiq
6687774343,nbthz
5504824247,zwxra
9675107007,xbizu
9206868843,jdpoi
3811942602,eyhgv
1676706174,wivno
7789012639,rvwze
6387796469,ilqfs
9806882422,nfbfg
4214298984,xtyug
1586291085,gwrix
9346423777,fjlgt
8658052207,hnqbs
3932269593,jhmxz
5917966468,udrpi
8341035690,svpbn
5603318098,qdzce
7832509852,ziwqo
1072978983,ymjes
6857915525,tzzzf
9957357116,vbzjc
3723916341,jkkje
5245628281,vshwg
7591484526,grxcy
1627400590,qdait
3723452190,qlddx
6655823633,zycko
2262169063,edlxr
7561312532,hnafw
1736818939,ptdlg
8168083916,hyrda
2419161846,hquzf
6531045612,awlim
3616321028,zjian
2442015012,ksulx
7328273762,lktxf
5967137677,csyor
9699401627,twjvr
9861256141,texyu
7431561825,fxbdo
2570802663,ccbpb
8011339832,ghrwh
9057673454,mjlui
2771784848,stpvg
7370979683,qtslj
2236829899,dvdlz
7470956742,ivjgt
7266233151,tlyzk
5673177854,wppnq
5973005387,fqhcg
8715899902,gknbq
4674988035,lhdft
7183947347,kkidq
1706977908,ljlrh
5282954977,pbyzk
1150274862,hwseu
7867932620,ykqoo
2499539187,xinlo
1839338917,wtamb
7303103415,qerev
5299330706,icicw
2674556014,omlrh
3302461804,ynypb
9597390332,ufexo
8441227780,lbmkl
3484135153,anpyc
8199904971,sifyy
2723998049,fjmqk
2585398976,upvkh
8915884762,zdpop
9174329890,ymaea
2139092200,nmxgx
6120361882,xfauh
1551326540,cfros
5528830444,kikad
3545619925,orjkx
3842556584,mzpxe
6274727134,hduuo
3774109946,olkoh
4441558273,zfeld
1627254665,bppsb
9910549898,zlsrn
7730959612,axooe
5680774647,upiya
4765066383,dvsvm
4577580944,mhkig
3870105758,vrqtf
1794689594,lmqzb
2848919514,ntbjx
1710352003,dbkve
2227114160,rqqbx
3573421986,ljtsz
5586177048,vlhjs
5467322237,pwpwm
4909976399,chksj
4426582861,kcold
3694821482,lbshj
9774342569,rnphy
3941853031,wooys
2752129952,bbvkl
3808750630,xlscj
2276950843,ocrko
7306541076,ovsiw
5775809494,vqqzk
9583346001,xqoqz
1084359986,mmyel
8086868468,sxtvo
8775167104,fylkh
1381512317,hvxvd
5612579505,vzqkl
2971291881,gpgim
4199216908,etmma
5321859714,zxrhq
3635530506,wejgy
3009453215,xuewk
5612678044,qszus
1275989503,dmnqw
7546243725,mcdui
8900298095,iiuvq
3338536098,qgjny
6345578911,bmzoa
7804897984,mrang
2155996181,updws
2367319566,ydmwe
2916244976,rwyow
2898328310,kzelw
7172156956,yudvk
1173007811,ojflm
3161401384,grkut
2914044772,qdkhm
9629455459,ueezd
5646726413,jtupk
5828252189,ihurs
8330184665,qkfci
5630612613,qjsyy
6412788270,daomi
1349460136,yvwgm
4830288925,tyngg
5500440488,avnlc
1013057605,clkzo
7944428080,biyyq
6468578077,vqfad
8258156301,xrwst
5730716137,qkruw
2772597903,rrone
2476616942,goumd
7265502019,obbrd
5192823052,aftgi
4082201187,ujlao
3034517811,hmfbp
2098210785,aufav
3423044511,iagzu
5461059402,uscwn
9627586233,goqhr
1192715647,cjsfo
8684491779,omnui
9481801476,naetj
5470264596,unrgq
9460218099,peahj
2193222459,ganuu
8173666646,rwnyh
3470940041,quazc
4535684625,apwpp
8831569764,kxcqp
3482000095,qbacp
4177595068,unaty
4870729454,mqlwe
1301787602,rheiw
6097616673,sjxiq
4824793277,fczgc
8162224811,gveap
2632402686,ckkyh
3735257122,dujbl
7648112408,lacfm
5954346061,ywjba
5298758410,tnefu
9131677264,ytttb
1143152740,randg
8465278555,otkny
8207586109,uqawk
2046687575,mvzii
2712061975,ijphi
3031584550,iadgp
6074402642,aklug
8241858835,zgyrn
2737532225,srwln
4500832133,mhrnl
2567397796,ytuzj
9747517870,cydkr
3195711188,kvizf
3754380841,rpzmr
4833734055,fecvl
4115034144,daxbe
7225129648,xhrzt
6704091061,eitld
3392684099,wfkfq
3789139211,jfebh
4818069042,qyqaf
2566997537,dxzcp
6172299533,wwete
5852524695,eagrn
6441761599,quone
1981704360,wrnsy
5562012077,cyfcw
6646836749,htztx
3266455105,dwlxh
3281185422,mgeht
9847521436,jalnd
7925148589,oiwey
2036700883,cldax
4514312315,aobjk
4596831705,baskk
4053144916,ehpke
5820434269,jgxeg
3321097985,qhrcw
4742910658,vqsud
5322891543,mzhdc
4359459228,ltfbx
2444276048,lfndt
8188096498,pyzqq
7328313708,guubb
3564318038,qjddy
4928292868,lcdkv
5884237616,kbfku
1490466363,mkyqc
1995531467,ktgta
7685003828,xfidu
8179162792,jwocf
3193839763,uuqgd
4839140626,fyqpc
2586598391,ruztv
6972103906,nvojl
8784980058,fzuqo
8801836070,savfr
7922773910,mipip
6727089590,xuoou
6717099042,qoiwn
4787620905,zsynw
2798356036,elqxy
8430136441,xjuit
7005675710,kpmht
7106981010,sbdwu
4920567707,nupyz
3255847454,tsemu
8183593488,jyiyk
8069261392,qcdpr
7437574392,zjegn
9061982204,nrvnr
3260253792,abttn
7186615135,byyqo
1508672590,fdtwp
1256574863,diykq
5214045843,dzinc
6626794191,heuqo
7831302372,hhqsk
1953922802,jjeno
2149065003,njqqe
9325361513,scrbx
9985123002,eqjtf
7498242005,emcoc
2932216412,pnroi
2788041404,kgeya
4912623784,pzmyg
9827777501,ouspe
5210442165,ycqbs
6197864459,zxpxx
7621150131,ghzid
5777905551,sxkfs
1998277066,fydgp
6791348708,mbdsa
8050753958,zbmwd
8018274563,rlrsf
8850270711,grphz
6162564095,renaf
6518097733,dpors
8349302761,pxosm
4334922473,xbuqe
7008206126,oplum
7121227739,bwkbc
8469484749,iwrna
6812380089,nuehk
1523462088,tbbwz
1209132876,vmnwi
5267846796,owndx
2634176911,rmbhb
8300933344,ohrvy
9880871097,buaff
9708888508,vhiui
1836116629,svljx
5686622796,pyjnf
8662869865,oobrd
1362131518,ftbvn
9465491846,tiqdp
5479973862,bzdcy
9809895277,jeyeo
1906991431,ewuxd
4472301702,kbmru
7192822836,egwpz
4525239971,vtlja
4247289115,xwsov
7683406089,yeaho
4935376499,npauc
6944344729,fhide
1580568297,uenqu
6950162676,gpjoe
2541022522,bcmfk
2346390538,ducnk
9022526926,wiuna
1490193967,ctwvd
5148743978,kvweq
8556076448,eggfj
2937239364,miggm
6378344719,xsjym
3417989470,bitil
4507771098,ueyub
8011188596,pkttd
5847774344,bsxog
7801014918,cdwfp
7779428252,duuyr
9973654105,zdoyz
4145068874,ewlnc
4468444541,tryky
1827092631,qxzvb
9319290108,etbht
5300895570,tfdpm
4077890749,wmvej
3210084024,opqxp
5873614868,tnpbi
9790092167,wstdb
2121260731,nxkcy
1974684292,cjvkb
1400090448,jejye
4403517064,vebds
3835498072,ndlpw
8192643190,bipdo
9638428307,avhzg
5858147003,lztde
1176510200,vfjjl
2080113625,nehzi
8354650595,eaxsx
4577577258,otgqd
7563177087,jowbb
3250704345,psdsl
1574103360,pvshp
7799643631,gvalk
1602095498,crwil
3659171790,fgzsj
9901323257,uimcb
7467885391,cjyli
9404492512,zzsqw
4410334863,imohf
5119223035,uxtiy
5323989483,glqss
4126079010,jipqi
3232529171,qyczs
9695819844,tbxma
1831358234,sucdn
8919757311,glsoz
8647724251,qtkin
4538465077,wrubl
8340027106,gqeyj
1502736016,xutil
5536884190,wytpq
1598029930,dxlmv
8469011952,oytqn
1567298572,jskor
4330803492,ujkpr
6463814924,xrgbr
3784461375,mlwoo
3466473779,tpukn
4419041599,svlhx
8082120634,usgwg
4473555967,grcaf
8479080722,ehywg
7343582810,lucfx
7707452058,icumc
2549114674,aqblw
1984441073,mivuz
4802024978,vlvks
2741040999,gbtls
1060826824,qfqrl
9560092392,qpobq
6014425527,czbdm
3314683169,roycs
3659382313,izsyh
6619818734,hdkaj
8285977302,nspsx
7710633947,wfdls
7879339664,dlbid
7492881756,wemfc
3932540422,mwubt
6247618222,sjgzk
8589480370,ihhnu
7219404673,llfgr
3762135483,pxxlv
3899399812,xoxhg
3201498463,gbvyn
2863380190,binrz
7086875004,xxkgs
8441724455,keniy
4237042497,qncuu
4720519801,bkpwi
1370074987,ijpug
8845639047,zrtjy
6098102558,sxkbc
5848874738,ylcsq
3347354092,vswfn
3429357592,kafqq
8047138833,xwzmm
5131352749,cmiqx
3350269867,hugxo
4641158340,eobpg
9103757822,pddmk
8645767074,zsuug
5212783819,rlbuf
8546531465,uzdcs
2711497764,caxej
1516148741,yscut
9562035813,ezcei
5918908413,knmec
3836554911,sgcho
3044379908,ghoqo
9020092073,ugmya
9747826938,xzpga
3904086097,tsxxo
6860350590,kzseq
8455552684,orgjd
3501254102,gpzjh
9902667756,aibjn
6797415766,rjkum
2396403306,yiiwv
9381951931,bogpv
4099621777,tszuk
7789336644,lfqcj
1045568577,qudth
3886101515,gdkia
7055224072,ygjeo
8594615767,sqsrz
2281474276,swrbx
4820269217,awuuu
8229137640,mugsx
9852104829,iaxsp
2694092492,qssct
8223165915,khcrp
3868106678,adtro
6624678577,sobvi
3032822356,emwpr
2677154058,wcbcl
2247432817,wcvun
9188222574,ppmks
5213360804,tspmh
6945194573,dcgqe
8429041954,auybf
7702026247,gyjlz
8169391706,ahsvk
6736069529,grhym
9203203668,yptvh
2110539523,ptbjf
6119225197,ttpfk
3009044881,nkwnc
5414423781,izusk
4566548031,lqxll
4910995956,ubhju
6348095166,wbkpx
8168150888,pzfih
9690637659,kocxn
3392440168,gqfic
1639763556,yxcuo
2010007883,rzurt
8721579417,lirmy
5808691823,slurq
7633740772,zutjj
1880588798,xfnrc
6004454983,cigwp
4574675829,bhebf
3765552930,ohuwa
2258831950,kuhty
7433109558,rygav
1465307594,aoiqc
8916573170,ynule
9289821315,hgewt
8497316703,lmvcj
9927136948,fcgbi
7853987390,hvgqs
9350651276,tfbnn
3927270355,iyxts
7686359425,qizxp
2902651823,thcme
4176649659,zseix
6366849558,zoqoo
5548083313,yqabt
7163599674,qwjqs
1437344062,abzjc
2256130694,rgveg
5054454890,vfqmn
9595015271,xsdqi
4590416283,slvvn
4034991009,yluqu
4808364958,umidf
8828950230,gmvou
9550602284,nwxem
2180146321,otdkc
3203032832,oamau
1441791428,yusiv
2195576555,ycclk
8333188324,qbpoe
7988731224,gmmvv
3753240833,qtlzb
3828001491,aenty
6155157785,ymzak
6073114355,wyurl
6313711302,calhi
8992164839,sohjx
8897947579,yyzhr
2919280349,nryzg
4095083310,qmxdv
9319927360,vcqst
1886377906,pwslo
3494717443,klfmp
2701852190,cxcty
7811825934,eoelf
9462007378,nqsfi
1219602837,ldint
3862818210,rnnuy
8737429156,evchm
7478331022,evuzl
6476256782,aeluu
3687831072,vybgp
7019377206,srmwf
9595123526,xwmbs
7816262595,qqtvm
4339520938,fgdqh
9399003800,tvojs
6866381141,mhxfb
6761110767,bizcv
6519419049,tbanv
2439719749,izage
3003587974,fwdwl
2873688273,vjgeq
4157688624,ovzki
3516882799,qhtol
8483628513,cvfpx
3025600291,bdvic
9906478482,puauh
9371371908,ksopk
1581495615,tapwi
3857744917,rnuiz
6681799280,necsp
1684670493,hsral
6426972193,taeqo
6299191859,khhsy
2922653325,nvhie
8889725355,mejqz
5506800562,xobxb
1530419637,zcwcs
4475288969,iwlmn
2196106691,ncdfz
3308249310,loomu
8510758557,nbncp
2349703369,rtstx
3136102216,kcnvp
5714392270,szpzr
3077694677,bgdtl
4563799314,dskin
2084611649,ulzzv
4332430300,knpei
7458322876,gfwzu
9349169961,kzhyf
2669392746,ugams
6434720068,doyag
5394241230,layml
6407362878,abngp
8173906591,dooyg
8524623924,hhphn
1980883718,tvndw
6696905311,mkdgc
2359345251,vhqff
3241542480,yxpji
8415741362,vpits
9741180331,vkplb
2912677028,wjals
4084453690,ppdrk
6523183363,grivc
9261610928,gyjlr
6745484356,lfysk
8387686666,rhqsb
4533572658,uuhuh
8566087535,auzxc
9770461945,zzyon
6590020103,nvlom
9828493984,slrwx
8517859613,seddq
8683312528,jgooz
2993446073,ospun
3270289195,mdhbq
2487317300,ijeyl
5743409512,ydery
4459252136,dlokz
7453526806,jmzrr
9970389299,whxde
6297767053,fiwnj
6729976469,ttunt
1498644357,uhwpz
2033048031,htcpc
7016479397,jlnbh
6151519704,ywvkd
8187474030,oyrmb
7844915506,zpzjm
7483027770,pmahp
7070978852,prwik
4391234230,jdmoe
7752173290,mgugs
4845180645,ladbc
1390122628,rxcap
6760300847,ihprg
7232271118,wyynz
6834427942,orgqm
8091947580,iykqm
6791812668,bdxoo
4138550846,wzcmu
9965401600,ebjpa
6061600568,yzatb
3266112098,yeeut
4140982036,xcofd
1477046974,fjfpn
7699436836,mmuai
9427546787,wdkya
1475037131,uxdwb
6920637721,vnpop
1554329929,glnnp
6552876682,qfvmb
7724819501,mfssd
1474563066,bcrmm
8860324060,fncpu
7896874891,afqqq
1343384476,qlyii
3152467563,fnwbc
4019390823,thkqj
8809492493,tvyyu
8230016310,gtxlr
7184027653,yalba
6963844454,fpjsj
8977254940,ydgzf
1121017829,vsaef
4979696070,opyzt
2204288685,bqbjo
2155826077,dqypo
3313522490,qoipg
5453350994,bglnu
1421421959,yuien
9289446980,sspwy
1584868328,cvcun
6160413033,hcjpq
2807308011,nfnmd
2718040664,quwnh
2697289232,bwhma
7090618300,plcqn
7014371353,mwuzu
2804569686,yrfrx
4864456090,gbyze
4580864259,pmxnx
6511266644,ilirj
6751044487,claih
3007872411,drwwq
6580248568,sdzlw
9873876829,znstz
5664223247,cjcct
5911592729,wlbut
7767685952,efiit
8982553980,wzrni
2756047210,ldbsl
4749264251,grmsg
8785387695,wptgr
7564007405,sixrb
1034951681,eojqu
1910087856,bnovj
7246569192,pjlaj
3199798501,txbol
1054803534,tcfur
8811346731,bmnnt
1009500591,vnlze
2074578194,ntlyp
4204022419,zfrvw
9294436298,odeot
3929914891,aajnl
4466975938,suzey
2881862113,nacua
5270410062,czmya
4448743061,nocdr
8375719535,rjkfl
9433830576,pxfug
3532798440,qfxyj
6366476650,dkfse
9141168102,qbhvr
6957892991,ujmyu
5468022334,dmqwc
6755001139,wdkzb
4953999446,hwayc
4183362972,nsujx
1140452911,weehp
4173470700,fipmh
6210731145,vatef
6908021825,qxoic
9278239372,xppie
5868033971,npave
7080086127,bpvdb
5432630036,lavtu
3692672523,zrqea
9827352957,mulga
5740832144,dcvbi
2512374885,flamf
5411067232,xbxhg
9593169446,dcvre
5042517355,sjyvn
7703939492,cpcdh
5600554513,oxtoe
8797175219,hgcce
8020567847,gwjvh
4305089617,tffao
3596150809,olxie
1448551415,tdtxo
1683517999,rugxc
8182648606,xokvl
1019289918,zdmjj
6939695044,oouqq
5183308205,rwafu
4094320584,yyigq
8085513318,qpniz
4061609791,zckow
9132808397,gfiry
4127346040,nsmfl
8484880799,xmege
4269914465,mjcrl
2080463460,gvjgz
7627656132,dsvsf
9642329374,bbiqs
9231103809,bfmlk
6483538617,cslmt
6575098787,hhfbn
9852957403,tatmn
3144680009,ciwrq
5611493233,dyyeg
1163276174,fygad
4308306517,kjzgb
6093570139,ehkrj
3233712959,cfsqq
1545404372,lkski
1100878884,wpiio
7003454216,fswpv
1997451752,klwvy
6370458667,ebclp
2544238197,eymwe
7003183023,uggly
4142741820,phxak
8940160511,fuaam
2481025263,bsfbr
5098764227,nhiww
5416890234,pgvgo
3006834393,yizkg
2953256088,zsztt
2235097410,kokdl
6672794706,zrgwi
9591489269,zqvvr
1139031002,ufdop
8704785216,budoh
4556674276,hpflo
5698614364,exdwv
8419535655,mkbck
2267959315,vhend
9261449426,nfyml
5209060101,tpcfr
6810901278,abope
7698353408,nslmu
3535266728,vekfa
3405212746,akubw
8741132811,xjkib
4558021099,ylski
2263032872,rlkil
4807191575,mwxro
4890568595,yoczy
9179813697,stdlu
3253778790,gmemj
9976727088,gliyh
8350758394,tvhbt
1183150311,tetcq
5573283887,hfyyw
9294465634,pilny
8026307171,ynmlp
7817885735,qsrwr
8596107388,txslg
4014530098,cpivp
5675092637,qiouj
2668006975,bcvrr
3005138419,eedmm
3706147674,sytvp
9091000172,aezjq
1446949901,crqgn
4864929897,fvclh
4413772343,dzrvv
6102273900,dsuaa
9771877416,gxded
3254314718,pczsq
9720058106,pkcxf
3810187395,zehdl
9339976267,kjqqm
9925234462,zehoq
6730093530,frvep
9141420628,gbuhi
5503403804,ciclu
1857835016,xauqm
5103015135,cevhg
3411593342,esyha
4831680043,twudw
2407909267,fmvcs
5754456241,lxbma
8877983041,lerzk
9747541155,excwu
4719119608,jihdv
1036961746,jjwfh
7649918289,jrafj
3343484612,dmcla
1435378500,hpdpq
5235777220,pvntc
6569392120,rpfch
5915831996,cccee
3684891018,ufcfd
4929698462,enbwy
8709796732,bjmik
4485855611,gscsx
5877679776,sixvm
1551371872,kljyu
4635117686,vtwtz
3185181697,bftqc
2943381556,dtdzv
2813114630,bufuw
1633792970,cavdf
4822360341,kjjqe
8011767558,bvluq
2668232793,nldjf
3046513804,rdije
7514708248,ztrze
3200780076,rxmer
6842238659,gwvze
8328242045,oiboj
7090242474,zpmxi
9076457281,nigmw
5123645977,vopno
8582996002,vtddh
5144410953,blwlj
7856909514,mhtzq
1890919154,agpmv
2973350320,hthjr
8384777460,wursp
8475346917,rdfvg
6707361882,virtc
9592398186,cxoqc
2924469456,hlquj
2145540101,fhhvv
9770804048,geees
7858748734,gsews
6629577306,gacjo
4703881628,ekfgr
3440461832,jejll
6464741988,sspms
2485784603,ykhbf
6434623615,ggplk
7700645393,hhsyf
9225727604,fiunr
3083132426,xgtmi
7261179816,hcpdk
1450864663,yeknm
5164944583,jokjq
8271978486,lyuyg
7086184717,czkfz
3800990052,iqxot
5332494568,ylfvt
2637420928,anhrn
9671471337,zhvjp
1528206408,txnog
5668079347,fpule
1028365251,jwwke
5546968792,xdgti
6124410034,vqmrt
2948383110,odhvy
7418423381,sprwb
2788589830,pbbhq
3433047398,jcaql
9868124137,ftamu
7023919331,wvwrl
2323079782,xjqiu
8669360989,clnna
8178381857,gjxnj
4589214351,ubofp
3839949902,jrpbq
4114705194,dpovb
3004601551,dckpv
3696634496,avgva
4352163579,jduzr
2341735074,wqmak
8658355256,jnrqg
2509680969,wafxs
5646041990,xwirz
7902517422,qzrqi
1693546705,vwuok
8626589500,bmvrb
4754074040,onvjw
7477916495,vskwo
1517520287,ciaft
9554736485,wokfe
9753099174,ljgco
9830831458,yoamw
5371465461,fanmz
7659459959,hgroa
3605622331,oonhh
9867902832,eiwig
8303390609,pjczv
5438494874,rzrbw
3015588263,rmoym
4444721961,yaalt
9085214530,nbrwr
5072033494,zdisi
3010690788,rgvxc
6778726200,bxulb
6013856037,xesgz
3005029500,tjtvj
9855092169,euktd
5972380869,uicik
7447111660,xopbw
2447096407,ddnkk
9350611758,xiwfr
7586931341,sqvgz
8194677620,ruvgd
8551279455,myger
3854305041,drxka
5202413019,gfzkg
7218083448,tshjy
8183525205,xghle
2590127208,gxorx
4162342822,oqbet
9594539704,louxr
2580083489,azhnd
8424690914,eoify
3316210416,yjsof
5060397520,eyywp
8023693283,sxcvn
4880630535,qxcts
4627326239,fernx
1689803271,typlz
8303593666,hkzkn
1740565830,gtwnl
9185755756,fwtvl
5633853268,utgik
4744469298,oveyj
2142557142,uvhcl
3726989282,vsmmn
8247324373,srctc
8991598345,xlchu
9947597882,hglpo
9158239352,xweya
1765223314,lmcme
6352017026,cfode
1016174602,kqzif
1131296509,iyleq
2762641236,xnkuh
5815687352,ryomn
4173432423,vzdrg
7618055678,rzqyb
1406427461,jpodz
3086895537,ipytu
8603337618,kujfo
9854913108,nlpzs
7322166692,zkhav
1745355842,fttsz
4655353114,daxlv
1229374461,cufrb
3699691885,kfuxz
9485639192,ljbuu
8853046748,ealnf
2799826032,jburz
7161454667,slonr
9604818409,vrhbj
9605384949,bspco
5221034779,yzele
4679315347,ryfvx
6908806379,wvgsa
1945880027,szisu
2157320544,qjkfc
9528620092,qijdu
5743610365,vdplc
1502850394,glsuc
9922939724,mbjeu
2754943775,nkxds
6757306584,ifdsl
1897380936,tpjqz
3207016360,lzety
5201161413,rdxuw
4968219697,ibsaw
3749591898,nlzba
4018932597,jsdkx
5383074902,tbuoj
8287727869,wudkc
2104948008,snkln
8309930902,aowkm
1875352438,iamid
8454792027,ahlzu
8411989849,dshnv
9474465507,dxlgr
3339443531,tuofc
2538477350,mfoxz
5230294500,jadjr
4391298202,fbryf
5085178069,rlesz
6470127560,azlze
3343397079,iuskr
9426164909,suznn
3739287609,zgabd
7279172284,rglqt
8774269523,mlxmk
3949312359,mwfdm
7079982457,zopea
2608791857,sdjyz
8113501962,jdnmx
9562182982,nlebz
2227640320,ljwlz
1125501158,iomex
3134759254,skmfm
5590171956,wctnk
3300978666,lpwxa
3540479547,faist
5328714245,gtmet
6680631314,lfolc
5047445902,vcykq
2794499007,grxlo
6105495190,cwwmf
4118360458,prbok
2423389578,bfpla
1500868232,embco
4881374585,rmkgo
9028591494,emfgq
8269141255,gwhva
1012985709,dbqvp
9332714690,oxfju
2623200384,setbd
3815563732,zuato
4863188774,zayzv
4041161963,bjseo
8317602966,mvhbg
9533062095,lkrep
8962793663,afyzp
6219140457,yrkau
4162670518,msjwb
6892541351,yxicn
8299750257,gnftn
5194710231,grewf
2751286479,efafx
6142801514,tjkgg
3128475280,gxvwj
5621587204,hqmqd
6222507426,rhubk
3078610575,azhik
2066987398,dumjy
7762153138,uzxph
8680291667,wkabf
6038463935,prqpg
3516763045,izzrb
7818963560,mogdc
2107376215,zhcot
9617166369,xlttf
9003400802,pmwcc
2559316651,eazvu
2499540284,qlusi
6436150550,ljfmy
1507709780,qpcbk
8948074276,jyerh
9008210547,gvbsh
7789970310,qumlr
6632516402,hwcgt
3254338439,vhtss
8192261129,uoauz
4829160572,lcgzm
2044450120,wvkpa
4759207034,uyxhs
6263759887,jvvlr
6397372588,facdp
5524386079,dkpkn
7855218117,ygqar
9007056094,dugde
1917867001,acaxl
1017871998,fpnoa
6618813987,xppmy
2372154515,xhhaw
2217899314,ukzzn
2004420448,izvvr
2272812089,fywfc
4279758441,accik
1902915200,rwmyz
2917000436,dpfyw
7997229984,iiigf
5385571450,fojgp
1220068527,fnvjp
9950910888,naqch
8820745740,ctmvd
4523926519,uphsb
9840906679,wcjok
3183133590,ztuvt
5762767298,lrmuy
8307105853,xzjnc
6372427262,fayxw
2555608835,yvzez
3357578543,vvxes
9998732380,xdvge
9583592988,dmxii
7177990114,piguu
4882648568,ivslq
2517790288,oddmo
2978068057,fwxlb
8682696711,zxryf
1315550422,wsciq
2820850156,vclwi
3629534693,ztwsi
6808685724,statb
3376570235,icgdj
9105637558,mikyq
3326563188,pfugn
1875777812,frcas
6219399952,budav
2482262467,qisbc
3133064646,lvteb
2572586086,selvp
2078176794,mzlyz
5100567505,sigkx
3522704121,pfoqw
7604246496,hvcvj
8841635019,xdcdu
8113372941,clnjs
1642720336,lkmss
9846662632,ocsml
9968091541,uglvp
1793150469,nrftd
9165212562,ipfeh
6588664752,kzcfo
4544584864,dzvfs
3408387227,nqpeq
4751351511,qlnce
1765802258,hafrl
1894287877,sycfk
7823750227,jskns
4063168518,dnlpd
1225452508,mgrqx
1934088087,uqdgb
6644201759,bcbav
8933740185,kaeck
7907420404,psjly
5391654145,snnsw
8130661919,zztje
4633698008,ustph
4486992228,luymr
1993682735,ppnea
8525445855,gpmkr
3532560537,cwogh
6035203448,dfyvm
6228868751,nqmdh
7737813082,qeokb
8883688230,qqilb
4450019607,ucnuc
2905401254,qvxdq
8313138333,rfjcn
4981693387,gchwz
3387369642,bfkkc
5711029605,sdyll
3905457896,ecbem
5277423035,xwmcc
8877372933,kevex
5241127902,vtwmw
5031136418,ljpnk
5229246780,whjag
3384401377,zglct
7615578019,riixi
8904965376,embnr
6190412324,vezkl
2241471530,imnsk
2308382384,rsfgo
3655961809,zwxfe
8616193477,actxi
7186460277,flevq
5999372637,kdkxi
7264322034,dtboz
9811426696,fxigu
3448392441,bvidt
1404213932,bmubc
2361001152,jmpvx
6097963429,fvyrs
8872456471,txika
5344183491,unxeq
8119120079,pllaf
2511787736,glmgw
9246390191,mjwlv
2765073666,cvwih
2269703955,lkkxq
3274699081,zdpsi
8630653754,szmbk
1082186953,ltxku
5900939925,swotk
3217084052,qbiib
5943285413,tcbmy
7510790049,lntrp
8380948618,wjeof
1656977711,cmgxw
3252805450,pedeu
4318569311,hefch
3766056382,eqdcr
9396408240,pgkex
3778270696,jwtiz
3513748753,rxurc
7300360696,uciky
7722968040,yyhde
2231727990,beazv
7761560492,enncz
5677739914,jnscf
3732244210,bkbrv
5860449986,dxxgd
8659498821,ljlqp
7905850089,pglki
6156016858,izoxe
7315643368,ihxuu
5453291349,gdzxj
1183124261,wuxkq
2458814100,qwahy
6684273116,jxbex
4000669357,fnxvc
2624175281,vocph
9242187351,ggirz
3461118355,wvugv
4634053839,fndkj
2815220021,uwlbc
6703300031,nolzj
6959647160,thwva
2650742668,scgqg
4596952341,nsvkf
1420603742,acayi
4827220159,vtqic
1586721751,rjrjx
2067598862,fayue
6058853280,kkdpq
2218830410,oxfvt
3797284670,kgesa
4425505150,tdxny
6841901757,xeuih
8752986468,dajii
6690783901,cmczm
1086978848,upuui
7658010158,pphlb
2245344656,gieja
4146896596,paisw
1628666145,dhldi
3881552456,zketx
1553340701,xvumr
6249394160,bxrnd
1429611099,phfja
5030028875,lstqu
6091965887,ccxcc
9789024350,ppdto
7545800476,xojep
2048748349,fsqgw
8596253728,udeus
4574714619,rnutu
5253946271,fcrea
9224120491,sadyo
4506201432,kxyzc
6856362707,mveef
8656372126,kcswu
1372841612,hbdil
1984025548,omrlx
2509169789,hnbth
7562011279,afgqt
1709077086,fcuza
1786264670,xstfl
8846499828,zrrtv
8504300031,zrhwg
8130114372,tbuzl
2978955399,qqaus
4156663475,ojann
8354306925,dlxpq
8589832657,qdvbm
8652581892,plhmq
7808080856,zlmcp
9637473164,pmiug
4086038703,qllre
3619128903,rbcxm
4588534163,efods
4285256373,fcnnn
9297617963,pucqx
4690681636,iphaf
1056178970,gjbou
5796815655,pyeoa
1783159402,jtwjx
3330121814,pcnnz
3321504885,sehlj
8047818977,awqcp
8686429226,yrnpu
3352967372,wrvuq
2183537231,jkkkb
6512394008,orgdt
6629086808,dlzap
7347943123,xhnxh
6611878771,golmy
2780761708,gvgns
4868240483,fqajd
6590657217,ddnlw
7822457522,lwxze
8459278884,yomnw
8600768369,fizlo
4546935006,mxrch
6239595001,bzgey
2746454699,egpkc
3026534698,oanzr
2558004419,ptuoe
9661538398,tqvru
6913649161,bjcas
1120416957,difzi
1633543664,ljlad
9457728255,preri
1465584514,kfrjn
1263720602,uuuwv
6611804558,bowmq
8706083345,vqffy
3338984838,ayums
4301559281,opzdj
3678045773,graha
6327568151,uqeaa
2334776306,crbex
6899335593,eqiiu
4764409478,nyaoh
5735251934,tptel
8967618411,uyhop
9335205285,upobi
8621617902,idmrk
3063141685,ohxnk
6588187823,vwals
4661686915,soiod
8759490912,beoaz
9712003927,hrgzz
3141361567,uezzw
4010863000,ropuu
2673085044,dyjje
7061459084,jieyj
4480151645,skpfd
6870961978,vayrp
1065909401,xpqii
4230267467,qxxng
1834831167,bmvcl
3624484000,sciau
4111832690,xsboz
3616642498,zpumu
3958000061,sacsa
2413634949,jxorf
7599129023,jcwsd
4414422668,uemto
5960703245,jaxly
3760714675,ccrvk
9049250492,zvyxc
9892917632,pmmgx
7863257951,xjdzp
4866599539,creab
1382653568,fvxoj
9366265995,qoahj
3260841707,fpmfq
8693078804,brfua
5070037501,blvob
2594833987,rntjj
3137066090,iokmi
6921363735,yahqv
6192062621,oyzhf
5938937630,pvxml
3313062991,wsuzs
5433317086,vepgs
2519649346,dahpx
8146700807,zygzw
5299864007,bpmps
2394917769,digms
3484331935,eiitj
9431079253,bnyax
1382153542,kicxy
9062294015,oyabg
1211948910,rwscf
4604496219,reskk
4889455222,npkie
9699120547,hfloq
8493327441,btsqg
2700217451,vzwxe
9590586154,mxfow
8854005352,pwxun
9012489752,wycko
5504806449,rmzgl
6654746743,krakl
8679103385,etzah
1862596586,evapn
5360485008,vyuwr
8218300463,oqejr
6987604605,xfsvf
1551721834,zwpwp
9901834274,ctzci
3456487770,qlcpn
2299341963,tfpsf
1868974012,xslvv
7847627986,gjzae
4659236391,aidgo
4571660643,phbzd
7292913060,vxseu
9910470104,nnncg
4902602444,kavxk
8738854739,wlibw
7544096632,uknbs
4235513712,pjpqu
1724320850,plpkt
4010602107,ttdlo
8324768334,uqjap
6792972696,mmetl
3638952966,ifpyf
3074191522,aragj
1637201863,zguom
2446262081,yjhtx
2012103864,xtdbb
7639222927,ogazq
9862023967,tuwzq
4301142461,ysjwj
2770435612,phvxt
1940842625,zuvtt
9518034212,yrxqb
3638379382,gqack
5748448097,rmrwg
5458491490,jswyc
2583447507,pvzag
4613369771,jcjyu
1846858159,qmbtr
1012498298,bmjpv
2808511170,vftgr
2449998989,fxvej
1143803048,ofhwu
4990794139,qfczp
5335330442,poqqp
7408400433,tinic
9961354916,bqlhs
1116888289,tvxnq
8596649253,kjjew
5604357652,fcxde
8990766116,sbazy
3078227621,jcixw
2776156863,bnift
9484080601,bnfjf
4125742187,bkehe
5573674700,vhjji
5413343338,bbzsm
2606023815,ocvtd
8417172123,ycsaf
9637995607,kezlv
4120524811,sbamh
4377261090,usgjq
8901205571,sbvwx
1317967925,dzmmm
3160900945,sbqza
9082176475,tvgvh
7150485253,xtgro
3105050760,qpfts
5892117135,uqwew
9678534162,sqpdv
5553033251,edmyf
7945168254,qslln
1486175015,criml
9165711928,gwuau
8456059417,divzq
4458360061,slqxr
7474987646,tgwne
4022311985,xxjkp
1722811810,wwayx
2300357821,lwfqb
6077061650,phzgt
5715594594,tvjch
8194032964,ktgjr
9785329608,kujnq
2746992226,yawda
6901899342,izpfy
7466137917,bjozd
3603839403,bycnz
2774063642,wmtrw
6630545814,fhbzz
1509868440,ywnqh
8385098545,bwyyy
2803259124,tbjhz
6523799277,bwvfn
3646574353,mzlfi
4978906462,yscbr
1729337597,dvvtz
8269104145,ibszi
6074202861,elvhj
2684190886,bvvhw
7330242664,eritw
5402405284,ywuni
3281923804,obofb
6926779102,sgiwf
7172306906,utczf
2487102230,qxrwz
8487200238,adnrt
1768940285,feaso
4850447854,pepji
8684148476,pzwji
1206631246,crbcx
6758083961,fkczv
6781231723,dgtcc
6548685295,gknsf
3574490056,joskb
5109648574,tyfbj
5269692317,qgcqt
1494470234,quvux
5180765039,ifpuy
1155137261,ljiuy
3174246732,kzmof
6893192303,cuoxm
8546488006,gzrcx
9170833351,dwvqb
9211024693,zeoxi
8943888908,rfnvl
2504126513,pxbel
3291193041,hoeff
1749791093,zfizp
2254150654,fpkrf
7873340689,vsong
6723372159,kowiz
5983124387,xsbrw
9104811420,sogds
9173584970,roefj
6697984082,kpzdd
5073134303,pgtqx
6005652679,gwamy
6216125147,pmxgq
8683340984,ggfzg
9923011254,ncyls
7792723050,rehge
5856766573,qrjax
1050825864,opolt
8471747578,azvqz
1605119908,ktrbt
6982552919,dklcb
4760613593,ynfxs
6985282615,jkthd
9115192022,yprhg
6483370248,dwgef
3775106341,sfnkf
6432775889,bwjed
1380719292,uueql
6176450284,mhvot
3387492481,yugky
5323887616,kvjsz
5582115860,bcaog
3473822535,sxkke
6598751834,bogfs
5802896285,qrgra
2507281348,bpxhb
2560941830,fvkyl
7077334667,aurcg
7939264849,vyflh
5592489392,ihfgr
4846705456,mqehs
7022774712,lrcrq
5519106486,btrxr
3087759476,rnoux
1120391671,cxlxe
4944267417,usywn
2075469306,bgmfh
1642572745,uxlzu
2006436444,byqib
5136559305,tlrho
8750178173,pdcrv
3084408794,rqcsz
8049569377,sgwne
6658908745,tnqxf
5167091508,xsvik
9790240121,lathz
6581368903,bgdoj
4840456875,nvnem
9747983495,idgoz
3257573842,snwen
8060662425,zolxj
1281359971,xcrna
3157408293,xbplo
4044718642,dawmd
3596919378,rmjwz
1447487793,gwbbw
1460069865,wmgle
4741618638,lylwr
3091975219,jbkji
8465973516,tgztc
8911947609,aawld
2708716995,nthpm
8033174444,lzmuf
7135618686,dpnsy
3016588420,xvjff
6106512391,kwgmr
3051005098,nevfe
2774891318,bewbi
7608424160,xefll
4617280658,sgbar
2462512733,elrrb
7009955647,owrqe
8772704291,xztvn
5913198968,mxcba
6043277917,mijjs
1011246590,sfnmq
7175346288,ezxib
1192253236,sdzda
1442790107,bmoby
9854008182,jfsxh
3604774488,nkibn
6698266318,aipyh
6984886469,scvzl
8419272560,jtwup
5180222136,cfqld
6629733371,nuugj
9201585320,kaytn
1492025011,ucdhh
9729681288,makqc
2741924449,tfnbn
2009247220,fovev
4687785200,unbfg
5349894707,uiuez
1818114943,lkkec
4485299258,fwdkk
7907034747,cetwx
9252674491,ribvt
2517564116,blzhr
5818121005,sgkaa
3446863311,ofmfk
3440613826,jvwxe
6473019938,cvxis
6520023160,itywt
7136508383,apfxw
7174642605,auhno
3894772210,negld
2190434697,vuxuv
9126497194,rluyy
3238975362,thcar
2906245632,rkegh
3446922956,eskmp
1372677703,gsore
2945751290,pubxy
6864386892,lwzfq
9224447264,tkyqh
5625048512,rtiff
1717902740,narbm
7078392804,wrjpa
6934554910,txxru
4866887301,whmib
7823851476,vvmou
1970218863,brhis
2781027744,zmbsf
4855044463,kvfhm
3324483744,zeycl
5342786863,iuhqk
6257756773,bnaqu
3781665718,edjjv
2062922942,ktwuq
7655330409,gpbnc
2577439891,gaiyn
1334717572,xfrrw
6446436632,pitps
3885571296,iccsh
2101932450,lmwcb
2359921830,lbnjg
1290601991,tpmga
7228955881,jcjuj
8482966120,vtzbj
5829464378,xrzts
7677479596,vhiyi
2344071476,sspue
7912524934,xkqrp
5595182925,izmlh
6753148089,psgkf
5278634552,myuov
1328890184,idore
2143209208,qqone
6465671166,edyoc
9298387297,levhs
3688911031,zzkde
6517117804,hnasj
4437935017,tqfqs
8116480092,lxnlw
3200469548,govwx
5485658993,ilkkt
9133761931,qoveo
5672669190,diawr
5991172038,eeaop
1451208995,espcz
1565549805,kwhnk
9117476179,pgxlr
9706128602,ljarz
8006125904,wwzgw
9724605910,rodym
2528118512,uowqf
5051627360,bpaya
1306830113,hxwax
8306765368,jnshz
3906054250,exady
7842250019,viapl
5893025024,jvkof
2538900629,dhqdv
3513766364,vmkyj
4630592737,bhlwc
6691453139,alftj
5727215480,niaiz
2469243783,ujcxm
8447990775,ofbmp
6811211294,klvbz
7093993547,zclbs
6907309914,rkrls
7914384547,dgyqc
4698073578,elfaa
2886319474,xjcgp
7159005597,zfpez
1646545062,rkscn
1103949972,omjqn
2800774384,kmiye
8902936901,vehle
2809898655,imyuo
1696657366,xymal
4538873939,eimbo
8077891109,pafuh
1538723784,hyuuw
9887785734,qrbuk
8607442843,gjoxg
7048329527,zydsb
5774063484,khmte
7966133043,mkzgg
7151225576,eajgz
7187578298,wycxg
9052575577,symyk
9009562800,lgfdz
8162892401,cfhns
8825005105,slnxs
8854162495,bwofb
2855910820,zbnia
2522078354,zxiju
3001746685,wkier
2611508146,xezfy
6155358666,mgala
3369107330,zqxef
6046503817,vyvli
6204808218,uqtts
1734922377,puxwu
5547363337,ciguh
9802879931,oxoke
6821071188,tslcs
4042545013,yvcsr
5074985235,mysym
3001290901,nceqm
1046530721,hgqpw
6391537899,qgyji
7207915614,rnahg
1215343588,avttr
4974181278,cibmf
2096470588,ujasc
2637632017,ysfxa
3301848813,pkjqm
9110866819,qniqo
4831359696,ndvwn
3738649997,mbtuo
7911557889,fnddb
8256343570,vtmmt
1295092541,cxqiy
2529446004,fnshi
6009775619,thlfk
4655004739,jtxvb
2669730314,zqolb
4698741419,cgefy
9204044459,ftmhm
3884824401,jiqgf
1713267468,rmkzv
4332548492,bdvrc
3484056274,abchg
4896090783,mnlpq
4116318482,nibzu
9369876095,xlhxm
1381309630,sfiue
5306152114,jevfw
5379674616,atdnq
8466902507,lysco
1402436176,ttjzy
3715128701,fzsmd
4508718122,zapgo
8056772649,mqylw
7172460536,gsqyy
4868482442,ejshi
6435613637,hikls
4731665554,aaqbg
8823916883,rgotm
5998213424,ugkyi
2580213173,mkqii
2125123933,gracm
8961988261,kjdpd
1300689877,joiyc
2039011310,jlprm
3364366666,ybuvm
3651317890,smeay
3380333643,flzcd
5466140780,xtdos
2699518102,uayll
9801725533,qkofm
6338663422,iyqht
4372784973,ysgco
2813630678,kksph
4537836105,ljipg
8400466983,ofjyk
2787788091,bvusm
9208892603,kmlhz
5927111116,plufl
2372779635,famog
5479739727,biycm
9309215264,fyrcm
2511672084,vujxp
2764836957,gtgft
9660897109,aedaq
1258254101,lgcjt
6777552210,kkqyu
2176907576,tzeua
4791952341,tinfl
7108981325,udjhc
2278576121,vlwwd
3736851424,nmczl
1595606280,boqfh
1227312277,egrzp
2939242313,pnyfi
8665512632,quhve
5096282333,njmeh
7497451909,uksbi
8428888958,zodza
1681281209,dzagi
2827239164,oydfs
1150527715,suspf
3554879432,mmwjd
3123649069,jrdmk
4380335419,mnscg
5994761477,yffjm
3399909080,lwjru
2716216849,xouol
8413645224,brqij
5885162585,jgcai
8690131858,ygbro
5143653071,byavy
1214268868,olihf
1488199975,bpczc
4237383392,bktpr
1342036549,muece
2828303361,zlkff
7718658787,ngfib
6397212115,olduw
6822801556,datja
5826373404,emrjr
2900835984,anhca
2916193773,vdqaj
5656713177,qtvck
6012448209,zwzxs
3421295517,dqjkx
2901621995,eslzg
1090984715,zqcuf
2346697924,hgqbd
1002025324,wliht
6658941230,nmtbx
2543917447,krmvk
3088512444,jzeeq
5329813663,snlem
5230819906,vcrtj
9998536271,xgeuz
5191768990,quqfu
4986944038,szqiy
4027861047,nrdtv
6693567740,bshlm
6622977459,yvynl
1303408649,ebbey
4706565076,khhdo
8491243363,uljau
6086447289,itqkl
4682629254,ynjuw
8806432738,lsjdq
7587184991,fgcog
7504129116,zztxs
9285217613,uqvdm
6561385334,zizjw
9080344780,dxazh
7130751058,itdjd
5885606955,dpwgo
6682768353,leqon
8175979367,lywbc
3264756749,ljomu
8724365014,rsgpf
6640539968,ezptb
2639121471,iwelk
5134071191,aufhz
3394934551,jivwx
2901538735,lowgd
2459578285,udoim
6112916657,ryihc
9740184990,wirwj
6581362355,phnit
8158626442,fkoeh
6793523940,xawcm
8405001872,dalbv
7198717906,vqnos
3334823704,ijkos
3043284522,gxeam
9046169352,izxws
1773880984,fkqof
2690535320,nncjq
1689527500,mowdm
8295640969,dygiz
6657663170,gmejj
8491618648,qtfnk
5453732823,kzegg
5428213643,frljj
1485702240,zscyc
9714743259,jfttz
9183452544,bmgwv
9103040518,exlot
3091813569,pwpth
7493311892,qqfck
6571343598,jzzqj
2074241921,vwfuk
3847021716,twfqh
9609523531,icqss
7542624673,nitxi
5807686853,yiufj
9427379079,zusde
9802432578,aangm
1345183371,anhgd
3459739808,mjltx
7316101140,hqogs
6088462219,vrjym
4155686692,rujvb
9740028083,usvmn
2855538430,guikb
4037647333,mfoom
9522151023,qxwzn
3438873760,gxbss
6791044806,yyhug
6310355129,wftxl
9907148694,exala
2959156755,aamuo
6629735183,wfsur
2013281030,nkdwo
7946921984,epsmg
8336762304,edluo
7634507833,wvwhu
3116544922,xicot
2880887288,jeeke
9053742464,azjgj
1038288863,smqll
9256625358,ztasz
8076498793,whrkf
3485221119,kuoir
6331706801,jnwjd
6536436550,cduyb
3040351375,vqrel
4671368956,lalqu
2987375991,mzmcd
9553863827,sfawl
6469551449,icbxx
2538262435,rpkcr
5896594174,ankwr
6480975196,svadt
8824830485,zpose
1817904216,rirnf
8553856959,ijlgh
3034993934,uyohc
7984226720,burwu
8363393313,bmknd
3550190920,umork
5414181089,jnfyk
8317554821,qtxhi
6946384555,xewef
8644521679,zxkif
4408692337,qzqjn
5195317973,avbpj
5314117064,zgznt
9099410849,eeclt
5311154678,ajlga
7661538297,rcwgi
3974441709,iresk
3184637210,wwnbd
3883591039,goepe
7356390282,uelxh
2625123777,nrxeo
9628719098,eomzl
3164111201,hgnyg
2464386975,dumgz
4544297734,jeuic
6069912503,elllu
2934954629,ocvja
1240310028,phaug
6123576564,zqyjd
6992244539,hnydj
6016263833,aqnmn
2231030719,elxpb
3212330477,tohro
7944744822,srczf
1874197495,nadaa
9764355177,qfril
8876453239,pxmmg
8030875857,azskp
4760369245,yjhxk
8699590056,yjkbz
8381530398,dvlbm
8450962485,dchim
8397857545,usvno
2418869169,mwcct
7781881119,origl
7816839459,geriq
1243788140,mvkpl
8116327980,kgnhq
9932012630,fsjnh
6081803929,qjwru
8192883787,axzbt
1443306692,xfjwv
6540279021,tngrd
8832709067,roatv
2846713102,zgwdq
4516002477,ycvxm
2015053856,omvfm
1753653447,gmptz
7824463505,vxahy
7490221631,emvwr
5461438824,dzhal
5319998929,ysrcc
1432908108,nxyhz
3305363868,njvkp
9809132977,taxki
3351747953,mohbn
2329193829,jbbbi
8624121685,javhq
7689775060,vnyge
8886027919,nudho
8879600812,zewcn
2011367464,xnibp
3871328312,jcbdl
2374005364,hpevc
5153822178,wwngu
4687094574,labos
1090796163,uwrkv
1855942209,xbrac
5244911572,becuy
8884593375,owhzm
2350458700,xvwwz
9526211355,uhibm
9241441718,xwjvz
1567197539,ghspv
6345639015,vboec
2375044315,kprxk
4776911572,kticw
9753001598,obnox
3872843698,hfhlu
4266624914,mcdpw
3646516973,lkuxo
4235272216,etbtz
9266722015,cobfv
2593199542,vwnoz
9751434152,qxvij
5150372883,gqfys
4242793921,xhdph
2956769926,zfefr
4224665104,vpjay
2852543258,hnzib
7365089570,ywuew
6512397520,gmyba
1446972861,qdesv
5421847557,yhqnf
1336820226,hngsr
1071637356,bmipe
2599998870,bwbvi
7013376867,lizkd
9531322397,xzdlr
1049903756,ttueh
7778404092,ensdw
2324056869,jtfuw
9193796419,thfzz
4547081766,naues
3496849478,qdgnq
3714215948,fbvoh
5984449898,iytbn
9215872692,cgpjx
1238321443,omnum
1609582019,iltdq
2450019748,ramrn
7088776074,bwhpl
1044727544,kjrnn
6968037641,uijwo
5596220052,eubxs
1451295213,ntiel
4253766816,cssoj
8234168270,gvpvc
8992058350,tklfk
3103657445,vetvf
8704520792,efwrc
8764223613,ogpmd
5209632278,dtvgo
7222728966,cycql
9493773959,cgtje
2252697816,ekalk
2761292402,nbjer
7789975198,qewkq
1775775978,fswne
4133053538,grehm
6938695217,olnls
9105555457,dtiho
7257910786,qhsdk
9036284805,frfpn
5612985573,mphqq
4889884934,fmuqo
1307731613,xlihb
7737451978,joncb
3426191124,curig
1112434134,fkqkm
7534583374,zornt
7394592899,soylf
3436256764,gzugz
1458443228,lvyto
1653428767,hnnco
6519208445,apotx
7516017819,xymrt
4659723007,vxvtb
2565008123,kazxs
4117905343,qymih
1894368023,qscpz
7997662874,ltyxy
2507487796,deysq
7188834704,vusfi
6090075305,rmlxq
4621565818,opafn
6397975389,rghry
5050957010,fbeyu
9682392902,xmolg
6967829929,gmioo
5804103194,zreqm
4510881290,ghydx
4181149443,wochh
6338956141,qsvun
1633684213,acdtg
2846572938,eyvcu
4128762174,zndql
7168946228,himdg
8672798910,bptsn
3255517904,ajfyp
4396054001,bhhuc
5764676358,ibmpg
4371880817,gvpdk
3989026189,pxvoj
4610998667,hxpca
3169337666,flfda
2193020234,gfpfo
2387512533,evogo
8559881138,eukup
5102622026,yzkup
5349761574,xkntb
5784546117,jcgkd
7570348188,eppxy
1502176470,sfzgs
5811446301,ybkfq
9087402958,ynaht
1439026148,amdrk
2400169688,oplbh
8158615761,ahaqs
5377869009,efpyo
6408679321,rvpkn
5930500560,qjjlj
1768425984,owpuk
9356163999,lemkv
9451401392,jvkkh
9035987700,ceyfs
8845638269,ebgzp
9309758715,vdimo
4847043554,vgcsk
7653887154,tegek
9198812548,eqhpf
1298968881,jvcqt
8390637678,qurfj
1113201677,mmekt
6967768444,wmgwh
1317144187,oohff
6061528573,rpezv
5945900310,yluaj
6896166415,fscck
2037990216,zzcgc
3474320571,mjhwl
8608101638,ahhqk
5548071974,flzok
4024077975,xmnwj
7276598208,hbnot
9355851865,eonax
4961900594,blovu
1872794148,mzvjm
5612753593,srvav
3786887498,hpvwi
8404304258,fcaqy
8200092870,bmivv
6919146348,hdgxr
9325395433,lbfdr
5865961074,atagf
2367431083,tcxcf
9201987219,lpako
9772086216,rhkhh
7072182213,puxzw
5263891116,ifddd
1775173789,boqfx
2126237235,qxuii
1723985735,yxziq
9434644987,cqevs
2094634355,ymvki
6080957492,cotpr
8430235585,psezi
4560449843,tpcnq
4664050724,vrbso
1064692675,rihxb
4916090269,fezwn
7692667664,qpuqi
7292035909,wcnvb
8997931532,hwoqp
6260775920,rgddh
2369501728,rsqad
4385545457,yidhn
4629961968,tndzl
1104909626,mmica
3353898225,jkhnn
6664559827,rezts
7609943498,qsvyr
8653376840,zzffl
5746462249,detqb
5642430312,ynwps
9094899512,tubqk
8490523747,jicbn
6314623557,fspff
1547449495,unlok
8031468204,demqk
7397863089,ghatd
9481641678,zvzdl
2114586813,hypza
9561435152,pierm
5623283093,mlrsf
8513210219,lvpga
7817323393,ljblk
6913956981,yieks
3343990789,dccxk
7897232552,ytmql
1722196645,ppkaz
3630806562,vnhlm
4942474102,xcnqe
2708495730,kjere
7547282257,lajwx
8612515824,dnbkz
6635596848,godhq
4768754089,iumln
6146527560,evhya
6346825148,harfu
4806398416,ltcbg
3702587465,yqgup
4057640535,pmofx
1299561739,qizwy
3189969583,vwxex
8145484156,nejwh
7603489546,dcdha
2771515868,zypfj
6061690438,ejsln
4409649103,nquqa
6677384891,xqvcc
2679120656,ufrif
3417639572,bypym
3881271080,oknil
5537441767,nfqxr
7745134313,eacoh
6063021322,inbbb
2320647963,pzevw
4836193871,xtkif
8179852665,wmgbs
9120940382,wkzfg
4483076298,iumhc
2305124467,mquqj
3255248626,ymipb
5157228378,bvxit
5035840441,zlore
1357419956,lwplk
9289519505,iwiha
8609492025,jnezs
5448394440,yxopn
1947073412,ufabz
8994773007,ijrbv
1282865969,bgjlg
5511772086,nfqxm
2148202295,emuqf
6264952117,xxwph
3619108960,rdifu
5664346648,utopc
4918847775,txnim
5127012482,sbyra
6294371222,ptqcj
5152119240,yzorx
9953430565,isymh
1784709927,nwkpt
2326017538,yypev
6120207446,hldvf
8201495041,cocmu
1922131843,kjlvb
3673277114,ciolh
8668086644,hpdld
5871852554,ebexs
3870048766,hwzgu
8512690997,arhwr
5844791722,yvyqo
7953146792,jbswz
2645314612,hmwkp
8015982833,axllt
7902812972,zhyep
7432478497,vtces
5663320738,lpqdc
5502526548,nqmxl
5105348891,lilfy
3852746749,gltpu
8630260708,xzoyk
1655058443,avhxl
4978405004,etxpy
7299706259,vsnch
6344323321,jkhho
4894543762,visad
4426315919,tussc
6340170708,hhegx
1070475661,hsogm
8443225844,cuwwv
8116296610,fpubd
5637668515,vixjc
3178346609,vehac
7952684447,pgamc
8685450691,orwse
5442867805,tvomu
8877757947,tohsw
3390541155,uhwdt
2017058353,wxzfx
7806837317,bsvbe
5694102640,kcdpm
8893612454,pnapj
2375910785,wpexd
8730126062,cpkjk
8821737613,llxzv
7078866543,eadxq
5826409786,rzimb
4657944420,voiek
6779073433,lhhmc
3132251630,vfabb
3916242310,uohzc
6715165348,zvzpd
8235392964,jpomf
4753809688,skjqm
9638011446,ccojs
4828212915,nfzlj
8949321672,gkanl
5849001120,kuqcl
4909502492,tgowc
5452775825,ncbae
4875964841,rbnvc
2387604157,tsgec
3239416610,kvvqr
8449479533,meoxe
4278218893,juzho
8755177189,wfwfd
7139140897,dcwpr
9821376533,ocsno
1077393731,qbezx
4004617928,qnpsl
2076152382,exazy
7485052283,kduld
5424730144,lmjzi
9676274273,oxzhx
2269353364,wvjzr
5541757342,dlonu
7171040329,jyoba
8389162111,nlrau
9798152443,ljodh
6946041705,cleao
7644122748,rkcnk
5624898648,yxpki
4778418150,hxufl
5103084573,mpsqp
2402555455,bdlkp
2473289798,vewrz
3412086271,rnzkr
2079617086,enxst
5706411575,jbhev
4429079425,memwt
8727114598,uzjxx
5610223005,nfsac
2306229823,rnbou
5449431737,kreol
6945893221,twask
6908988363,gdoim
1171452082,acikh
2627107619,wojij
8199751703,xzxsc
3046242096,tkkqo
2730116790,obkmy
9102614225,jfggz
9157611359,itqda
2675113149,nebdc
1974472391,sovmv
7680791562,oquol
1921316502,aoqif
2218604636,hzrpq
7834638263,obree
1303553930,vmqly
7828526381,ksvas
4853902370,sisbb
2372442237,xbbow
9107581918,bnfhp
2756052588,hacre
7846425429,ilhub
2978898807,bqhkd
8655221526,siorb
6698867667,krgnz
8578909532,zbjtj
1466718868,xhvoi
8440204652,aflgk
8537357120,ukxje
2495115401,hsqkl
9797410089,czxiw
5614355635,ndgzs
6530166442,reoxb
1298743239,wgzod
5258444130,akmpw
1324506295,rsyfe
1873913670,kgqpz
6148355125,kubgl
5144489807,httzd
9341387955,mdsvw
7853208615,gliym
4257490288,ygcer
2602672986,zonvp
5413545436,kzsmj
8884567659,wdvlz
7721366040,amhbf
3811601753,jnluh
9526102028,mdved
4877479449,vcqgc
7390568008,upjlp
6939015442,ulxol
9025371968,pbomj
4555813329,vicjw
3962750655,yfdli
7294332739,dpvka
9968165417,xapco
7783176141,kmzsc
1099135522,tcgqx
4534413280,ejgid
8703810379,hiouf
3278974419,pgqoo
2198248784,wyazo
7297961885,flwcb
7741143926,nkiaq
7458237101,wcowq
3648716284,noxcf
4569890649,deenz
7972330818,ysbhx
6811696724,iomgt
5137142276,guypw
2684793538,mtcsz
5551875210,vjjqq
7906777838,vdolv
6340162537,bpkoo
5623962551,rqjvx
2016932116,oqksi
4612070928,nsjkm
2240126088,eytdo
7720323876,rtflb
6938092079,wskjk
8054229299,crtms
9964240584,weckn
8558022007,ivtvv
2791211058,lprbp
2522233582,ovnix
3605474684,eccmo
3973475461,icidt
4084332344,lykma
5401558363,tcpja
6129740538,ardsi
8692630968,nszef
9627402492,kcamt
1313775817,zbmgs
1940114077,aeair
5090719579,kctqi
6845142106,uibci
9504990760,kqyci
8180549353,bcavk
3089479821,lprda
1561953074,voyof
3291946619,zodzs
3974311732,wdabk
2966749634,jqwvb
9539360955,fysdy
2003180004,khkel
1769221741,zdetz
1999109947,zmdfo
8660156164,pgfhg
8320791206,inkoz
9133037985,vxspk
3531091434,qwniq
4029447318,jezrm
5786006491,nzrug
6644735861,sajac
1093371565,jemen
9493697027,xhvqc
3293968114,uqalh
2105427014,blznp
2750672928,jbwrp
4959475330,ngdkb
7327971040,iemvb
8658301147,jnkes
2941381041,ktvkk
5866404662,kgwqb
8949812964,vnzxs
1309001009,bdual
3801673295,rnyed
7367377883,nediw
4032739542,klvtx
1299363638,xsbci
2968289894,ecfgx
2503500893,tcjai
1885784304,ssgry
3766265803,oxbbe
6070354411,dtopw
8685508667,zpadt
5897475610,gunwx
1786633146,hrcaa
2354062062,cxsvb
9894326472,uhlph
5682006431,fabvp
5676795086,llbmu
3284317916,zgiup
8543484032,jgght
9754405868,pnztw
6905522733,uuldp
6015094835,sxgxm
6070197356,bjhwv
3967394461,vvxzr
6811191731,eugnl
1185188556,zorrj
3624706995,cqgez
2492069321,pmfsb
1465027586,orbtv
9524525579,pmxmv
8567901793,zeinc
3468452006,zkmba
4692288654,ljmjo
7095345040,mphbo
3081925901,wsyoh
6585641169,vvscv
6168922396,havto
9525870391,cpuhy
4820879505,crgkq
5416852555,wgvby
6000950318,cjtgi
8505841808,eloqe
7528657845,rimqs
1560196046,kuges
2449111377,lkecv
5120036169,lzxqv
9093624939,tlmuf
9684358285,vdalq
5921225182,khcir
4694843669,yfrbw
4167312878,mtbtr
6884824945,zzrnz
9214467188,jwxss
1704593604,vgxbh
2248604661,uzrbj
9791657772,vopwx
2287927390,htafw
7657400964,qhpnh
7352411860,wpeyg
1819618850,rvula
8654985497,hobqf
8901063477,ejjwk
4980305607,ulwuy
9938489297,ffxlr
2448454991,dqakc
2056948879,fwmsa
2552994763,gawve
4149528614,myylc
8644320476,qqarf
5331585660,bsghm
1814649549,jhmnz
7628595286,kahid
2901538935,zrjlb
3780014547,msubq
5641036695,iewzy
9655480405,qwjcv
4200727888,fosoq
1133381714,emmen
2205578444,fhlez
1472400394,fgmfo
3210228063,bkhcs
7788541986,pokjc
2071449896,eycpu
9688028518,yjsws
2877697791,zmqqw
2588470474,ipgoi
5684349750,cyavt
3569602709,iejdr
6316461007,fdtkz
1370698887,ashhr
5414834483,zbpqb
6174732889,fxeub
4658414617,pcbpy
3191705652,eszfj
3321268785,nwnhr
4017507336,tpttj
7816593535,pdwia
3543272369,rbpsd
5111757028,cpmus
7411794962,farzw
3624298017,cdhuj
4840909417,fpuaq
8158360361,xhnzk
3067636307,etzpn
9948060661,shpad
4836668733,sxfql
4605452753,vimuy
6278995488,zsklb
6017620972,qngkp
2515324910,svafw
6161771590,raxqu
6171056949,nwzgb
1861793892,xgozf
4081497805,dqpfv
5059043985,lpvot
6508626208,blbjc
8334735906,qgzxr
6219590109,cwdco
1351717068,mxhei
9114408385,msdkn
4174641169,usxyr
9187928501,zawcn
2039721992,vzkgc
9662191483,epvpn
3658616580,ckjaz
3314248773,ekyii
8025723459,nfufl
8377220392,rpizu
7157120233,frbfz
7828846205,sdvnr
6893583303,hpsxy
7209153495,nvtoh
3029158512,vvqsj
1710666944,jfzac
9655624822,phbkt
2344568574,yfzpl
6637601608,rzfkl
5189484189,vutju
6992539787,umvsy
4347387947,mifdb
8249237172,edcwi
5239251550,bplnj
1965427472,axuql
6032271357,czsik
1313100228,fsyzk
5657298525,zjfvb
3068665101,ktgep
2430783851,uydax
2934053481,ttwsz
6880397179,rflpr
1992666419,ukfdd
7755466639,bixre
5658668402,aadrz
6267832774,bsbps
6397303247,mhnjy
3473387163,kdute
4996328425,jcjmw
3830350001,nmost
5191898153,ubeiz
6308962877,ayaef
8049705496,yfzol
5300052045,uezve
4983181759,qlyrd
7107090703,dkwfp
5208994669,bwnff
2150138357,nnnyi
3186196953,mwmrb
6633188735,hkqvv
5110922853,zfwuv
6573277977,affgy
3986054401,jargc
7742097097,chmrj
3327894797,zphzg
9996093702,adhpu
5099034243,zqfib
8101493861,zdsgw
7696723927,xaylv
1779313229,omeew
4560069039,gvddf
3955404402,fhkjl
2856633119,masix
1688879897,gayfw
3066520178,ejjvs
9834642940,ohewp
8435733141,zuurt
4140256002,gldqa
5779243158,jjhyd
7533822937,xtrtk
6684938080,vxksk
5604423832,skimj
4159265771,libal
8293761276,sqamw
2156947886,ilxih
1433579239,wsavc
9427801564,jnuqo
5392372823,nlkdl
5321797125,yzekr
9609992301,emxol
3495153340,tqgnh
5149153844,cemqa
1795667087,bcbrr
9621603757,wxukp
4887918946,xnrxf
1919779650,mdqfh
2693111893,pjvlc
9105077187,bwsup
3455793783,hhauc
6150438551,ncwsu
6904404023,wivee
2036584495,mtgnb
5189066503,gefzh
1497072179,qxwfl
5997471963,kczwf
1814467278,gxqaj
7641009237,bjzah
9171632839,ihkat
3624941380,xpqks
5925284405,ugoaa
1175957853,abfyr
9407930341,qxiip
1444858056,zdaka
1194950244,fvgrq
5789684555,qzvcf
2782341472,akguy
1537616676,bzehm
9823778356,svxfj
3327385790,fumwp
8715051975,lntnw
2296083541,uwagh
6905613273,ygqzp
1743579635,qdbid
5148019191,tmais
6227152379,zgiqf
6667037765,yfjsv
6022872697,coost
9056194902,fqenp
8401855101,icnbk
3767425334,aublr
8258734941,yepfh
2693969996,mwsog
8328574283,mmhpx
4483447413,reewv
2867656326,lmmfo
8218410505,akmfn
9302999833,jbver
4154267446,upctz
2528797271,zvman
6073234728,ouzgs
7076677393,patat
6165980682,saugi
7214196658,gtgwq
3976829610,ctmfo
2536936723,sqtsh
6136690939,gypdf
6477164547,xlbir
7961552972,tsswr
8666691998,fzkjj
1248785283,swddp
7835756185,yhbiz
9675411422,lsfmo
9792268016,aakga
2347192954,kiopv
4715086384,iijdt
3274531098,llbpd
3617539639,aubmz
7422280306,dxagd
8337899746,wulyh
7094385661,konlw
1450910431,gzumd
2140876268,jztjd
7514500346,mzmzy
7240350799,ksjto
3317539845,lkuuo
1454481044,ofckx
5213412544,ipsbz
7697873688,dsxup
8916595250,llmvl
5992077523,teoux
3232966883,yvlpm
3204887693,grkzg
5620186813,rqydu
8307221976,eppki
4470562269,cfybw
2803906767,neqgn
4051933471,vanni
8040641817,xoimx
8130904152,hphvj
4711944873,ushdu
6794852170,trwrz
2163146103,jshdz
1974499417,gkofj
5641273614,kjcxo
1697217201,chdws
3959039446,heugu
1348714856,gtwdj
1730995160,tnzsp
9750226815,oyoit
9997741414,soyfv
9768186127,lvxng
9451789894,wpqya
1994861248,nvrhz
3515757755,ajftb
9573222160,dotbq
6050261207,aqehl
3732722138,ovget
2183470714,xzqln
1763369017,noqft
6402244382,brzxc
4683784262,ubqsh
9462008686,ndbdu
5169793867,uzhsq
9393514506,hiuyl
5905835775,bnkcj
8882927825,yuszx
9307849890,gabuc
5113553921,oiixq
5811710008,cclbr
1417288621,fqkvv
4710035937,uiaak
7486904809,tbytx
1939995692,jzzkg
7596075148,ymwvs
1323013850,zduyj
8311699349,nsmsw
1634626507,amjxw
2721891488,ybpko
1204263583,aawux
6567619308,udubt
7194857288,snoes
3635782800,lmafw
3043850541,tdemp
4119406678,wpgop
3361667744,yfaxo
2260297460,daylh
4393217304,jjeho
2350240086,zlvsb
2693309121,jqods
1716782387,wpppx
3981449965,rsfpr
3050166704,nqcls
4659881985,wskqy
9307637959,wsnoh
4646968255,tmrdn
9379282981,vcdrd
2858591827,qcaoe
8443735291,iocna
3052104253,pplpn
3240545339,sghyj
6012455963,jwcmx
5041815357,fsnlm
1834228974,yhfts
6710938646,lrfqg
5770369647,ziizh
3241272987,orfjp
8615028742,yfbig
2630607880,geygh
8944191604,dixby
1012664689,jefxy
6773472130,qkbvn
6820468110,jdjap
7604884643,lulbe
3551423333,dzukr
1893096242,bqink
1670754024,fkgad
7034103128,aiyag
5624942899,vxrqy
9946126638,zdhlf
6298442570,phvca
2001358884,fderx
7718475988,lxkux
5636457274,uutev
8165662850,gcvrx
9140234963,omwak
1601064007,iqktc
9665363029,eqedc
8303807366,zcpdc
1602983719,yuhvt
6790424139,hpaiy
3683947972,rwybk
8153224692,rauhh
7028667213,dyohx
5178038616,whhfx
9236375077,ojkno
4498564017,mlztn
3297299099,ouzjk
9623421276,wfvnv
3856932451,hnexf
8845735673,fyjlz
1364871053,qjxpu
5825364875,rilrc
3834057378,yjamg
5757550029,zzixr
1253906367,fjklr
3723107369,exenv
4920589759,jxdrm
8845466692,eklms
1554794192,iqzxs
3785722590,fweom
5849078860,earwm
6368613694,nuoer
3572908936,dvbyn
1659558097,uyumg
7795391973,hbumm
2378644964,bgend
4992961718,snoih
5406255531,qskbt
2247577001,cfydv
8788322809,cwldk
3191627092,nzjrg
1880349168,hpcdl
7046684938,rkndu
7261986820,lsxyr
8077361723,vpjmz
6019273914,xeurj
2379007399,cjiam
3213634557,bcfhn
9675256800,fwoge
6843617689,lrjve
3467264631,cbkth
7120433214,tnkbj
9828853077,xgeat
6326487897,pnwns
8699731878,gsefg
2215274820,ippwi
1435432019,ocyfl
1497004077,nifzi
9575307356,muzlk
6625102908,lqlyq
9361304296,tredi
7358002101,hhguk
2661847037,javct
9210754819,bffoj
8885615303,gfsub
6463772804,dlsjv
6439201870,mqktl
8925982786,ewgvu
5324129531,htiwj
3287870649,hthbt
9609809596,gvlpb
7894429721,cflrd
1426338362,psqud
4070835299,ivhyj
4985391407,lxjhp
5140016325,eeskh
7724505274,glciz
2501758971,egxma
1488088919,ullnr
5969651595,gztxb
7385912604,nglnb
8185758990,sxiuh
4003665914,prnce
1898473372,eiooh
8824971621,pyncm
9750411537,uerdr
4767263679,vaixi
6167395281,ncuyg
6764679924,aoiks
1849016553,bqtqn
3688095297,jjdmq
3016217076,cbkzk
1938013096,mxceb
2973126817,shqir
8788205766,kiwdp
6549705495,atiis
3945419815,isuyd
8560970075,wgzpa
6593787140,veskh
1743606425,gsvnn
9285087885,dwefy
9268689113,kfbxv
5709487170,nufor
9258267529,zrycg
4404886925,uwbym
6375946708,dkytz
7753437132,ltvdv
4088173889,ldupl
2723287600,vmgqo
4158897073,dvjgi
3050812306,zfria
8478600993,xbttc
6562337126,mazfw
4103718763,xudkg
1095112661,izcie
5538647002,nhbri
8614697726,ujzny
8841479881,bnwbh
6430690001,cyhwo
2560035526,qqgas
3476691561,yzvca
7050261744,olgyk
2153123473,qqrxc
1305384371,fzkbu
7479290309,evgfq
7665688706,ynshj
1614054433,zuwya
1477473510,quiyt
3064981288,sucwd
6124655477,jwrmw
9552266617,hlder
6911642593,exifp
9665907057,rlnuw
1440046400,snznj
3902627198,entsm
9155822400,fxcro
3281418381,vqmec
7537322913,kumyo
6369183198,qpyyt
1355430055,apxpa
1673201331,chajj
3489996609,gqlbb
3189510612,ymgkg
6944148296,qyhsv
7735224305,flwou
5324318508,ijzjy
8953287682,piaeg
6981559084,fetvf
6977819438,ammix
3056406676,uqnip
1497623255,xtdxy
2829566495,dwxez
4622883365,fsuma
3713740288,vibxt
8609213638,puaxi
8306122652,obluw
4659581137,rnlus
1018616912,myxda
9255462463,pbwfx
4204964111,mcmbs
9602326847,vihxa
8019700123,wgomd
1955555624,ybgtj
1508563327,pftwf
9040258559,swvkq
8946562393,bcabi
6261018263,zmupt
9501845841,ndmbj
4135404139,xdkfw
3682662041,fzqzk
4468382113,mwefh
6615861249,titoi
5108976002,mawut
9159846829,lvlzz
9867449518,ahegy
7170064627,kwiqj
3697370413,qkgbx
4103525943,ykjde
5388599770,nphca
3780548175,sfkkd
6083683639,pbiud
6049619758,tqdgt
9660000186,kbeao
9072286369,fvwxa
4973706530,weynw
5542529967,hhiev
4422605221,ogcla
6221721545,sipey
4343889720,xatry
9998818015,bsoro
8008167310,ksvku
8062380702,gcgpv
9521488299,hzpld
5709485709,aqbab
4143791064,vrmyu
7036670561,siszd
8595628226,vbamg
1475990549,vdsqj
1788959908,gkbqd
4760147246,jjwkp
7671795515,embfs
2506006528,joewa
4412485742,zzvpr
2437179742,tcmeq
2935104504,sdqug
7680519625,hehus
5327790078,lvtlj
1388994614,zizgz
5758795418,butps
3277731592,imalf
5636156071,oiacm
8402256584,rwbiz
1755138049,fqpbb
3559578215,jtzhj
1828462394,eynvf
1548511753,ccccb
8165674678,zmnko
3222439602,lnmvb
4997275539,mafcf
8505697120,evkyv
9759089481,uztsb
2769238412,pwwqu
3351904396,ecrfo
7943467493,zbidf
2535859347,hqegh
4264613978,hqoib
9957490615,bqikx
6723988629,soxlr
3689587933,knefw
7366413387,mhteu
6457635221,tamgy
7516907737,vuwlu
2482228654,myzht
6281727302,sqheo
3283038592,utbnq
7028552932,evhoe
3069313014,emjjb
1159719503,fsckw
3688565917,qnyho
1437664464,jsuys
2164578140,jjyqc
2847813332,ufbkv
3729754634,cyaay
9488489137,zuruh
4897912001,onqpu
5125007592,lwyck
8391358140,oaovd
5939103953,qoble
9140371552,mcsid
9285492238,xnenu
1471205491,znbgf
6236994320,twaub
3039628679,qnqlm
9778183125,yfvnv
5184209811,hedsg
9062730454,fnmjh
8089761024,acpcp
4599065479,hijrx
2546762614,glqql
8171819536,vihqo
8292617406,foutt
8438450973,vsmux
7251993476,fowbd
5714519668,fdmrq
6804462290,rfzbl
5617509986,cyvvn
7712685350,sevko
3847053019,eijht
4308690437,pjybm
5932006508,jhncw
6245497604,hfzqt
9625879880,ihtvl
6749016150,cmggt
4588872450,madxd
8583123505,fbufq
1203714416,agjvb
9708142571,fygep
8394623425,nhccf
7651315258,tjyxf
5381391726,alajw
4155226156,navga
5523548247,efiju
1607760875,stdcg
7111052837,qbsgc
4539761524,kwiih
4777070251,cgndo
2769763226,yziwy
4160881555,gteap
9823854334,foqoy
6768123891,simqz
7371086558,uobns
3192212847,bcgze
1829844865,qzxeg
4632334331,cwbsv
6618170572,nutux
8815823476,hxvcu
6425247488,zhidp
9295333975,dfnwf
6900916931,errgk
2235684754,owcdc
2086973150,czcda
8329793303,bbzal
2202487966,byflf
4071572945,xjnmj
1535336545,vwjwl
5467319868,qtkzv
4659090475,aycyv
8628270971,tgnll
3066257050,ycsci
8714448832,fltnm
6109399370,xuxio
3762880105,lyxpe
8960638755,urore
1009935868,rytuy
7672940342,zscei
9544069690,lpyla
3486062394,qypbn
1925854458,jodft
3563357459,rcgxi
2702884796,xhlva
5722473485,hwzfo
7276345679,svhxb
4742326352,geria
5589419663,yfjiy
3488335724,pljml
7753657359,igoqb
5805243812,fualf
5559780712,fpnrk
8735687852,ndpuf
5483279115,bhsvj
6571728056,auczm
7365168775,qqefs
8671098205,mblug
9243929693,gdweu
3793515398,uzseg
8738919353,qliyb
9161966126,qvtcz
1832214639,kdyom
5233759136,qlltp
4671130986,mjmns
2482408141,nlfum
8030102384,gujmw
7671136032,wykyu
8435328355,lpuli
3117038568,lvjzo
9714145097,emvtr
3238785651,hxooh
3424885643,urffb
7599565097,ijrcd
8660491124,mvoiu
3734376644,vlqlm
5221105769,ftqgd
5515824315,jrabo
5317036187,xsfpu
8766353349,kpier
2474882426,uxbqf
7988001078,gsrar
3225810651,fjkrl
4276087533,boiwh
9385849789,nxywa
6917525448,hvvgr
7460754525,dhqph
1378304384,lplgn
7623475908,muyzf
7075040434,ndxta
4996473915,gxxzf
1670102750,hfhtl
6750800448,hmyhb
6048256003,thvem
8594306281,yarjt
6889751892,hrasa
9763855597,zxbeh
8465765516,kqqlo
1863488220,qcsca
3833270662,kurzu
5382780260,hywnh
5824428367,odzhi
5555831330,tinix
9000301471,skmmt
7636407860,slexf
3044286280,ordkk
5339743566,qmuuy
1554790925,pgolq
6513829496,xmrcg
7109423073,ycekx
1027063335,mbthi
9244476316,wicod
5001981216,vuhbq
2687888199,gnueo
1902601140,bnbnm
2976709951,dxdyc
4161149873,sbbus
5728684659,iuvap
7206703537,eyjem
5467982835,ekzak
9688706034,rtmbg
8212275193,zgsyi
5290405707,upnoi
5601030286,tcriy
4172560183,auxjg
7865331894,wzdqa
2204527842,fyppt
6672672696,bupyn
4700660368,xtfwp
7971328471,wczto
1274598843,ltdso
1547202340,qjycy
2894521837,amnxu
8696701084,gjazc
9203501851,oitmh
7816119850,cygqs
3793991021,svccc
1256773359,sqgny
7189318994,wwtnw
2973218341,ivvmz
6187090903,kaejo
3619809694,csrds
2283345533,jglsa
3038632837,ajapt
8711066352,lfocf
7321378128,ckjue
9163091140,zbtkx
7722009443,joqar
3759355040,knozs
5303315330,ghmre
2972463604,lluna
2675680167,nszbr
8195381946,yjyhf
1767084874,hsyem
4158258240,lnzzj
3118754125,uewxn
6787518429,rtixi
9425194624,kwtoq
1059827895,irxqr
8458494639,yovrm
9737794224,soibx
9099515392,xjvtq
7233628547,wtbqb
7721371773,xidpy
9104419634,ufcdt
6462074924,dvina
8456290269,qtbzr
1615248253,ughlp
1965595605,kgqew
5039749303,njgzc
7446875383,xassi
9511703808,dhjrp
4885356927,iueci
7308642866,moygv
1530710527,fqkzp
5589179295,ewhjr
9620373686,mrhhv
6750651535,uoerd
6501042099,qshww
1857176639,tcime
8593965963,xybes
7276825615,azlap
7448825491,ljrof
5833450943,iidgt
2693989593,tnwqq
6621357715,drdse
2964165199,ifeqs
6344922265,kmvff
3208087183,syxjc
4650289070,ascks
9206526772,kmuaw
5891030898,vbaip
8165082502,isost
2217140558,uwiwq
7531892070,geswl
6341329443,qzrej
6636844971,vrgco
9153224312,dgfvm
6852075606,kkybs
7388111947,hfytd
8119518056,tqjfi
8868621185,cqmsm
6310047744,bakjy
8752904335,irhia
3138411422,ajyet
4258302964,ouwrs
4249439115,efzqp
2567907690,tyiyx
1078011042,mvgdd
5256348723,nynhy
1287196791,sxasq
1587173625,eyhea
9555420478,pihzq
3402642602,ztzxt
1021923240,qywuz
4118067841,hhjai
3598657825,rjgdn
9516710066,cevte
9679142691,cradt
8183776819,lszvn
1142594359,hqwje
2825605076,kmqhq
2974406427,zgrdl
4303992440,kkmgo
8418882134,lsqjp
3222770943,prdad
3301588730,fhqtv
5461722991,eiifh
5287724431,vyduq
7088683674,sfbkj
3313341326,eocqm
8270104206,wmypz
1719972147,yqwec
2288815996,htkfr
5842543531,hkxcl
6256841045,tvnbj
4551263337,zquxc
1355428568,cxcbl
1226005789,lsnal
1595711774,fjark
4731937804,zigad
5909476627,wvwwp
4023002974,zxivh
3202109509,skvjl
5671372929,vrjfv
9457692087,thitf
5509187167,nrcbl
8769604484,pkiic
6511619989,blpot
1294261686,fnryt
1306639403,kqvvt
1688658558,puyoy
4081213714,wuvsu
8709600007,rzwkh
7542245148,dviyr
8596055839,sustm
3874475568,rhutn
1274673366,kumaj
7177228631,ealjf
7002656301,bakzy
4136043287,wacju
4860778783,xozfj
5841853785,jkxwg
1988015784,swiog
9634362073,kauft
6318239697,oszvp
4436812687,ennhr
9813971671,pgroi
7631816140,rvrxj
6219254794,psmwh
3314310978,waduc
5208715256,tgayo
5218089531,dgrxs
6951405027,zupmj
9752166549,jrfnz
5823757309,zrwer
6129866954,poixh
8138668398,vfejo
3515881681,vtbqy
4657924792,znmyx
3625710812,fkoxa
6411094038,qewzy
4757028163,ywjae
4894230517,ttphm
9072652653,plvrf
9022461452,rsobw
1351716780,ujlvy
3198191366,etmjd
4195262710,jafum
7893225399,vciro
5854006426,laiun
3342212840,eqpdf
7097808965,posvb
9205901774,oolhr
2513025405,laddm
6406985666,jztsi
8956067563,fowfj
6824095492,tmcvn
1432157593,twaxg
1046420438,iimea
9464692679,pxbgc
9163799182,fjsio
2964775842,bknmm
3126005116,qndto
7335352348,xxgii
8247681612,ebhut
5503240564,vujcv
3071897872,axjdd
6595873959,fqusa
3270703057,ayfsb
3131723935,tltbv
8040951308,jbqpp
2971779166,wxyoa
2347288791,bimps
6480330300,zmghg
6901827231,aclod
2707275242,wrlex
3680505505,lonfk
4092275544,xcpco
5984006509,oraxe
7939620338,jpcum
8463806772,wcmaa
5969165366,pylcv
8524583732,oiszy
8522920724,tsrqq
4247534714,bvqnq
5110244126,iqcxh
6812219974,kkgxf
2003021362,mhskx
4335070878,eddxr
1601947339,eqrek
1935200326,hicga
6971088134,vhxej
2856356790,ytieq
4461608432,wxazt
5132778716,wkzgv
6869355657,tvyws
6498946305,ppgol
9543815914,hfmdi
3006865656,kyklj
3263643219,xucmq
6336941885,asclm
3367817573,myenb
5163506428,qprfi
3364257640,zofbq
8428823415,kmvyj
7127360925,zundf
7382200026,dqvbf
9725268128,zfyfu
5456212147,rekjf
2156155645,gmxii
5662221285,adssk
7276895841,iknhp
4907596830,htkgs
7380143047,hross
9893508471,mbzpp
3647988158,zgtls
9273761271,miinn
4469083601,watfp
7006428225,gfkzs
5167670890,btliv
9098082159,duzwb
3806337640,yfbmk
2298331929,fuhln
3054140661,zrjao
6451952125,sofsj
7438799682,ufodv
6706009533,tgqnd
8912678513,brbhe
1539062296,vsfzf
3487827560,cirbh
3827697050,najfo
3042289534,saiwm
1832386449,bbats
7580608158,pvhir
7704134460,mmyvv
8644484657,cojyd
5872257067,qnetn
1406530604,tdbol
9531400592,tyhrh
5516461460,drbnj
8114345543,welbt
9082048987,hihdq
7046087545,wbsdb
9166533862,zsdhh
2548084759,kglnm
2296384038,xyzpt
2332631895,fgvyx
6046276244,oycqg
6283470912,sokcz
5335298788,suknp
2166594310,fgaod
3413242717,svymo
3388674848,smgrq
4044599088,vhwah
7155348184,uuqym
7311601062,qhdxj
2691867557,ucvzo
4881769698,vudan
7575428555,vrrkz
4227367086,ynhxk
2138278525,ekrcx
4572714107,cewvs
7808370000,vvgjn
3765562527,juiqo
9759733700,mgzqx
4521505983,zxbht
9835981795,appif
5885140740,uujdk
5438032051,hpntg
6227533240,rniyz
1827082375,dujeb
9530510762,iuvpw
6549637876,zbhcg
3179727286,zumon
9998106689,vthjc
6024157240,hpptc
7429928458,vxwup
6221380178,deghm
8776931354,vdypb
6199173119,uejge
9748048118,mecfm
6740890030,bqdvj
9113650356,xgesx
6525195435,vvfhz
2353311862,wwbdt
8754249415,fkzrd
2978941821,wbsnk
2739622317,jxgwo
9577868692,umssd
8010541719,pwyls
8932955492,touqu
9424891409,bbygm
8866183523,wlefh
5288541234,mheva
4537223345,hrfdj
4841958858,sgqud
3351195645,xdqlh
9910158049,wpqxb
1707787898,zyeys
4757778448,qqvhb
4916849286,akypa
5800851136,lycwh
1984201531,kjwvd
3130343917,pepqk
6499822146,tjisr
6871539927,wsnfd
6277618685,jywpb
7937684155,loeff
5100951802,jblye
9685244303,honlc
1700110804,vmwhg
4645364542,qkovh
4092112527,fpjiu
5399542513,gilry
7063117123,wucin
6000853191,iaztp
4516204296,gjlxe
1848775681,sivza
4046901202,ivzqz
5300135374,aipvi
9711347653,osged
3991886739,hwmef
1840575584,tsdvf
1961176637,whwfy
3619218438,noyia
5355627239,szkdf
3770115601,xpgwm
4092690396,ptafy
7548557133,kajvl
2967757354,ejxtg
8474011349,tbcdr
9882847514,pufdc
9001426116,qdear
7429625869,tmmmf
2390317076,mmlyw
1695837898,nqjbv
8963799649,qaduo
2708240532,xemrm
6370288419,zxlgn
7417098633,yuclg
1865723322,cprrw
2421696334,phesx
5296181008,tmphz
5834365300,gzpzy
9097662144,pcoph
1743632971,uokez
8024876336,snupe
1775704352,mmssv
5820005314,jjqfu
6820560399,drcuw
7412905295,wuhyw
1689736585,hnprh
4272112821,qzqqk
3456418926,upcea
4186819031,mslmw
7830423398,jpbaf
4406032520,deatr
1074165240,pbgnv
7509642639,dglfe
7325151201,gowgk
4297171138,hjthn
9557637942,zipfp
3721051647,aageo
4417974926,rjyet
8416387871,qaufy
3054974956,sldwg
5269957574,bxayi
9193263149,psiuh
3404840863,dsfan
8511552243,skeed
8972949971,uyruc
6004500158,vwkht
7574132942,odukt
2994716639,gdpyf
5264472227,tuqfq
4863654804,fitdl
2432656174,xhdwi
1630643793,ssrrv
1662683386,zibae
2832461593,ijgtj
9962065881,omkul
7100452672,gmcak
2226410395,fjzwc
2755483876,htwwv
3199445099,zkmai
2019845650,nisua
2705034130,ybagt
3252316071,hqaoo
1307341526,wsbkq
9590220458,apqtd
3476884658,yjrgo
4507942794,wbcpy
5455265313,ngjqd
2378491926,gjftj
7056041842,imeas
5665637097,ibfsb
2799737895,ieczx
5607083402,yrora
4734887015,qqzvd
3980889893,zsjuu
5546794982,uhzrv
8143134673,mltfo
5130026662,mivbf
6552140769,tsefd
3647024391,vghxd
5941287484,erguk
5901153988,gukkq
8061637951,ljfqf
3907573572,ohfcw
6617194810,jzpxq
1202745539,nqpda
3201630005,wurhe
3345381311,ovhfu
3159876056,skzse
3742410323,fniwm
4668829724,xyxig
4586114242,wyijw
5394230555,anlhm
4497033032,kgkyj
8660455461,gpecy
5683182947,ixgru
5919644941,psexa
7442944261,wgsxp
5207657701,gcdrn
8605071901,xqvlt
6171010294,rklmy
2611177058,teccc
3169148874,ossvp
9642522339,iwwxe
3948832587,xedrf
7757075986,bztld
2808423638,aklcv
7793529160,mxjzd
5517994474,zvnjm
3007328599,wgyif
7103501150,ooclb
1175685654,uetfn
5553356143,mfeiq
4798857908,vwhnf
4527040362,mqnpv
6655657285,rodbz
8415647506,aweaj
8785038742,umksm
3424200156,ozvmq
7152516615,kbhvo
7001712099,jchsy
1103003100,cxjes
3943474430,dpfeu
7730364270,gcxwi
9840389383,mpxfs
4193881839,tqnqd
1442165124,ovali
5827226681,cyxis
6611343124,undne
5176921269,vyrcg
8802878254,jqgjg
9799568821,vnshc
5033133148,vedjn
7915916136,tmywb
1204906531,peorq
1811382544,gszvk
8653104919,bluhm
1328207743,frvnj
5283855415,whbeq
7884466970,qgykm
4687031589,yhkat
6910395969,xzemd
7666323595,zzmro
6057487189,efbnx
7242934806,ztwrk
6600743802,akxut
9088887617,dfwka
5997770577,ykiyh
7397791580,tnwti
7571637791,bubik
8336144762,ziccn
5377956603,lufni
9152657576,lhuun
1803727957,cnofo
7512541394,rwurw
2893106551,itnei
2711825106,waedt
3242302161,jbfsj
4302576142,hhjrk
5613371464,ebbrq
6404642800,qqnrr
8879197978,dkdnc
3072313686,bylbi
1239372743,tnvlc
5846306990,iytxg
6415231379,jsylr
9415160411,keefy
2749256045,yrphq
4733948639,bgiro
4944194248,muefw
8504775875,imbyy
2673652204,aqbis
2788190754,waglt
7270456969,ofurf
5550865497,tnaeb
8483154715,dedmb
8837499331,qynxa
4740123557,wzszt
3623535118,qrogf
3188280346,dhqpg
5919629467,ggjdy
6851651883,whlgq
7597328241,vkhqp
5422354015,tqflt
9996097605,tidzg
9095959241,briwt
5963081406,yrvvr
7022582822,nictw
1246532832,xthsh
2608290794,swssy
8356634971,mukww
4355611573,igidd
6348017302,niizx
5023379571,pagdo
3957510899,kxeok
9876639764,uswza
9865454679,ruhms
8953281119,bboxn
2504158914,yicmy
2738197925,quqto
8217109199,efuii
8782831205,mgcns
3596988459,inqep
5207583566,djpqi
6378253511,yexdk
6466723116,gcpit
5132124088,glgqa
6684994828,ueffm
9357807438,wstzg
9147441754,ubaee
9601254045,sklpm
8780610657,kxrgu
2801515989,vxebu
8696323651,syvbq
4755873899,tixda
7560013794,yqdcl
5064906079,wxjtv
5652420938,sepxj
9892358604,vqdgl
9311411124,plhdx
4415052256,vffoz
7473691088,ucuid
9514736587,mftmn
9032652902,onnel
1093098487,kukfu
8194456205,ttyoa
8778897884,leixd
4459263377,tcxds
1057758198,pdtyi
8810377505,mjzsd
8683779398,fkfui
9211284958,lgnqz
4495800882,cuoof
9695427194,qobnp
1284934280,codkz
2274137045,xteil
4973724825,wxhxc
6769045771,bwdvi
4411764606,khvgh
8039508665,vvkrk
4062576706,thczv
3608166104,dripf
2773906811,ctven
3830517205,tmyoq
5431826499,phnba
4078310826,lvyza
3950040830,usnor
2656681241,rbuid
3276723412,vdmou
9650227949,ykzrz
9760480783,inanm
7339171482,hhpyv
3039029782,sjpbu
1021349556,earuc
9583409824,akjae
6140546202,bxvig
6907707211,igcgz
6455279499,thczi
8278334192,oljlp
6340931493,aiixh
7411745517,iuqjg
3027904285,khwol
7880730471,ecefu
7883755573,luuci
2993305123,xfmty
4518893911,kdvpr
9238785786,jpbyd
5358789051,xycdb
3529434487,vwnjh
5942512406,eykyl
5888569143,vjeua
3011761943,eerrn
8241155536,harrm
3324935147,hhgpe
6275798566,xvkng
5642431213,iuqhy
5317286743,docjr
7291892267,oqmon
6979561644,idrly
2771643210,yzxma
2631558456,atwbm
3476152448,dbosw
9865439683,xfvaa
3860898788,ylbyh
2929006988,zgzek
3879484146,rgpql
9153873208,etbcd
7452592760,uheeh
8875221459,nspod
1913468415,qswip
7256738894,wdgix
4473776064,ajerl
9588071409,ryacg
4091366637,hyaus
4280194173,zcicl
8567890670,nwuba
2308393610,zjxwn
5781097734,xiefv
4653658472,xkykf
1449085156,pnjze
6461661633,znurx
6888096155,kwtxo
5063674714,zxpua
7438065036,afdnf
8907196124,lworm
3263205422,kbknx
5889864902,ugwru
8171194083,fazpj
2073071815,ffccb
3322090525,picmn
9390127211,pcigz
1287794903,ozfbz
8453357960,mdpnd
5107459276,uusly
9227500312,zhnqx
3164178429,pmmcd
3126525399,dxhwg
9939727424,bcuns
3352983029,oognp
8990860027,pyzia
5988390584,ortdh
4066982855,ppggj
5732134094,umthk
1127674787,fwnxr
2890425875,zdxqb
1487300573,unawb
2073512373,kfbol
3202534872,nltyo
7781198820,palfm
1172959313,oynwb
7209888958,ezcvy
7369744072,wgynf
7448224023,quqel
4144919359,pyjvo
3995290660,cpgin
6440197007,novzt
6707989241,xmrht
2933499644,gohwe
9140189557,ijvid
8225283859,ypetm
5750866614,okjpb
6880282946,vxsgy
6527848551,gtepu
2777622558,qmocf
1119161206,asozm
6053635064,pjeeq
9637149736,fkkzt
8857204687,cxfrs
9193226491,sgimx
6442338088,tkipr
5458987614,nzpbs
4574050106,vkznh
4846067436,jhebw
4426039996,pezhq
4746623305,ggypi
1024130087,muxjr
8699496986,wizev
7727088969,vokht
4797720684,dgvej
6468486485,sqxev
2201754341,kkvwh
7549658568,hdaej
3144621483,jaqab
9497652400,lcgyt
6463102016,ozjhy
9847477132,jgfgm
2712297135,djino
1936252272,jmygi
7964411375,xgrgr
7126581168,rswrl
1687017306,ganxx
9511161715,bloms
1769914960,iyyhk
1145123730,ukqyo
1720656461,wkqqb
7563439909,hakkk
8834990314,hozxr
8401251201,ustlh
9437450340,tovlv
6807623436,grhex
9488499188,czdkg
2638013143,sougo
9391895727,ztagy
6595727080,hjlxl
3181889734,xsuph
7775991520,izbbf
3942271339,xpqbl
9524322596,gxtgg
6493473582,enmbw
4973814399,sdbzl
5414181853,wsjvg
7662798699,lwhah
3407178897,qzeuh
4648793560,iputs
9723063608,xecmu
8616489771,dwuvl
7545468523,aharn
3764873343,zevgx
1298531023,vpmsa
9891187030,apkwf
7959023594,qflvr
4056283676,srspz
1078492011,zbqrq
1875103328,lkeod
7560094057,cxprf
9914288084,potxr
4077737493,wokzo
6744086923,jgphw
9541361285,mmjle
1820608942,plnbn
4400559590,jwxvj
2844751082,jomuv
4629060884,cfxap
5379209072,lfrmb
2040570116,wvobc
1806944041,kxblc
3811534784,xeynx
9462687860,luimt
3440929326,izoyb
5095662510,riclx
7618262895,ywuyy
4749269303,gtkar
7254664382,wecmg
7201358927,pwlse
4395990611,yvivs
5473627538,qzlgj
4923962288,esuhc
4671129241,vkron
7132902803,bazce
7792551380,zjybt
8528145088,ikvfu
3567239629,qwkxe
9978792527,lovrt
7399118798,jsodb
4117133817,ikqzn
1419601144,fsbxt
2194912234,aknct
5960495959,eyqbt
1191031017,bqtwi
5407009830,sefhv
4140858793,yeckw
1527751838,yoovo
4445737728,luqik
5133248513,odahn
5153213960,ustri
9008374458,vywzz
4638355681,doerg
8760063810,zyvzi
4576433342,skkej
3619952342,lhwlz
1398001581,nlshx
4623981485,eucgc
1944378329,heufp
8778052414,ydlin
3981431182,dgnib
9595420446,ywhhd
2521205936,rjtui
7506422450,jxzcz
9538683257,yiezl
8288407101,fdkzx
7507571668,jcenv
1830522944,yiqxi
1372869124,oqjvq
3670169877,dldja
6847468070,mzjva
6275517559,hqutn
9292766394,dhcur
9958307002,zoxhi
2052563745,csejg
7183326262,zpukh
5105344443,daewf
1450451370,nxgbv
7077491723,qeebt
9968688831,nfjxj
2042281909,rvoqv
8407961181,ohzpg
7653022747,rawjz
5831008289,mfscc
1203482158,xvsis
4209570818,gqxmk
9105988018,plxhj
6689402222,brzdb
2789280456,wtpqs
5554564701,ecoxn
3192554595,upiyd
4313449734,tiuhx
9754177039,dqnlp
4160956585,aepin
6254025298,nikco
4509278153,hzywh
4868925223,zjtni
1083320321,ulsfz
3518529897,spsdq
1076880092,leuji
5476088715,uoyjd
2973641837,ufiog
6335831303,iness
5437914326,hsjlr
5020964561,qgcla
6731644595,divqh
6936192342,iuezj
4879815905,rrqdu
2267907563,zgtxf
9458876966,cwqzl
8694335891,delhk
6344737964,hmanb
7847196811,ewucw
6219539497,zhfnr
6093347375,sprew
4475356283,baykt
6955238933,ukzzu
6033466662,uucua
1747391555,cayxk
8715054572,aypir
4111536088,muecl
7210613398,pavgw
7026707749,kcigd
6037917153,jwdor
3165051862,sczec
3982820039,ajkfw
8163968265,piswj
4300344862,fkvcg
5289937986,sbkdt
8968720937,oehbz
5028695047,lsemc
3269803266,whyma
6927518393,hqqfh
8523602170,phdui
7138184891,bsbxb
8816418445,nqmrj
2546935265,afpal
8303925114,onfhj
7387254393,fjpcl
4838936599,qirgv
5968982488,pdhks
7063556043,csmsh
8322121254,sxwjf
2000947872,pvwov
2873630332,phzmf
1919635233,qfgnc
4215149787,bptij
5659733784,radxi
9535754908,wttpa
2018043032,ncxse
1028599787,zmnrh
4405146559,dxeyb
1582924632,yhsjx
1093212266,uohsq
4771685626,fzfwk
4186669813,ulzav
6144748411,bzixc
4380922074,zzumx
6336250631,mlioc
8424728206,luwqt
6384033239,uugpe
5110262775,cnyse
6204524829,ccyfa
5761343561,tobuk
2399013474,asgti
3009451914,wjngi
4939781777,sdhrp
8471532675,ghkmk
9456502852,psmcd
8632151865,vzrqf
3601772038,gzyqv
6833934462,rtfhz
6693904230,mnxqv
2456536647,ckwzl
7819074281,ppvsc
8034728350,neihd
3075246885,mijgx
3349418244,dhxri
2966146318,mpuzp
9550115662,bdqwi
5548766929,kxghg
4686808745,rvfny
3407338205,uuald
2930269618,kqseg
2301983682,alhje
1046430367,minwz
8007724003,egiry
4132410733,wxdfk
3818300055,kphhb
5890171378,zzggk
5817038765,fwywb
6113934938,zlcid
5387653218,gimmu
1617820396,temyy
4324447748,ykxpm
4051263101,ucmqa
1604720856,kptlx
3249719714,ewtpx
1994825191,cehkd
1505100216,zhusu
6962179643,imutc
8294849213,zpjuq
5169893765,rdusi
4653169950,ofesm
9847587977,afpru
5628338221,wnsvf
9235378145,vefbh
2667324039,ruhyt
3770401691,pjrlq
9064376182,pusfd
8901340821,eirno
6064637767,kimyp
3819895786,byowt
8689975733,nhngi
3722948463,jkrdi
3026870075,owkau
5565002831,wqjvz
6840573899,cjmok
7390625235,eobkp
5300423722,ecppk
2238706731,jelym
7959945627,hbzzm
6879334375,xdzmq
4045699104,ntawo
3972020468,sxbii
2714769254,zaevu
2080552080,idxrw
5781863369,plunm
5332099275,gjhas
8046989767,aqhcx
7997841302,uzvgl
6735097277,fcglg
1067848700,iceof
8698520934,zivml
8815111291,wetbv
3695032283,vyrnd
2126349435,icdwz
2179176509,jsnvv
6594236939,oawqk
3806589508,jzebx
3180133102,mbcdn
2086154615,uzqit
9430012870,fkxef
7205988834,zcdev
3751870276,zlsge
5638790596,avvqh
8126629149,lrbdp
9673659568,crahx
1160343054,kevrb
9563875908,qhhry
4648919556,xiyoc
8641498688,zsjdl
6700600269,mafcy
3371837885,kvjsj
6585211820,ocnwq
8866755564,gbazz
3862888895,lclqk
6778407495,zmqsc
7317064938,aqmtf
4755930129,trnyv
7988987650,ihtyj
7335836172,snbgk
8019602185,aaqii
7607484828,nxudn
3619063826,huekj
4244844854,gqmfe
3217027863,phmfd
2107683957,wdikw
6290997171,tpiya
1010726354,pkkux
4442013385,vwskm
6450565531,iezas
5950941404,oadch
8367706608,uzedy
2957597767,cusys
5253700974,nrqkb
6223165857,brvlf
4099555673,xmxlw
9227356977,kvvpr
1151573723,qtljq
1306890240,whxgv
9511704509,bewbu
7665969495,uolfz
9743322945,kmzxo
6207837900,hwfzz
8648569521,mjcoe
8495917916,yjcnj
4635715093,xgdmh
9449137976,tkrtr
7285800481,cnjfn
2465329709,dlcht
6728399591,mzdjb
3499122961,cevbd
4819501795,wdhsc
1240191190,aopzm
2515967984,oklwa
8677207553,cmxip
6395783601,yyzqc
4081430474,eelny
5951851024,roeca
7496223398,htrch
3697711460,lregj
4948182649,edjss
6384554831,zfowg
8058134897,tjuux
3614741690,kacau
1619158422,zvmzv
7501583002,whrge
9836113999,duzrx
4529165597,khygj
2281868595,uxdmj
7032492607,qdyvc
9625553993,tvzdb
3876913842,htkwt
2086234804,kdcfq
5293922615,zpjrv
6709231606,hjrnm
6036128907,mfyfg
5410258557,fjpbe
1370048988,xlkyh
1577951621,ccixo
8508075228,jwyve
9874499276,igflb
2531238640,nnyns
6627541328,tvxmt
5113658013,eoqxt
2784801536,nvzkj
9876449176,fhjsq
1370623674,xjksc
3724491189,gfmdt
1241683566,kuddv
9690888871,tdgen
4024008304,zgrbe
8494535460,pigor
4771348457,vysby
6030290994,oynpl
7177128148,zvwun
1925674123,yafss
8810427785,elpys
4347509263,bqigf
8470490160,kncgj
2089235271,fexnx
1002124174,lwvzu
7352855112,uiajt
6657103614,xvxod
3109433683,cxhlh
4039376834,xxqnz
6260920072,cjsui
3802578783,ybyxw
2657079902,pzlwk
8829561193,gtwww
3986369371,hoylf
8879027692,dgmom
7209192995,nmxlb
4373557593,qbmiz
4465754004,lcevv
4348828336,cayal
2414114311,qijej
7673163024,luyvx
1341603495,trunw
9778749173,nyrdx
3112718190,bwjfs
3095367203,mqkpy
7425667258,cfvls
9495551673,crfxn
3343833128,gtbiy
1804370899,egehu
3383514105,isbmm
5550883926,qfgnc
6218977651,nclwr
9985654524,zdxxt
5947362490,rippc
7117658876,ykkix
2934038826,yxjko
7487365228,theuc
1321562384,okpus
7661977349,afxzj
2332414010,daadq
5188149455,kqwvu
4918829563,kodyy
2752339473,xwybg
9514118040,nawgn
2186809165,iudlj
1879918046,oxzpd
9474946953,webyb
9997874488,psrbc
1281419773,zsxzb
8052856577,iumbw
2272983617,erjjl
2559917844,oxfdx
7417540125,bzclr
1954386724,qwmqs
2318747601,xjncz
1142057077,ednmi
4531763081,zthin
3830752149,naomd
5622383862,kbxun
4668736472,tjbvj
8344113713,ytsod
7292150698,nulxy
5663351711,inses
6992183580,dshcm
8026520807,rufjt
1455042288,pkobw
1324993720,xtnar
3505077978,dwuul
6125730805,tkixx
7157058991,hrabg
2657299426,mynqp
1454046644,abvhu
1208902078,tkxzt
7498477329,lgvxx
1642443560,zukfc
4932367735,lcgmu
3073850795,mbrwx
1009469455,ufchj
3857866125,jmpfs
2252039867,vhusg
2666371473,gxvoc
7648108543,qtput
1393518250,btufp
6999741052,sveqx
6306527581,jyazr
4284459747,krdgs
6527371602,dumqk
4659935167,uymab
1787883405,ioctn
6838989306,zxgqo
6223259969,ronls
3641010713,afpyx
1510499705,usiai
3929561550,secdy
2292141442,vutie
3679215806,apiuo
9464751707,wnfoa
2237953626,xmkee
7700867371,wckvs
1259250221,faaiu
7831685618,vplqe
2289237875,tgfgb
7215956546,gzgkm
3840394501,fkbxp
4243173415,tdcyw
5053944132,lrtid
6200759558,zguga
4641021578,ronoi
6631956427,vyvsz
1739319873,jinfb
2281664744,ledar
6869021415,auvpm
4291661468,mwggp
9029771191,awrmb
2491880201,anvec
6468370146,aexqq
4880765616,ilkol
1465832555,blgxb
5923549860,xregp
3449247147,rsvnq
6420191060,yzird
9119333258,zorzs
7594361523,cladj
2099228584,zzzqg
8757267531,zxzbb
1925567556,fqnln
3274587256,fedkq
4377845691,slwgv
6007303681,adain
9396908664,kfyfr
4359498444,zmpnj
2096941935,jyvkb
2784941725,zsloa
9279747646,zbebg
8579164831,nfbgu
6456088453,yjven
1793195631,optap
6682693774,pzfwh
7508821820,fppyr
7007769929,icrkc
9148969226,msxkv
4665739933,ijrow
6391164572,cqody
2602187319,eorww
9412523817,clhjk
1851756284,npqxc
3028523555,aexmq
6551092620,ehavf
6850561262,tgjvd
7948910514,uajft
4550666026,rhddr
9919059581,cwdtr
4294399392,rktle
6186935444,olswh
7682252995,qzasc
6902327474,zqajf
4433059186,dlgkz
7465405395,vcwqr
9997440396,rnlpa
8206463512,hyhos
9763552834,vlwwg
1068729491,wioly
1292951334,fizvo
6486236188,pcgez
2038016223,rrjib
5018141703,elpsy
7138390537,tmldm
4160028000,geidb
7625192921,wqejx
2756096857,ogwqx
6153640218,yubaw
6423986849,oxoqr
2235192689,ajqcg
6402516112,hdeso
6027971870,gaxor
6074877971,xmwge
9068714255,ajoar
1822771157,qvgoj
7600593274,kpttg
6652376336,nxepk
3340983232,dslvk
1624321216,dymmb
9313542386,fistx
8897211125,sefps
8197030501,ebjup
7856723205,rhsir
1226712822,dvato
2447458542,vdrbf
2387011142,zuagc
2584237148,jiera
5936746287,jcase
8230995130,omsqd
5424112495,spset
8050409759,zvnsz
8032537421,wbprr
3854084078,jdfqc
4303590994,xedon
5962335225,fjwbo
6792401326,kzmsm
2365082128,wngdy
6187213315,kgdwy
5344741656,yqsgp
7796782003,hjpdq
1507548033,wzkyj
2469182826,auath
6559998373,nztes
6705586764,khukz
2955999361,twtop
5887216178,zkpel
5184294754,xlfub
4421578480,vmkew
8425957410,mtqqp
3176871058,aaugv
1887411692,noewb
8101360105,tobnt
1653816308,elvzi
1310262386,yaknv
7099968327,ocrxp
9354959927,wxjsy
1024700904,gdkcy
7186493759,vycni
3810629084,tvdri
4736448719,pzmze
5973429049,uwrlz
9800148758,guvsp
7544492205,cruac
9763754257,ilkxp
3724423882,hoyzx
4192897910,spdux
1908467758,szmdc
1745685176,anmmp
4101246917,recbx
9840865120,pzvcy
8827651263,lzatj
1996486618,fuwat
7697389544,vzcti
5457910913,nayeb
1549252730,ggqfm
8252678316,jgkrc
3073363744,sejdo
2867471189,mmyqc
3300833172,sbafx
1037093783,txvjj
3808355219,sjpcp
4013425103,mrhwl
4863356069,vgqsc
6125594316,hlomh
6923089158,unhkt
9090409907,jsyia
4348744520,pmjrk
7993109280,plrnw
9896338647,nztcv
4096739093,utqnj
5012684143,zkjns
7379421673,yuerg
1937162798,viypl
9989464854,cxfoj
2386217867,kgcuj
9211691012,idroe
4399400623,btzrt
8903934877,iosfz
7669621345,mlyyh
4140107905,xgrdd
1122284895,fsstf
1539361466,htzhk
9967974895,equhr
2843625295,angws
5515308047,twyoe
7377493856,oeexn
1154092913,dyeba
5059391458,igexf
7573739591,owkqw
3803022001,nybjj
9242313070,tvzth
4356132015,qzock
6552607544,vunxv
2159009828,yotng
4946095526,fnbvj
4697514476,xkvpr
2723443612,gdbse
4033621046,kivez
9978592506,jeczy
5628477882,jarsk
5434409458,qeysl
9001389413,xjham
5008090712,ywesp
3073378518,utodv
4690948882,conrc
7980944827,zpcyd
4366713101,cpzsk
9144141260,diioz
7265216813,upfmh
7323298338,epxwk
6735274221,ljkkw
9712414020,lchlw
9220296617,oahbc
3853128181,nqmic
2043469803,soehu
2775862639,afjsb
4606305741,doumg
2368628199,ebagq
6651967903,gckbb
6621569931,wxdyt
2780744573,ukgck
5731978593,wpovv
9200640791,wcpjh
9980222852,yeqjf
6679810329,kgtmo
2761754536,jldvh
9074825333,xziuv
5775372473,hvshd
4329151340,lnkxt
9134054175,zgziz
1157602547,pdrjn
9659724713,smpvg
1096553419,wlxda
1351035964,uyzve
6926936618,ylrkx
8566952800,mtxdi
7759721495,pzltt
2252703479,xslpk
3180149790,bwuiw
5468181762,nljjp
3605099761,ssnid
9969758572,oavzn
8454763135,xueou
2016700156,oobig
6202678099,gpotl
1929038439,jljtw
9793042906,zvovq
2295273396,ylaof
5789642891,lrwnl
8791584940,nckuu
4169890495,huied
6341804929,yuvqw
1233880807,bocjb
6381326353,mesfq
3608220249,mgilc
8954768728,vylnz
4996389086,qccgo
5163541252,icpqz
4818519828,wrtwr
2059326151,dfpzw
4220511039,mnbin
8882539200,rzafv
4503680307,utqff
2905980701,kmrny
2645266300,izqhg
1896965547,jhxzd
7061074610,hwdmn
8851492210,trlyf
2478559009,eseth
3263761897,jktme
2723291400,emmga
1180529268,izalc
1696145348,wtpeg
1271417638,cyxmh
1021211544,vlxlt
2925810136,rxbic
7925383857,aoiye
8217416098,ifjgp
2783317565,kkuyk
9546568814,hfvfj
1917017441,nfevi
1675547656,vpezn
8167158674,zllle
5686515411,alhcm
7153396416,ltspm
7853190285,zczkd
6328625796,lchjl
3084927467,wtsyf
2480448438,tebho
5802146451,xccjd
7928181969,wmbgt
4566747745,tpwpo
3325576082,afdtf
6613605364,srgba
8538204072,azffa
2567595523,zbiix
9993283435,cmvjv
3977662066,epcii
1496644674,mejcb
9965961996,qsfmc
3420353868,gwhmu
3191461200,swldo
4286379073,ymrru
6748334240,ilubz
4483150573,dyccr
9756979105,nshpp
9448378235,irtph
8205383747,cdfvq
7037310817,zrekv
9405228806,oqeat
4116125326,bmzqp
5820733973,cmdsc
1362966734,xuutf
6533658556,uehwl
5577231698,ulazo
7542809354,wxqjm
6461328937,euqlr
9123919396,iirud
3012980316,gflup
2712385266,wxpol
8454880059,djqwt
8155557254,rugkq
3918314735,zwnaq
2092877395,hktfp
7115474853,bksdf
8779759192,ybdcm
2070495662,mqhij
5734482171,vexot
2674167895,hzmvs
7157227163,bggik
4744039847,uddlv
7734630240,dadby
7833449148,sxyjw
1241169757,roqgj
2715413762,qxkdv
6239629409,ufcug
1839940007,fuijv
8372673659,ymdcx
1545215689,owndz
7285347888,smbbo
1043971597,rasvh
3524264567,wydhh
5551577096,fdbeo
3600111525,jgdmy
1230700421,arjxs
2238785282,xrvgn
2767994635,rpdqf
7457194102,tyxkd
5851300625,fghrg
5745888749,znppn
6669074130,deaqk
5904305412,yyayq
5279689831,ryuaq
2556401137,jlgxn
6120791655,qccty
8530961016,rigqn
6036866868,ablnp
1148302405,qegqq
9677475587,kegna
3975354210,tcelw
4436413726,twkdh
3307860202,uwpfl
1120895911,emqrn
1690081525,ezqdd
2985953952,aourh
5619136296,vcpbh
8506152212,ontpt
7436891039,kxxkb
7278750723,ofmdg
1574677922,opknp
4442717734,ujvhh
7844360014,eqcnq
8613641156,lvrqq
3902513264,hnwnz
2107756484,quloj
1949653750,htxqg
8815717698,ufcdk
7181082727,dxevq
7809608111,efvbr
6382286345,wyfnu
2935608999,ewxmn
3250473237,jrzdx
8495851886,ontyf
1356608172,jcrfx
7493065808,fmewf
5054113591,cqhtu
7720659877,yilyr
3942957152,hegjm
8429226033,biybr
8835718591,nnmst
9636644365,backh
6222007362,bgmme
9651766993,bfgjp
2986326543,kclpw
1981462993,ytxcm
9333571834,qsxqt
6456968891,xjanl
7397777209,uzbkk
7687098693,itdap
6963450849,otjid
9920532826,irqak
8002388715,chfwy
6396562770,wdvwq
9375198073,ezmjy
8932623956,wacul
1490733697,ojdug
3435269222,ikpyy
3717818913,vdqth
3516075013,ezmlt
5372107036,xwdqp
8267509313,udexy
4399202429,cnrhg
1472328687,izliq
3133163877,ptsxx
5070875129,fdliw
2998799292,wzgut
4703158975,czttf
8208409854,klnkg
6844116920,xyudv
2713189499,tjoaj
6064857181,lglyt
2639952800,qmpwh
8964723023,gkizr
2057716465,nsmjm
2113219079,jplxk
5771984336,lxequ
9859319022,vvvek
6695037858,bqpyp
5931492313,sspum
1579591820,ligby
7336760705,dikup
7324423777,acpzh
1124266257,zlmuv
9302847484,ooebe
4644594729,bwtvv
3228150018,uxtvk
5083058370,llffl
4751223666,gkboz
3383652346,uidvu
3746978152,srchu
5491550730,ujgkj
3778752012,duqpg
9775553152,mrusz
7394029380,xjjut
7627329307,ycoih
2291736883,fqdgb
9530879646,nlkjs
4543106177,kvlvp
6815599953,iuqez
1881426227,fzqlp
1196803627,albtk
6817529777,jbits
9220093021,iqukj
9050096180,ducdw
5917475052,teouc
7367253278,ukyct
5966244543,qrwky
9971658247,nruqe
8187997208,qkbig
7915503758,spuvi
9441163693,lrbsr
4991615691,jyafg
9569842596,gyqbo
8368278931,srraa
9678589268,flgko
2770816075,ewxhs
3248587963,ptxph
7780138180,mhzxz
4870232578,qxixj
3275147466,ngmro
8543636038,rrtub
6140784519,rfcoz
4079896159,qakdn
3687302537,wmxfa
1138059655,nfurg
8500409580,tjofo
5734885288,efekk
1679667520,tzsli
1653031367,ocigb
3139776682,qsrub
9206493356,cmcvj
2195622656,vmoxq
1460520383,lyhsa
5905027303,hmghv
7839254513,nszqw
4750555808,lcvgm
6084610325,gjwmh
9813547939,wtjhl
3157394730,vqfxn
8325608099,rjvzs
6845196244,wapeq
9242210236,ccfne
5753745855,ohvtp
9711916466,zxtjw
3965707171,qrvxs
7068077402,uoaaz
3729626921,ehdqj
6438110028,sryzv
2814742511,hrhrn
3772712797,nncjs
9673727333,awcgr
9433797061,orvsp
9900740900,khdcl
4152043932,irftd
9999262110,iwajj
2327130870,mghqv
5577198448,wuvoo
4453489509,zpuao
2451307210,ktlfi
4647117737,kfjtx
3613123760,mxodu
7296442494,hkiam
9524593277,dodbi
9497614521,gsgkp
4092355012,zsumi
4384611204,dwuuy
3014809920,gifvt
7334081127,fkhhg
2514514975,itaaj
3330058399,vkoqa
9894242849,wcpdt
6138166279,jsavq
8285925140,rrwef
4249465174,nqdph
2459576445,ojpxa
2848584618,sspla
5608946761,bfvir
4129647830,frgub
9038329330,uwaar
3574789849,hnwmt
1475917614,tfqyi
7476525321,jpcmt
4427645421,qwgpp
2547309278,cjibs
2166868718,auogy
7104574853,quyyd
8265788423,nvqor
9011300691,lgasq
9037144917,euyfo
5208678163,gzeye
8077090486,mxktm
1159274555,bjmod
2317250132,gynsf
8982104323,pmkno
2366631694,msywy
3817282666,ohrlf
5906654387,grtdk
9020025072,irocm
4971912777,vzihv
2628786699,osyen
5745059432,axbbg
2501057554,prtww
3324900090,sjwld
1500511928,gdwqm
6944413321,kbvyv
2951807509,keyyc
9918052700,qpmeo
3258816891,cuner
7126103891,jippv
4290959941,ezqdq
3763412977,jodbj
4687052194,vdycv
5928841435,ecrsw
4866778853,xulmp
3760697912,ddnya
1148603119,mnknh
3199755235,ctfby
2484820230,feuqi
2649985626,hrfvx
5913370451,xolvc
6253846780,yutth
2936166841,ulonh
2988961184,tnufl
2732307770,kmyrz
8787217603,srzzm
5643877998,nmhgs
2717882700,eptih
7591937524,ikhna
5019161133,sbtlj
9625430627,gungi
4238548107,kzbsg
2232187649,ushux
5779271667,mvcii
9366193462,eiiky
5340067426,yecat
9891453292,rxoek
4812421703,miefa
4184459687,ppcnh
4795890327,lrmfb
4665519372,trwhe
3673945838,riaeq
8227799837,ilppu
9718556286,tztgm
2567619817,ezsds
8455681471,avbvj
6446448354,wtncu
4995209346,myxxn
8097697924,pgzya
1471617344,uzasc
9607244578,wzbda
2224914128,nntjv
1460413742,ggkmw
8366213419,jtjnu
1314653984,ejgnz
2813666205,uqdkr
1408620633,qyqsm
3167066205,uzsud
5467210961,dxaem
9172876336,qcmqe
9979161363,lhrzi
7371214919,ayhgn
5335132059,mscrq
3922189666,rfprt
8844561832,wnncq
6489731875,yoqrz
3480803143,tdpit
6260418953,okeuu
6195103882,xskkl
6197278832,xxcpn
2725979395,wbdxx
9943766391,wjewj
2695737618,rmwlw
4736500440,xvbnn
1316119498,mwgsv
8454758855,njupk
3564970779,sufjc
4442647497,ftsly
8272066832,egjtv
8297184481,qslko
3341381525,txeso
6747596426,nuppe
8682242352,yttzo
7763212782,lwwjq
9494271814,vptyo
6672653350,pxxhu
7228552714,pludx
3956467370,nwley
8780330018,tzubg
3375927789,xzzoh
8316271797,qhddn
5395697527,ctgpq
7044509106,ejysg
7907904570,clkgj
7621056643,jinrp
9317437275,idcah
6152576997,bouso
2157642169,cnyjb
2976038614,ffjvu
9041347233,drcyj
7932266949,cgncz
9111743902,inakn
8528321249,xuigw
5907561671,vijqk
3444899084,tzake
1122292721,dubqd
1887407244,igbxw
9512863570,eegsb
5210449247,kadbm
7095105870,oeyer
9506081951,wvjim
1306642011,uaeok
3533512960,abtml
4726439934,qeozf
2597870887,tidnm
4301190753,rhuvz
7946723582,nmnrn
3619224596,ghpba
5720754857,ruatc
2281085684,ldkbe
8752777858,usrst
1638940400,mnryf
1161661447,pozac
3858145954,cbvej
1288107034,plfxv
7923826894,dbzki
7206042154,oexoj
6939255356,hkpwr
8968137456,tyjme
9537482205,nqxlg
2815680901,pyxjo
5862089031,vzgjl
3644376919,annju
4903808532,ynsjv
3606532488,vrhay
3559696055,qvjub
4588735465,dinod
8547052010,zmyxu
5783851753,dfozy
1752804111,wflki
3807530430,wsaoh
2293851214,crywr
8402106059,vyfdo
1596777606,rxsxp
6803098562,zmanx
4768100152,xtmix
8325565315,dfjbe
2368478654,woozs
6539224683,tsbhe
1150022163,vollo
9463643292,mjghj
3924306439,deysm
9199884305,macrz
3573963438,duqyb
7416171035,cjpwo
2330352604,qngnt
7826332339,pcqke
7512292543,ddxqg
9208292498,wcpcl
1068653697,cvljb
6101940327,vlbmq
8324220130,jeduo
5283449460,mfudo
9062876984,qsdcv
3792969258,kqscz
2626120917,gohke
2682653897,hrxfi
8359203088,ssbrc
7670121920,rausj
9444564052,tkdwh
6536799182,xyxqg
5147087568,zgyrw
7098764472,qvglo
1990030492,faknl
6284545232,rlecv
7915676490,yultc
6090200965,ebdtv
2835114515,nqmhk
5211054403,hjdyd
9971208182,jpjnd
2098382597,eamjv
8781540601,cedjr
9537864908,sukot
7471749144,uzyzv
5876961858,gddpb
7776276445,bcxfv
5633659032,fgcsh
5910031711,gpmlw
9502702216,nythp
4600629142,hpvut
6765191354,irwzq
9024635456,mgmju
4590108004,stnkz
2144983745,aqabk
6990052121,gedaz
7759865604,qopnf
4506690651,whshp
8666915194,yxndo
5544821438,xmqoi
4868720258,vpdct
7003222608,puaip
1115996299,aossu
3321429667,mmyip
1164580435,ghego
3774723166,ppwsg
2256496470,acixg
6791091370,mfusc
1193351536,gptwa
8088204543,zofhh
8622475619,wenjc
3329979069,snibv
4839817474,vaidq
5957917803,knlzj
6269063224,fskiv
1202134880,nuawr
1981369417,terkz
8405466871,rhnmh
1052628974,lphnb
5086765096,cunlj
6334172951,kidcg
7814784129,pofvk
8506487670,hphsg
4236738853,wiysz
4509555611,kqbdb
8824053314,hfauo
1969779623,ddcxa
7072180195,uhcyo
5987537729,iseyk
7304867439,jmtme
7179320368,ykgyh
1226053329,sqxwm
6832611712,zlyfc
3603907705,wmzxx
9058643319,kpepw
7371882793,oadal
1689816713,wknap
6138549322,lhrap
8581537071,mexif
4061615218,pkppv
3290661949,ymvzl
2387454464,zeufg
1721754875,hnkii
9769313833,qryzq
4791987449,ltgmr
4501178592,ygacv
9764963552,lfebx
3811105645,hdybz
6377749258,iupac
8515600984,sthcr
3917529122,dupee
6329448066,mrqon
4794817850,wnpcx
1500366969,llamp
3410050119,fvpwt
5144033430,akgjv
4063031058,otkss
1909567519,onzmi
4146468837,tulso
5457835536,gahmi
9178281239,felvp
7941709456,ptppr
1843421503,gbzhd
6083285592,ywfij
9177001769,bdsjk
2975731351,hflfc
3393290161,uyrvi
1037295406,mndzk
9642619485,rnfud
3412028579,guvux
4262232589,tdqpq
7899801595,gmqxy
3350221525,iryad
3907576358,sauvk
8527891920,tugly
1669273058,ocysa
7079026461,fxdcx
4537661546,mbwkv
3915694679,zhlil
1379343597,jrynk
1715671696,eirtt
1447950424,dngjo
1481596987,tjwfd
1459257052,ismbz
2848331839,etnal
5769303656,jjcfj
3294066196,odpeq
1405848480,dyfmg
9325892322,hsvyl
2117016242,hpjzx
3830339290,bbdbb
9858691940,njvua
2038151449,majkz
9204228049,mslyj
9448473503,ekuum
8929980584,qagnc
5301059857,mpqxc
4455937361,sgoit
9666674534,eqrsz
4263203355,fobfp
7208297578,jfcsq
1252693243,gfsmn
1607712215,sbayt
3074177153,bkzyf
8486187301,cvooo
5332197878,moxae
6232635595,wzzjz
7919260550,glmpm
2486733360,nzdhi
5049573353,giykv
3818466578,qngsa
2542857820,gkvmy
4039987917,pojos
9193663930,zwfrs
2240507818,blszl
1069357621,pvhsh
5303235987,ffise
3920406122,gpdlw
3946993669,qxbvg
4058523908,zbvkz
7719983718,efqpd
6014855895,zfwun
6470841716,eqqsz
7274036512,zymsh
1594431012,aewza
1694847175,espwe
2125367241,ntnop
8302242964,elvtv
4220979049,kmxhk
1165831934,lrkjv
6931678034,fgegi
4860905303,ehkwz
4229268403,efdyb
5680859855,rkulv
4587097114,uxgmw
4762209344,doldg
1064774060,qqdbb
9897660782,qmylb
8903837379,zngzj
7447566455,atjft
2539299388,znmjf
4446713545,zntct
7573730411,msjfw
6180286154,zvetl
9735857871,zgqkt
4947796705,twyrk
9723103379,leyaz
6596366042,tdzpu
6521186305,mmnln
7880707329,attel
5855987139,qjpeq
9333523101,bwuqv
3203705772,vgdqu
6545868035,qevvh
6988672740,mxdis
6782941772,mpzdw
5017458329,byonp
9414167891,zttzy
1213158140,diktp
6498176059,mnqzs
6651193328,zyzlk
8012753323,tyxwt
1129781652,aftsy
6792423746,lvlcs
8229867223,jmaiy
1447597915,skviu
6090165258,zmlsn
9957045407,ivfkt
5673040075,qysbv
4244767543,gkqst
1641084301,higba
3942242406,zcrax
3631055943,blnnv
5011440774,ourvu
8795382954,yyehy
6039794224,fbmac
2083933098,wljnn
1802300226,cmptb
4067204132,uevxe
7610685898,ybzbw
9782529287,yhotj
1084216532,joxmd
9632209150,ylgcn
3008937772,jpzpq
7956411635,pipmm
2407672612,bnfoe
4177066974,iwzrf
7867930762,creoh
2209883298,pwuxm
8563902193,yjcfs
7062872635,vhbep
8310221700,odndb
5425354572,llstw
2068799333,cpbjx
7109747080,fwstl
7021669804,qfyzz
3228790632,jgkcq
1025783746,zljrz
6681576410,pqire
8164830509,zurrb
3736162520,qpbzz
2132844071,zxmqj
2607020910,szxho
4600132851,nnmhy
3405638578,pddgo
4780657844,kqxea
9040489891,zwysg
2020291176,tfnuq
3123783870,xchja
8953622623,vfnwg
2526019734,nmctl
7906092335,iwdiy
9645547411,dalqn
2164643319,ltxma
9232000913,batqz
6904470215,ajunf
8966883638,fhzoc
3916588653,cazdo
3897955377,wafrl
9673970209,zoroq
6973394439,oaias
8122847130,ocutw
8074230868,duwsn
3531720792,oxpny
3922349860,vqlie
9585636439,kraue
8928198435,iglon
3338936827,laawm
4282299755,fqzrd
2480971468,osdkb
2011107407,rwsst
1598204829,vniqx
7888747252,vaqak
3209518292,bozkc
9232384086,outwa
3279331169,zciwy
6098891819,nwips
9735027825,ouixf
1548086874,gzqqv
6854215988,cqdch
3164843421,ukiec
8505584591,vdxyu
1856151230,bvbrx
8090448011,kqfai
6148528310,qvguv
6451580222,txknw
7937979031,rcsfu
3412989472,hzzbp
7663607794,scumx
4186524897,vedus
4151625865,dvtaj
7617401952,tvops
5689567892,jqfni
1381432748,dcnzz
9388510816,oidsm
2041766898,qgald
4629778939,jmpjp
5218765509,byqys
7792113990,mhwsw
9047581092,ynpgl
7883916782,jdgit
7653377898,ugxlg
4315187118,upwfh
9120348353,cfxlo
5507394411,smlgp
5196687842,zebgy
3418104887,zhnnd
5021996016,hdcqt
3141532186,qewcj
3003672681,ukine
9502732988,raanp
9343441564,jspqz
8498553301,ipolk
2398850347,nztct
3208081407,uwemx
1023506198,juzwv
4818050187,rjhct
9455035679,uuola
7298070982,zhmwb
3547818139,sttbk
1591342050,pridd
6567122239,xpwil
2556579365,mqzud
2943122523,dgcre
8490006280,wpqmr
8875705609,jggph
5121988164,vdieq
5446895221,iaqrw
2910204009,emopx
2896923187,hyhgr
1125212812,xngqe
6783100707,ytnsb
1513779300,jalse
5550260229,qsvlq
6010193598,blpst
6848229136,olyvj
7587514654,myldr
9015989542,mfwwf
3131956793,hcoqx
2231663720,hhubu
4551281941,yaekd
1543417856,ecxdn
2367173703,ajgnl
1790164776,lnsrk
9041217274,afbez
9670468507,gwtbh
4975810800,duirh
7331958041,gxcqe
3027333745,ybqnr
5349231508,altxw
5853432783,cszwc
4876530089,wkisp
8514810753,esfet
8412160694,gcpxv
6461332665,miseh
2969807313,qnfdl
9714424053,rditm
7353095188,rkizp
5701074755,lxpex
4158116415,qytli
7373096502,pehmk
1070761387,doguo
1832927846,hjzup
9833206125,ljfsu
7618815865,duxjh
7146479457,lxlxa
8509432153,ioaia
3047927679,xuqpw
1991081215,hnyse
6648733132,rzfio
5546257431,qrvsg
9231609985,auvuh
4160304143,glelm
1271443690,sfilt
8777340311,opndc
8466945559,prrjp
9912278688,dodyr
9438911656,mnqwv
3491221093,zhdhe
2290524366,mugtj
3856613197,qqkdu
6327507483,dndtb
8430316783,tzrzn
7787199067,tgxky
6686630783,zzeyy
3721627602,tijnc
7545132934,ljuaj
1225549507,bdmpl
7196585638,jvvul
1701326440,rzhqi
5425270028,bcjhe
8519982460,eregr
2321464293,obvnr
2336344584,korvs
1084563314,fwfck
5548393898,yupxj
9782206711,ylabd
3056149014,ekclb
5061287750,rmvnr
8975990724,otsuj
5269733641,rbcnf
9336571724,bibao
1839895694,fahna
5676741494,rmevy
2816829463,fasfe
7422317185,lqwwx
2838146636,thjah
1342989635,yvfph
1909820907,djbzt
4224888346,zqnui
1872468613,dgvdk
7427194858,vgcwn
6991675866,wcwxv
3714510172,zosgo
6480470938,hfnte
5707548279,zpyrk
9811629892,auiav
1126698062,uvwql
8313345234,jzthb
8972208593,gmrym
6284289121,skigk
6578969187,kyaqd
9684903283,vwayi
7970411940,pfhep
6008415119,xlpgl
9253051349,zvwwk
4191712788,ayysl
7225703902,kjucl
5002540696,vndrx
1703297441,ahgsm
7889286982,oouiu
2806219267,semuv
6478906785,afpvg
4553975559,mlvsq
1303835505,nffua
2088715024,fbhbn
3828559355,celbr
3815681785,vsinj
6194072824,oxzhp
6937912748,odrvx
6712774694,htzcg
1896493459,ztbzu
4237409304,dsezu
8409540918,ckfuz
5992849454,hbval
5062372513,olmxr
5783428514,hcbwp
1968227035,jirtu
3579111306,tuzpr
8005338510,imnpd
7721405222,ujxme
5949127502,aapnu
5875206481,qopru
7657302505,eanbl
6257341339,ympna
8902205979,ajdtz
7068502066,lnefb
3118379560,tyagk
8615364369,kmkqd
1719585720,eazux
2212900715,dseli
3577038640,yjiug
4478888354,ldgrl
3590404098,fnddh
8601035571,wvrkx
9737505244,newsp
6557977901,uuksf
2291094374,pwdzu
2992444705,ldlxs
9059802505,tocto
5851788770,hvfcj
4347348644,dyulv
1399817085,nucwy
2066274541,hhygx
6428140334,doaee
6859013732,oswco
8667735615,kgmvo
1403631454,hceic
5974336564,dcxez
7342709253,siyst
2833620886,yhshx
7822360414,wiotd
4761508636,bcexq
6411876972,hfajf
6388066387,qdqoi
5064788993,keuzo
4475067231,rtlso
3771229697,oncfp
4186155280,hdwgz
3846581161,bgjbs
4386882501,feknp
9406673634,xqhof
6427038475,vcyrz
3765269377,wbajy
5498992432,kmnpn
1851132226,nzjqv
5018072016,vvdme
8860395738,fndyt
5313946580,ufmwk
8928736575,nkkct
4281560135,qxbss
2821636790,hrlya
5108762825,fjnyc
2632363967,rzwki
8128645602,pepbh
3891992071,aiycc
9879468304,drudd
7797508171,khkgm
6183976495,hieep
3324520342,ynyyo
4672313019,yythl
1631469803,nfsfq
6256091745,xihkx
3453687826,tbucx
1981448616,bzfkb
9144092174,rarpo
6344073085,xemoc
4690782160,tfopl
9475793812,wgtde
6913405495,iofoy
3564628236,cfusx
6766790545,sznpi
5086706697,kpthm
1406593340,fnozv
5754951991,naelp
1653858963,witwh
6720856682,tookb
3605927234,vkfdt
4446856329,unhmq
4896282385,vwqti
2959222200,aftxx
1131160307,sjrgj
8196393822,winvc
3600366332,zidph
5975774179,hugfy
5618254917,tcfog
7176199597,tomqn
5747444403,vsroo
6003084544,ipmzd
4217298511,apigc
9812630692,hidgi
4123806297,dysmh
6416399534,uocst
9167873930,xrilb
4345406929,vnypl
2655991978,nnbmw
3701296681,diafa
8946338594,mqwra
4401851339,pcccx
9230292380,feufq
2753246482,tiryr
3162688495,rltjv
8314992779,umsdt
8219138761,wqufv
3777045446,ipngl
9440521144,iyzag
6646814099,nyocf
8806052303,miwmv
2961466728,skykv
5886434050,xrkmf
4091263193,hjbud
1577696108,xjscz
2561577672,wbawt
7316928626,jxeci
5478080066,qblbi
7561269211,nvtne
9198917672,btgjz
7520115992,qjkph
4131615977,flitc
8909546394,mmzqo
8835378182,eumnk
6125666185,xivas
3247757295,ccllz
9810913713,dusgl
5573870028,pstew
4882898001,eywja
1956341784,iadvv
1882474974,crgzm
5585081020,paeea
6373742331,ymzbl
6216072223,fxxgi
5615173771,opllu
8389098554,heqkg
6525419896,tiykh
8205560612,kuvcm
9511501086,zgylu
8964151339,vmfoa
2930329590,quafq
4603133030,aimct
6186181055,hjnrq
5885603603,uymaw
1020143783,sjnnf
8282049743,miqpz
6931122484,slmtz
1444259200,okevg
3402858084,mjyvb
9759648826,nvawc
3816114571,qivma
3684943779,qdvun
3180742085,dsxuj
2512097780,tzqch
8146233545,hgejb
2040681549,jhxft
3348992450,mfxbp
1460543339,xhihs
1175646248,rcvus
4933835688,zesrj
1271362743,hfhyy
6121103144,ducng
1119952703,ddfjj
6825340944,qjcxx
9956356325,ydmmx
1536698174,mpzmt
4037988900,mxdck
4704488486,ahxlh
6067929026,sxwzn
2731802258,abkst
2587952254,grkfh
6082791419,jmcdh
4913249438,odngm
7825196056,pqrug
3996060532,atebm
1493229424,qcrtm
9555549329,mfuxq
8385864223,peqoe
4742429196,anwak
2379885865,qhxha
8844098545,uaque
6759605750,jlznv
6164667225,ddsxf
2694460536,bxmjg
1508461918,ntacj
1630192156,ekaco
1897480106,qigpl
9937282037,rdhea
5332953357,uynun
7302111956,diapp
7572722599,kquny
2351964265,eczdc
9407025311,lyvof
8038777341,atsvl
4584209802,cbikw
3208842316,nsfof
5239023497,oksim
4494834734,kpjvi
1808479743,raynh
5841009614,khjfm
1420257769,qiscb
3677465162,tlvjo
4184041647,ejqtk
4991301458,hfjsm
1877374148,ommlw
2693351930,ttxuo
5581377381,qxujx
6467307149,oowia
3042713833,mwkmp
2581901059,lrcdn
7123394125,fcvuw
4696622607,rwgtn
8253515120,niohy
7219457074,mokvp
4031704960,gqrri
1957644282,rauga
1777028367,pkhel
4210578496,plzlq
8492206479,xmdox
4394110956,byppo
6516914848,exqvx
1063109750,rklyi
1650206448,tvzhs
9905859546,uzgko
8725957637,bdgvw
8881150917,pcpon
4171999326,dxdej
5180861916,bvzlk
1381822617,sxlcs
3580964651,dbjyo
2043424137,bajre
6162226418,jqqhm
9536029369,xfkjo
9782783128,rnsee
2142915920,ikney
1249604636,otenj
9765688224,jsbka
9432980563,zpndu
7225895568,cxamd
5444832410,odnnw
9086974738,tzeei
4316395648,gztbz
6263335887,eveba
3144711321,cmjtf
4258472108,jwder
2815083564,kjxyg
8883911649,jsujp
3470595997,qgmyj
9766651441,fvvcy
2879296148,zinif
7277923274,wakfe
3893412398,ioirt
2495265111,qofhe
1061849566,fvygq
3330613045,lblfa
3444744476,szzhu
8822203316,nynaa
8765465279,wfjdd
3589549264,ydmve
3772107679,lzcac
6899805793,qlicl
7999562278,vllfc
8360622815,jpice
4149416976,zpfrz
2488725290,ijsov
8051093834,nwlcv
5408084771,ehvhp
5170352895,ofsgj
1961500912,asjmn
4307360582,nzsak
6371034018,dktdc
9769368695,zpqha
9197708199,ccxpm
6226070618,sbhbz
3765792615,hgpni
9787057703,ncqjd
9981264830,tsffh
9082482306,fwxbw
5559480926,jctjq
5816427381,kjfcp
1621670210,vgurq
8066454804,onyjr
9275239488,bzyuc
2869347759,lusbs
1474244209,xrfzu
8804153521,ijtgl
2327309287,xqjpn
6668713270,rscrf
8837063282,unmnk
5382476447,ofkmb
2852253452,lthvs
3665091213,zklkz
5348305232,xtgbz
8116778249,pwemn
1890052155,otyqh
5747491899,hxxwn
3082879339,lnrcp
4408425322,gdqfp
9775505701,ymubo
2553931169,sovvl
9377113310,tzkmb
1774046895,ptcjn
2487736416,gxtjf
1551045538,mrrxs
6517972692,tzyrg
6680608925,edyjm
2290037672,rwhlv
7478570482,hxjau
3346330356,jetpw
4357307593,hnuly
5626535663,wcxwk
8687260302,caash
2197164269,vniht
4139686002,tdkqr
6439541626,cbdri
9839129471,ycgvb
6088530863,nfwil
6649824654,xwpnw
9478092738,yqzoc
8911058986,okmqc
2880953897,nzxcc
5955158657,onapx
8468052460,ybjjm
2507148653,spywj
2598415743,rkznj
5956094922,naduy
1873132819,knqfc
5229993369,adlgb
2761206273,loqcb
8218926196,ngulg
8283104162,lpvvs
5885783031,mblkz
6053152405,wwmvf
4838397978,mtflr
4790051363,pgqaj
8238051713,tdwex
5567086496,csmsl
2328234203,twncc
5052117082,vvsie
5572034983,lnnzw
8100571116,nshnq
1004335752,olmte
6769063647,ogkbx
2561619154,gtobe
5027782144,gptzu
5688818826,ahfsa
4826356354,yfafe
9629867327,ukmhs
4659442891,wsryi
9866734200,rtqsl
8796443403,gylyj
6269101099,sisth
5359719940,wtmdo
2611453161,fgasy
2778957302,brvst
5255444905,abgef
7057572471,pbkuu
2147378501,ukoeh
3178268671,xhbkt
9132921324,mmglt
9373854573,tqvis
8611468046,ybwjr
8153701529,claap
6217916817,txior
7611950063,reupv
6778387076,ravin
7172456345,rlhql
6027395748,bufep
8120461995,polhi
2058251975,hjwbm
6405437652,emcti
7703939600,auieg
1818166420,iadky
1631789991,nghec
3933844455,lbssz
1764227304,qxezr
3126877928,naqji
1257092238,fduyt
3780796629,vyclj
6552727857,lcsbn
9690774007,zsvue
5202421914,mbprs
2472109092,beykf
4540094271,pznhf
6819465769,jtfiz
1432857092,dfzdx
6321676641,muxgt
9429404766,dzzvd
8141601087,tbfmj
7707091209,gwrhn
8281702232,idutb
4099880507,xdopi
9046371857,xdotx
5999531202,livxy
7948050938,lwfbv
3184363713,dibis
3996325362,ctayz
5801674445,ihlfr
8003872942,ztpor
6458113139,zposj
7129789686,ogbzh
1532885874,uvykw
2959101192,ekzjb
9499994054,uxipi
8743138577,tkjfl
3177027860,exize
4708120588,khwiq
4490752406,enbzh
8861092335,xowxe
3139256820,iripm
9885580420,djkhm
6708147918,rlpvs
6455022796,empnd
5649005838,maqro
2150061603,pfjhu
8141252981,xhjef
1899837053,iydmq
1005160576,kajyy
4610552262,ffgpf
6955259099,urwmt
1609593367,ssnra
5019503380,cgdhg
5798809214,tcfol
5432597671,xcnrr
6655287678,zjfah
7738873476,jmall
1913799530,lzvnp
9910930417,donex
7043345544,jiwoe
5792699257,ezaoa
8297191718,hjeox
3638901711,nzdlg
4446269719,otybj
7209833413,nisbl
4789443676,cbncz
8536046736,mcdnm
1539335397,pcmag
7357719654,etgro
3110640553,rbyiz
4208951957,kpobm
1104362909,sxawi
3450389847,hsjmt
4206677786,jlmqz
6701919746,knrgf
3950201727,cialp
6548549841,hoqvb
4775437481,otzsr
1040715253,btfwq
9815309176,ddkcv
8442884835,dirol
3483674928,rbdxf
3395202938,ixhgb
5030015885,sghkv
5140655488,cuxiq
3208207711,rnzqh
1353315751,czpec
5837083084,bwqyi
4697474714,wxupt
3655816112,ytofn
5764849914,vzfvp
1053130452,qwexh
5335516116,vyxbk
9803515885,jvnmp
8685584858,rbiuc
1563240580,talrd
4208546145,uzpcw
2910851581,wxcve
9252600947,djqeg
2701559454,orbhk
9040199833,nsglu
7691525839,xredq
1826258289,oqklz
6895026254,hxlgh
5643445421,rknzi
4886413747,yggzi
3428021723,gvvcy
1114422761,sfwvr
8908277002,zhpmp
3643313371,ppngk
3691825684,xnkzm
2914384182,tljua
9298075606,hqvfj
7248335135,cbgjy
3187600974,glfio
2233093422,hkyzq
3148983651,feqzv
7843588761,qrstn
2703573154,nloxy
9737769749,mdwrn
1143459537,txwst
5895688251,nbjjp
5180529385,ntnlh
8513117189,reoaw
9640416116,pghnb
2005456160,obpma
1765880664,zfdtf
2534553049,waxdw
6982468478,juxnr
5368101761,jkcxe
9455784749,sjyne
8041516536,nziti
3490600887,vqlrm
4951361720,vvwsh
2449981916,ftsil
5078036880,tcdwc
6050766030,vpmpz
2460776473,pznov
1836089843,zznty
2392711330,fkdkt
5632179380,pdbxm
9163182641,qesqz
3934686788,volal
8864838392,ohgay
5981639639,nancm
4638381618,ryiwh
4055088492,utzbk
7613284375,xlnhs
2565099064,abklg
2069655119,lyuky
9405238753,daffi
6538576662,gubnr
4872013781,smnsq
8679958694,zfyhr
3223730347,pcnud
2832687532,serxh
9565085467,wmudl
4833748110,csels
3541502057,fwqvu
6488969075,wubml
5539508539,yumab
7317178994,vwybn
6294229563,rjcly
7101339171,tlkcy
4659086864,vyaqt
1521625503,aiezm
5074052024,rphiy
5506655089,djjob
5479468631,qsfsk
6490812342,olkzb
4516406881,rpnhg
1465376532,zihpe
4602974675,zrpyx
3972836159,jfffq
5440874780,hcsvw
9527055191,hbqvq
7188206256,rakrj
5342326803,frzau
7665555153,winmd
5834912685,dhbhr
7879518442,znxnz
6468197412,hnyoe
4914789200,oooqz
5963641529,qlofa
7993540028,rljzu
8977007599,yysac
6234093126,djfyw
9350198169,cdpmc
7529458129,vuhgd
6280715668,skvcz
9570098975,vclhz
7686115298,gdnto
4588385349,itjff
7815537300,bsedt
8944658487,bviag
7265468794,nfioz
7866292933,wlibm
6825481280,nwjej
9045064165,flppa
9869502633,wwejd
5945101745,mhmqx
3707712705,ivxsn
7343914654,pbygt
3625459797,tdbfl
6668623321,zevcy
8141520085,mycxx
5480180249,qvdfb
8789711705,cnvbt
6965904739,ksixw
6812238898,fxycp
4784580600,vkogc
6856109295,hqckn
4348269591,nbweo
9093724591,yuxjd
1335726078,gqxgx
9436021536,ttvmb
7120320549,vhjvi
7857748888,yccvu
5618345841,udxdo
6579037115,ugteq
1082533967,epern
8620099192,fzavj
4993627322,norgf
9689366427,jnbiz
1157802709,drtce
1912016721,unjlo
3007672126,kyhfw
7956994673,rnebo
8335867537,bvqft
6716431481,xswiv
1489106097,enwvk
6959255964,bwdvh
3390004064,cbleb
9265611463,mhjhq
2959417531,amsds
5469753681,seqkd
6784928314,ygcpp
2150428833,erwah
4942295323,acedu
7694911724,yhekt
1968769321,eflfp
3040082540,mubid
6881094405,znetk
5730609151,pevwc
6624629377,wnmfh
5256573819,sjkld
5423723727,fdhlc
6391344474,mdhbj
3039264761,rvnrf
3399125927,padap
1048845601,ncwou
9618196449,djrvd
3803223266,rblrx
5455902147,colih
2410651493,zupon
8228825784,mfinw
7866052893,ddqju
3070859329,rdsox
6359674580,lhkmd
7311185878,zlqrg
5555999030,oklzj
9288257393,kqhvs
7725781936,qbvoe
4064893032,pyeje
9446727918,rukjd
2591431942,zbvxp
7230932440,lckug
5212695969,jnysi
4757727781,tatli
7736403515,jfrcf
6785423662,zlrdq
1430194070,prvrx
2194069067,bdnxl
5486309065,woibf
7302269061,vsrck
8546190428,asjat
2309462971,fwsmh
7193770613,bbwle
4167019919,wgqpr
4349899334,bgqrb
9340267648,pvovy
4310507841,iyast
2148730989,bnhmh
6346693320,igtdc
3055987509,boicb
8497730268,qalpo
7253632385,fksij
9449255661,fqzda
3138132114,adhtu
6437306606,tdjey
4843344074,hzsdf
8549648162,iiwhn
4334235559,srbal
6148962693,pzixw
6536827102,rvgbj
2631433755,qtimb
2620696139,dcvct
4168097468,pwflm
7684435058,zfpmm
3010529118,mksay
7272529107,wcexu
7524227593,xwhjf
4370397753,jxuhs
4458507546,qzbra
9232497460,ddhjs
6121451320,fcoak
4894650437,hjgna
8750622631,otsae
3299106873,vwflv
5053664122,uimxt
3590970533,wiyqv
1394471338,daxig
2644395459,nskmy
7970828571,ymhkx
9627413485,grdjk
7198639444,adexu
4929315474,gczwn
6876618940,cpmgi
1928782035,kozlm
6195776301,qteul
3048963508,vinsh
7040962809,hryay
4620303450,adzgo
1168825778,imlbv
4843046735,wyntp
1379847077,alzur
9361753765,oonav
9583740354,dikwe
3481727830,tfkit
3130742134,bbheb
5316900638,ledvh
1689219072,avbov
2094263525,agyks
1750185700,aeiyc
8869348740,kelsf
2456245415,dxhbo
2659938117,qbgtq
2177198134,cczxs
9095613599,xfned
8280980633,ftxer
4626077725,haypo
6123067741,qkgnn
1447864407,lduvn
7903434390,zdvrb
1606314577,ylsxi
5445341152,swhlm
8831440889,xvedw
8919789272,pkbax
3582152064,otpjs
2118319300,csxrh
4797846477,zpwod
1092050145,aiyhr
2881450428,npjsp
3537262994,oqrwt
7737573487,twkdi
3377020806,jnigh
3263298283,aepnr
8115617736,vsuuv
6930106136,ifpdy
5805003127,tqnys
1540047573,zjjwb
8349445218,nerfu
8655222102,poabg
8667537707,weuzz
9945098896,ouwfz
5435236220,jxctj
3255558967,eihni
7943714777,qjsew
1850450563,ntkqw
6511746119,fdmbs
8932588679,qclow
1448308292,hurkd
4946095585,zqnsa
3379979098,hmhmz
2211097787,bppwk
8941397878,hbqnt
2242891729,rkytx
4660166181,ojejj
3411324750,qferx
8602748255,bbkuv
5320358466,bwcts
7613325562,ujdql
7093681943,yhifr
5577764949,ftzgo
5887976236,tzvri
1593381890,vozgz
1319339814,uxeod
3280899054,aerkj
8600065139,igvfr
8555945118,zsjwh
1764701620,irjtp
7704895517,bahor
4186126818,enkkg
4590078247,iapjm
3366648946,ubdms
8948576377,pygsw
8012371794,xmrqo
5155136045,smkeg
4820469023,jbemn
3498048344,xnkpz
3818630137,kacfv
5741862297,oyqor
9255282013,oqgbe
5048258836,sxmzk
3353166423,dqfsr
5181596548,hbqrr
3101827633,fzywd
6282919600,vfvvs
1641940672,mkzml
3872056808,llqvz
7999607425,mrxix
9526115387,ietsr
6711854129,owzsf
6733825967,okfqt
6145068312,nmlcq
5270966723,dmmzr
5080774728,glbqh
2637842282,etnye
9517643102,rggkv
4931026309,shwif
2721405027,nnqja
8118026175,lifti
6893631567,wlbas
9093694191,axvin
2387951877,foipm
2450315753,ksgyo
9645569183,lhnwg
2598545388,sgcso
8462225080,okstm
5799861513,expnr
5148997709,oeubl
9860420307,snrsp
4185114735,qvmwn
1522243075,woddy
9021705297,cgmij
8931297619,oguwe
2944791084,ijlqq
2498416222,xeath
3503340464,gpawk
6603130073,qbodx
4783509763,ljwsy
8515993942,hzsto
9029043153,tmqtx
3782670656,rhgnp
2657843991,qanju
1801300623,lgkrv
3869429262,svzrv
8914916345,pgbzy
3571300867,rpbqe
2903055779,cyqxa
6218121602,jhmkz
3661536683,vkfky
6112561167,afnhs
3567225250,aljck
5877502601,mdvtt
2502966241,yvdvc
1371640752,gywnf
4045059205,ttolj
4944317760,bujqf
9545293232,datvy
9919966800,ndveg
7937902057,amrby
5118696135,ocebc
1213068895,uchaj
2125531183,zpsit
1528105244,jvmdt
1540398172,nkrco
4113772814,lixwj
3466275175,kdthu
7659445925,klkvq
1611521940,vtfyw
7483356554,pbgzr
2836225952,nawrx
1155331991,lgxev
1979606151,axedz
1798483209,canmj
8884926598,qodks
3298539324,lytbh
1537327762,kjdcf
4243906952,xekck
2982655131,txhpz
4464787518,ketpw
6091787407,iirbi
1894877840,wmivj
1631301085,jgvas
8922643137,ldvlr
5652257458,gmhdt
7711904181,lqvle
9944289711,myaly
6842619533,pkixj
8312682086,tlzjm
9203961272,zfiux
8183293389,prtyq
2894706772,pqhxa
3857906858,retpr
4681809864,whkkk
6071172804,iqusr
5191639999,ptxiy
5499293311,nzagd
2324295674,rhpgu
9272070237,kvhld
9541689447,jgvip
4136742049,hepkk
5370169234,zzacp
4118861898,sfcbm
3945474433,fhotd
7769154096,pjrpj
8290154420,moflx
2667486972,arrkv
4801327229,imxli
2953638054,uknkm
3437761721,gztjo
5410038267,oxsmh
9211503727,qeemj
2071970656,yeijx
8296778207,umkvk
4870087167,dydel
3382022567,byjzw
1015144389,mtsoa
1981585449,gppyb
1078013788,jtqyu
8004411158,evmki
1151515668,tcyly
8193613292,eozrs
3758187944,aqjvv
3816994821,eooag
7297249785,sdnra
4519363920,ahphe
9580506109,pequs
4564314154,mcbqy
9771427857,qeyfe
1206056415,sndoz
2233979376,gwhrv
5109412674,wcwhp
1284993940,ctfzi
1631114530,vukxt
4990919521,hwfiz
4951504319,czgnh
6828852437,esrrg
3258273395,mnuag
7398428431,zvkwj
7479118156,qppyz
7059207189,xobll
3509284658,spdoq
7403397731,esozm
2398911014,pasdq
9639356706,iallm
4558582080,inqmg
7077443924,sbnhv
1315089045,hwcvz
8861242799,jqkvs
4660868533,xftqp
9766403847,ymwzc
2604399108,ialtz
8942828625,vhsqp
4021915389,rocem
5501739183,vhbez
3872237271,ioswb
8835524648,cuymj
6420419554,nbssl
5662720407,nrdvo
7184833906,prozx
8185979359,xlsnb
3895705025,rcezm
6686403166,rcxxi
5935132520,evxek
4334071652,ramhc
3858425823,xthvj
6061900108,iasnd
2405549805,nqfsg
9855173957,mncew
1738397139,ojfqq
5657450730,ktccc
2332599351,yhywn
7571929594,sfhxl
8540505753,tjqgb
3980136339,kxowm
4167793427,hsxhz
2161862268,bkwpb
8608294259,fkmdq
7173011511,btfiq
6597323358,huyxa
6834869615,nfncu
6241478700,kgyus
9020518374,drkvq
6284711497,smmqe
7599730499,fbslx
7422046190,jtvom
8667084395,zewwf
5700663786,uorex
6030121692,atiyu
5785678120,ynwzm
8803699036,pglsn
6169234355,tpvlb
7861898148,wcyra
4503587734,zcoaq
2243334977,dyrmb
6136412358,lmrmx
6924184002,pwjja
2812872119,ymwve
1645719709,apqjf
2352535354,grjwj
7715100340,cydlf
2282328909,erpai
9186045312,kpakr
9492808545,mpiwa
4667387870,sbzib
9945085224,iwwls
8603088200,rnuyp
8953043120,dfoai
4892368794,epbup
8591667200,nblix
5181829648,tvoia
7187289770,hljuh
5404258732,rwvvd
3842068419,vbfst
5987978628,ueeee
2010054777,ndqxa
7273492801,lclvd
9128799391,ediyc
8042698904,wwqcd
7576750213,pczat
8005002660,vfani
1642000537,ffeze
8565865663,qjubl
5141250087,copru
1516399115,oclfx
5639178480,jolrt
2613765026,mwiow
2424531694,carrm
7688824019,hodlr
2852631789,wuaby
3182045456,mlyjk
2017811087,ceyxe
7528889418,udpyx
7993537254,thcxy
4398107007,bapin
4195402402,sesmp
9359204103,swrfg
6242158953,uwnff
3918006947,cucnv
9024395717,fysor
4219946743,rowzq
7168606717,rkrrn
6609400659,qpesc
1364781771,nkfmx
2186930352,plczj
4693995852,socqi
6877557839,afoog
8264448975,gyvob
6882983570,spbfs
7590065760,fufcl
2085410014,phuol
1540508381,dgajx
2108427048,sqjvo
5973784577,fdqlu
7853020270,kuoac
3368904962,phmbk
1651043226,nkwep
5983417228,cvkif
3186197443,jugdf
1492206073,qgidp
2152384943,qqqvf
3209719573,cunff
4728924762,xvduk
4209164780,nwuei
6222831764,olcfk
4950867721,jxtzg
3143235958,tonfj
6407352193,tjfvu
2648505834,ssoic
8702608772,tcwiv
2981582225,pbumd
1933358486,otdeh
8730099201,iscxz
9996337416,zlqcs
7023194060,mxveu
8315842492,vkgvj
3889543813,keaxm
9700981113,vunby
8464498395,bgxom
1038666985,jddgy
7010572478,hyrjp
7764325443,zykgu
3925543820,paqmu
8550356220,tqguj
2190410401,netip
7088907654,jxeld
7960407223,kstbz
5661567664,nayka
2998060107,azmmv
8776803672,dxcva
3136065879,vkins
7656448855,wnyoy
3237104414,gpzbj
3569258656,jroyk
4599361723,xhgku
6491758872,uhuuo
2804555548,ljnwq
9529457465,ykydx
6101584833,mrdvo
1401142111,ocvit
3576067543,kgspe
3670516518,sjlvu
5417602838,zinmp
2847055986,eryew
2098420185,wphhk
4222301918,toaqt
8209322750,xosot
7869424182,tsdro
4910402417,kxank
8079704442,seeom
9755386411,owbny
6762433573,zsqlh
7470802412,mtage
7250023013,xbpfv
8566171369,udpck
6985210087,zzjxk
7110158147,rwucm
4243036355,swkog
1353032760,ayaws
1668743432,dtlfl
4625840319,jngge
1803747952,mkiqj
4099839996,alfuq
9757000139,zdnkn
4833933202,rmmff
8324989937,prtgz
7330784265,dygqb
6065831760,rzpnz
3112126424,ncqvz
4167213923,rjqgp
9215422168,ugnvz
1323636887,ksbxr
5860041922,mmhco
7654669651,yarhc
5350222377,kosqq
1718501818,xmtmd
2398960807,bslke
5392812265,lzkye
7299929013,cwiiz
1676278587,lgrqg
6411444192,qxhdc
5446637410,ljbwq
7487050121,cfnsw
9158643626,jfwer
5887704348,hhqnr
9764375761,yntmz
7670480084,bjaju
3643572535,eyddz
8145252571,hrzcx
1254630006,blbog
8424812160,gebtz
3443288458,sfwtx
4585397000,gdpwq
6593873142,vteal
9335282876,wyfjl
9315352661,lxplv
7461190382,omcbm
8188981886,cyvoh
4972646203,uovxt
4850401787,lvxtv
4564026239,pwjuu
9820053146,npado
9195836442,ecdph
2516366892,tijzv
5095316072,chymc
8509554255,wfdsv
9681796726,jpcrv
6480968196,befcc
7199369686,mybiw
8673237299,izgnk
3809296632,vhfec
4659684016,ywxgn
8961924720,rejhj
6778126948,ttynr
4945888140,jjbzu
4836032219,ywfax
9495013074,amzrp
6327503347,xmwxp
9586170444,ybpcr
8180320715,fdyei
6016821980,bvijs
6493579725,rplsk
9703427024,qhdct
7442598032,jxlcg
5272318163,kqlat
2355361794,vkmqe
4310608826,hxgqp
1899799706,scnub
4988583027,zmfjz
5676335998,grvli
4505938410,bjavq
7374412065,eigne
7941053124,utown
4891641734,xclzw
7294032511,nfnws
8646495522,vipll
3395585682,hsznp
9429398805,jndfo
8984973393,fwyxu
2810100732,jipml
8667701345,xmzfa
8655251793,wqfde
6031922863,tkdci
5554465712,vzwog
5180081643,vsmwc
6007452094,lgbme
2691146378,joefk
4876874496,fxfhf
1381895293,qotgn
7513026620,jbhyw
1816545628,duxoz
9511094437,ydgmz
1096286598,tjhsh
7548089685,rsqzs
9127606985,qdvth
4442102883,xzlth
5704707087,rprvc
6654583403,cpjfc
4231774785,ccbcs
9530024670,pojba
6739277054,okymy
6613984915,lszkq
3380674057,cknlh
3468331335,dkbcb
6443284740,mojhc
5137131464,jvoha
6125468613,oecdr
9268416492,bjeun
1288982571,huvfe
3693514134,srkep
7053952200,ilxwk
8876997876,ysqwn
6320351618,xbuvu
4120027530,qrbth
7383935169,nwbbi
1260749441,clhep
9634072432,zcpmd
7913366682,pdxti
3128049900,wdllm
4591198442,ykece
6103350450,hpqkg
1401326489,ktrck
6279583684,lfeup
2331681913,aiglq
9158542028,aglfm
8588646281,silim
5548227190,msgsi
3460209419,toosr
4181658824,gppqi
5054406379,zuqko
2403514291,pamgo
3465577039,aclln
6845171935,mcptx
4549101744,ctneq
8852191026,fdczj
6228043535,ezrqr
6034918663,swpav
8717309530,enptb
7591711882,pkver
3001053897,xwcwn
2749187465,ttqsj
6697260590,cxpxb
5030623971,ppvlh
4313089402,oqxjd
6333090805,zooxq
7277113223,thrml
1419621469,fjram
2267231213,ccboh
1017747391,jenrk
5604346526,lgrtt
3348285761,ordsm
7095437077,iqeyt
6311986813,bbzjb
2923944224,pmrop
9161895714,sucqp
8217958604,nwrph
8823767212,cncdj
8762234348,kgfiw
1380428764,xhcyk
3000211019,awyco
5978047932,adgtm
7549922142,fcmbp
5117974369,xwvzk
5136202281,wnldi
9386836966,kaezk
1524277385,upnbb
1332856175,klftl
3072118953,jxurm
1546382340,pfdic
2858742510,taeqj
4930242088,ptxvq
9149932567,pfbed
4427556957,xjkku
4707522408,xhrmx
4937492334,hxneu
6630982993,loleq
4281196205,asvot
7126339793,keley
1147563169,osydv
4126254611,wipdj
3542771758,ealur
4133551164,jaytb
1801669823,eugzt
9121868139,olchv
8097640281,iqlro
9299369386,yhbiv
2798990811,vybib
3019740037,jnpsz
9666819308,ekfwx
5706125450,sajzs
1883978526,nxlsr
9588950611,chlfs
7414813813,ixkrb
6370552468,zynoj
5648505960,nwwbm
9112625487,tijtx
1174205091,gxpxh
2426491751,yobwn
5056457624,mcxfo
2532646234,jobdt
7742829659,cjphq
5465723656,vxcuw
1216505555,cbxxx
1813683717,jkmmw
1876844783,snlah
5801084678,kxjkq
8343457397,kcihf
8889169556,svsef
3629719492,gujue
9512375436,rhfgk
7825391351,xjbvx
8811761865,acjnm
7019988951,wzwtw
5340768190,syzlo
2868774299,hbrhg
9967134142,lgxvn
9826917491,elfqq
6710399069,uwhom
2464108424,ayags
4245981207,zjjwz
2519856743,porua
4190093229,fdasw
7810239083,zgpng
8112299264,wrbmm
1358107444,rnjfx
1070412907,uethb
7487830081,chvcu
9071900674,ucjdr
7060702165,yvxba
8074951102,jsbvv
1962090587,arsis
8806793293,ixpvc
2234081434,gaoat
1515787425,kplgu
4590344867,xbhvz
1748186479,hhtel
3214422833,bsleh
2611588528,tiwce
5466069009,ocxka
9647070145,gehho
6246101910,bdjpa
8227472947,vfwbp
3375040085,uervi
1835687387,sswya
6180977104,vxiaa
9557229894,cisqv
1484056955,vhxhi
7954071557,cyohx
9321835275,hjehv
5839702317,dvqcs
2170489644,huyoi
6796052317,phldh
8952978388,ngsuw
7155748223,ngxak
5500657528,iqgwv
4401549661,ishft
3576163714,sfzmi
1503485510,inogb
2853309951,cpecg
5226602004,yjbid
9093190834,jjymz
3029964178,tjbpm
4505488361,suaku
6459364764,wvxde
4271360609,mznfw
7358616536,czrki
3701080879,mexuv
9358260198,rnsud
1059561616,gtvjl
9506660580,txcfk
2927669067,dwpud
8035245577,rycuk
9295552893,tugql
6862634978,uievd
4538141101,xpjny
9711708093,djwua
5447330688,ktdlr
3511682758,wamqt
6686550247,qzrlm
9248573023,igqvi
5018122650,juhhh
2417229698,evyqo
4414083570,ghqkr
1208990852,wrzcq
9253536844,ryjze
1422588143,sfhgl
1308090711,nagty
9505463156,rjwwx
5573463459,fykvw
2311590816,wzddg
5374450073,zwglv
5363563991,jrgcb
6517561351,pbbpj
1171157909,spxsy
4620758391,fipgp
1604447868,rnyep
2926076568,bbdbg
6407624003,xcjcm
8219391449,qubps
9604840829,tffgy
8189810860,iighd
3102003437,wgdlu
9760468628,vytie
7209587755,leute
1186683730,furgo
5069788501,yrwrz
8289337763,xpmed
7695188287,mwpmu
3240555616,wzogv
2065458222,shune
9440571864,aumfb
7350547223,fewlx
5291006062,tapze
1619550801,yscsj
9136382484,uozdz
7640488905,xalxx
5813631784,rzsgp
2307738427,ybjel
9384680154,wfrdc
6035336664,rfehi
3264678724,eitxj
1626927911,rghkz
8523676377,ysioy
9592017110,kymms
2180808172,buktz
2021357154,qviiv
9055699875,zdtwm
1871357358,ujdvu
9034295989,cmpwr
8968680250,bebkn
4692677276,zgmeo
7818956122,cefsr
4034007863,lgqvs
8927825687,lblcq
6970768637,wcwxb
5032763690,ixgfj
4878303526,oggip
2715474622,gudsk
9924455107,cnend
8739721616,waxxq
3214269496,lzwor
6569224190,fvgff
2514292252,qssyu
7235814896,ivugq
3846580409,kgbzl
2523811576,jllyc
9317206805,csvde
2510433679,uuxym
7287144729,vtyfp
6395813945,vxxrr
7525886394,swrmt
8409738940,pvhyb
4786691095,vftel
7269757802,hftpq
3736176223,hmmjo
4152237751,mskjk
4271156462,sbnpt
1517664130,ingln
5580540815,therj
2507791556,oziwh
7150834279,lxkfk
4438417745,ammpi
2349633147,ycmrb
5895403788,ranie
3412487927,pljij
6433437669,ircjc
2115145151,rqsjm
9020684612,dxsmx
4446024224,qdqwp
5909922272,deuxv
5033533268,ejkam
3842706766,plhnk
9348489312,ajjud
1731265449,ypfhu
7609779300,udphy
2980006547,mjqxz
8163306462,jwsnx
8079038931,vpnzq
4827992756,lmdrc
2090344175,sokab
4341931726,potvy
3371378365,thfvu
7822411389,tmecd
7919163020,bpvee
3931997425,ftuzh
8235743063,plkwz
9952883237,wkdur
3018885096,cpdoe
1437803903,gktmr
4687771794,nlvsq
2451712310,fdegq
4425458831,doqhg
9424275004,hjwgz
3840960802,oeszq
4159151363,dctyu
2719372272,kkali
6297932922,vhcee
8414318836,mcwfd
3981612664,ocjbi
5519728136,xgnkw
9926232644,vgbvh
2558465446,tqivv
1438259665,afkdt
1913202630,nhubv
2233331050,ynvse
5688453974,trglo
6851153747,bbxro
7259119213,lcrsx
8005508552,saoob
4335209257,txuvu
8530379286,skzit
7661763983,igdgz
4602087652,rzcnm
6935551126,dnxau
3602025645,wcafo
8269412779,yqivq
2264013561,cqxia
8787531309,oyrpo
3175992645,ldely
9385563054,qbxnq
5243351152,zwzkf
3015877580,trbey
2756900932,czpbs
6323824790,pnswx
4003545147,yrvvq
6573927817,uhiwb
3264290196,tpgvh
8217497316,ubggr
1509362263,snfay
1221597292,joucx
7200319080,askti
2607727679,zqvjv
8138101757,ffvup
5654515833,onmrn
4259022386,usbhn
1454059045,fdgld
8485845830,wakrm
4441631210,zhzgg
7944410847,bfblj
9418697318,hpqne
7563163108,ajzqr
8127359953,qgwbs
4678797063,exkfr
9871676917,hwqln
7968456540,ivhox
3903498327,lqlqj
1063046727,ncaqg
5884600275,diosd
5490261647,dqghy
8842146713,jacej
7559279449,kjrab
2563413272,jejhl
3913771753,shsnb
2410311616,isxxe
5610630107,htrch
6821635520,qycrl
9051805391,yaaqy
4889607014,hneux
3758463795,kszor
9359414515,fjdde
2999732400,vpkwj
7620565514,dpzos
5296989876,xezsw
1900951720,uammw
6008641589,kioxv
9682580299,jcjdq
5527394286,brplm
5236901319,dqmpl
8580977750,txnhg
5462054359,vxoga
7942946315,knlrl
8268865161,nntmg
4761761197,zdxrp
1425071180,scaqp
9751625809,hbnei
6526583044,eihcx
5197081587,vacvb
5392451738,cbhtf
5947087875,ipgku
1754664191,gxcxt
6335248749,deypy
4512645032,borol
6032632898,kmqud
1131496739,hnpeb
9065758807,soqgc
1156987108,pmdsi
5551387637,tnzfj
5376391436,qrvgo
3882818716,zxede
2744923942,bkits
2796877650,yulkr
9955916131,ltuhg
4708817713,cphsi
6528165837,xmuph
6996433329,tfjla
1243638970,qdajd
4756552443,olkli
8134020021,eobes
9432913022,xdvlg
9014563438,gcibn
3235394994,igkfk
9460526210,ixdni
3321363247,maqzd
3755731891,eyfed
5949522346,zcxdn
3526464280,omvhv
2276666786,otebb
5737459247,kvbem
8000860363,jrmbm
6052429513,nkrjk
5934391152,cvbzv
3163972621,cjshh
2894890654,uxhxb
1313643634,tjghs
2118985821,wivzy
1159203626,alnro
3692593300,ymxvk
1948504962,vffha
8128522891,kuqto
6150295172,ypedx
3761458371,mtfsj
7745846567,bnkop
3522682058,ksbhm
3276258674,vinsd
1603803194,qujxz
1744608185,vdysg
6652648734,djtlr
8834899636,rypdc
8459563876,dttau
2229997473,jthoa
8261504415,myxru
4999989913,vmhhp
7825025885,mkmjc
6218290459,wpjtc
7749839825,owdde
2910006295,nrqmw
8315179418,pspkt
7287661232,uvmhj
3271209676,pgghe
9736359403,sgomt
6391264761,glhzy
4958454825,oqthj
6837297573,txldv
1910521008,gmcer
2536647395,irgne
2097871403,vcilo
6831688506,qsstn
8160421792,uvzcp
7514153185,sslke
8476705648,hqlyu
2535746962,emehu
2356855317,nlzpa
8152015121,ikyrp
3193267060,xslee
2249733470,cjgfx
2339669974,eeege
3855171311,rcggo
1252745914,koogb
3261819372,wfabi
8288696688,xbocu
1636156203,tgzyg
4257406163,ildbg
3991905578,kbham
4576168607,nuvhh
2770611058,wlqge
1642507767,zkfur
9219959903,giylt
4430193051,ggjvu
9924109919,iayyi
1026507892,fvpov
5542883285,vdlxg
1140480337,bxjcx
2825238808,mzgyq
1336596571,mruzu
5701998214,pwgfc
6658509201,qauvh
5323128018,uquqc
2780706337,jnvqx
1927648223,tcpie
8663983002,lmfol
3989003483,bvzsy
9170249725,klmxq
7156908097,edoxq
7119866152,nohds
7596165293,lzbku
2081734844,vensf
6110410564,okyot
4170824757,jrnua
9240658734,xzkjf
3300055139,vrxvc
7672290154,pbxkg
2395424371,mpxpq
2104588478,skdxk
8350343125,fuojj
2786971298,ukigi
5773226460,dgtfw
2260156961,erkck
4970433371,mnvpc
7531324896,sotie
5991453890,hiakt
1598200714,cntjk
1390099140,swaaq
9576044597,gihgg
4737236259,tmfwx
1574817010,cshdj
8683735254,nggth
7312815043,aifmd
4819731360,opgzw
8061649764,kkxsn
8325875864,rpfps
4153200489,bxmbn
4422263655,dmiqb
7410878611,vluse
5295676319,obyet
6732179912,etsjn
8456621517,kcdrt
2768565730,bvxuz
3640438955,mbqzz
6368334192,ekqtl
6584353537,waybt
5262712501,qqbzh
2497568412,ralda
7817261955,csbdl
8926617710,hboht
9383354389,wsfsu
5211012100,cucvx
1734817932,krysh
1396394559,qbuus
8131587079,elzac
1978270745,ijjam
4263168793,uhzli
2812682754,bcosa
7606035166,ukoiq
2937920774,lzhjv
6088576483,vbohf
6763327513,afpuc
2312947993,ttwfd
9974728776,xyqez
8423972749,grpqq
6079323365,jcfxk
9902133991,xcbrh
8956182632,npukb
3542494960,umish
9312598059,ggdag
6743720928,tmfiw
6757168033,xwtbj
3087981705,ujgib
2311237635,pcmlb
3901168917,kqwwv
8408959170,rrwsc
1639877477,alfdx
6051349453,jgkck
5958666259,joerw
9919970532,jvtzt
4190748937,wdfph
9505075207,xdgui
2276471873,zdsuw
5603089169,jrjcj
1981140916,hukwl
9499316760,qajnk
4496479164,oldqw
2582952422,bctmf
2354024312,wzolo
9992635893,afrbs
2808877567,byjxn
1961012563,ovgke
5689100859,yawkl
7217772821,swbxs
1113440355,yxnnu
5891101348,pqogg
3340358243,vrxlz
3859289660,klhac
1959614179,obgss
6593010929,scqhg
1854210800,bzclj
2579104581,shjnq
8962397156,yacoe
1768111234,amreh
2126482862,yglgb
9146379027,ocwuk
2277952438,vuhsz
7055996942,mkpcf
2551406001,oherh
9842385930,ncgpt
4908504573,jjbnh
6663801599,jeviq
9259620108,scfls
8907819739,unmzw
4069415740,aqibw
9855880389,gikdw
5893254586,wcwvt
4916180066,zawkp
6708792415,liczl
6769683864,jtujc
9694814464,kltho
5818051585,obixp
7298662873,mmamt
8551266645,dqipo
6501741980,zrkfl
2357816340,aciyv
2936144621,hpcto
6742424826,etetc
3969767692,tatto
4086738094,pvdjq
5613479795,xzunk
1209522305,vufvs
4707707986,czdzw
7906732765,xqtol
3996219046,apzff
7139139909,qnnut
3406411041,gxqsl
3569016807,vrffd
9972411117,pobrt
4979426731,wcwnk
8337251200,chlfz
6569817283,bnueq
9644022411,eyosd
5798878062,mkxcf
1313714932,qcdas
6992077063,nqdmn
6408968709,hbhyw
6782295471,cazfi
4615929949,uggor
3161610240,aufib
7338978402,qouhe
9240677113,kuriq
6708529709,sgqou
9875530936,cbvot
5835456997,kjrmd
2297046271,epwry
8539539730,mfqep
2447543499,cdamw
8259317340,ryler
2112029301,rdmor
6573784961,ruhok
4390299860,avmls
9962769628,kgkzz
6814017823,cnwfx
9894927922,eygkd
4540451460,xstqu
7154349003,fkgsk
8547103421,unmzt
9295923349,mpykl
4235407004,rzbrs
4941959062,kecpn
6132413321,gsjmj
1968349097,tinww
3904106411,lujtw
8621398634,ylone
7177964347,quduf
2858558461,jglla
6217581590,fjscp
7133797564,gkdli
4300904683,uljzg
4351545179,ordel
5282405321,vwuww
2699926094,zpzhx
8476324361,delhk
3892845827,qvobh
7678689448,qypta
5096553940,bmpio
4582740751,fqaup
2229722777,znfqk
2482348053,ymffj
5464267464,skrvn
9595665565,tpxsk
2968307869,kwcwf
1715737269,qxmpk
2234057232,orwkr
8418092832,ttqib
4785324140,uffdo
2933386322,frccg
2992524586,syeyx
6217629311,rsrbq
7938885145,dectf
2681466479,qmfzl
1320355851,msfpe
6469132369,jpakc
3000386329,oyvpf
4707339365,hphwh
4649333286,dhosc
7405499603,jyhyz
3096284290,tiznn
8791240753,lnmjx
8123410591,hpdru
6803504882,audyk
2350649683,jdsvc
5691765610,gaubo
9246837117,mesxn
2368592304,gyofo
1860280760,stcrg
7479156250,bideu
3948916752,wsvpm
3271541909,guxek
8586911697,vjrkq
6821386632,eydgk
8081197154,splqf
8524762270,llofu
6908870044,vhklb
9245474154,kaqrq
1708905853,gamxl
4117610486,gpwrm
3175085942,tyfhx
9189732605,cehbq
6622916921,vskup
4352761219,hggje
3882156452,gfymc
6986433524,vjkmz
7564318951,kzfaw
5614773778,syhej
9250199615,lhama
4654268840,jcjia
3304845431,dyxnn
8734381158,wpuqw
2689935646,uwnpn
5512668239,jmbao
6528187979,kehqj
1475007183,srfol
3207285168,rzjqk
7671132022,nrhyj
4409255713,oesdt
6078550485,sbdbv
9176218863,lzsud
4684495623,hifqb
6461027660,ohqlm
4622972935,dzcgk
6900020987,jybgo
9192720762,oomkn
2639427908,kwzaq
2347425117,djcey
8186755616,pwjjv
8261577104,jojbh
5769039985,xbces
1630128830,tgwul
3127138001,aavic
5490100734,cmijg
6820291027,cpgwu
2697890128,fptpc
8249491627,oqraq
5772507499,tltjf
4520879036,gurpr
6196586315,wbpgq
9953144173,etofc
6121811524,nszrv
3062972285,pmdgx
8191932902,lbwlb
9467195211,nawhh
2654403104,lpqix
9747480202,lmehd
3593284986,yycmq
8465753570,rlxgf
1468103262,lcipi
3245043817,ztdnl
4303802623,hbmrw
4781481577,lhubl
1394366673,yuahw
9131483252,rqbtv
3708066747,jrpcp
3097543191,bpsgb
9745401629,dvdab
1622768807,zhqzd
7123012269,tvjzo
8442634825,oecqo
1449705720,vshal
5632229239,pftus
8189523595,vsxxq
3281671097,ogxjw
8923060767,nidmn
5135776229,emspk
1431846813,xqgey
5840637405,pwgts
7669544249,vtjjp
4033462998,khige
4691147854,qrsme
3943823976,nzdoy
6421987711,lbznx
2336378353,zqedd
7982366080,eiqfo
4590763297,jkdek
9264992487,ydkzk
6184082191,qrhaq
4087012362,wwqwr
6150924507,jwfli
5252192863,ylknq
8843108772,qxwhp
3606141398,mjhib
2797867323,gqovm
1541221383,wxcbu
6661488788,eimuf
9859312014,wthiy
7269135342,ewdxv
1574727829,zfhyp
5539542175,jeggy
4499523262,ojlem
8196479923,rozmj
3078835577,groeq
8335325876,hcbgc
4944743510,qtobe
9926663823,cubxr
6823630003,icwlo
7347540488,gshqu
9016817578,jqaba
5260535562,qhbrn
1333490756,nslli
5141340880,idrla
2603759979,qowun
1272054837,gesmh
7801453993,wqcea
7175478143,thcpk
6795729540,uxeqs
6364040693,phfcn
2215590666,vendn
8439717508,wnhaw
9063513068,pijgc
1429781650,pmxaw
9538324702,jxhcx
5721131227,vjyjp
2638314104,hlxoz
4739587285,ieimr
4820308269,pdmlh
5714002769,ybopb
4134154220,qlrmd
5307530947,wivde
6553356545,grbzk
1211456611,vvvej
3069002895,pvllw
5787959357,psnpp
4238302088,swvne
2570346352,ngdoq
9683601192,kohvh
1150170535,stlfd
9243371752,xidvd
4411217897,btlza
8570594690,eqlfr
5515321479,zeurc
3545645992,cnixj
9844603797,qbtul
8260844503,ibimn
5830349092,fpdko
8626500201,vymcj
2554970436,zefhr
9973087700,phvsj
9319416362,gskix
6220303981,oegom
2445312229,vkzso
5017632161,fhkiz
5713110063,kykzo
5056028381,chtcu
3149931159,cqcme
3188270725,nhuin
7094075341,rehui
1563363597,jjlmd
4032597286,ccwxh
8122076222,pbour
3886177492,fsbwq
8891250350,leabq
5064676948,uvxox
9020557578,rheqr
3075245086,bxazk
6323136772,eshsp
4738589895,eifgj
5127256478,vjcpt
4096524777,grzkc
9196705430,bitcy
6637893516,mbknw
1453069392,dkwen
6941185258,vobrz
7150506412,nrjcg
6772208006,fwdsz
9570678326,yczhe
4362184028,qwirn
4818919124,dnytf
2148885868,gipis
6157349831,lpvas
6533484782,saejg
3533557870,fifgj
6302187193,znoqg
1915871126,fpfrg
7762364835,ivllk
7784562730,mbsvq
1507255717,zwoyj
8673860473,ujcnz
7754723172,oiylt
4248036056,ahhzo
5164759805,jaqyz
3768176533,jctbk
6744788630,qrqtm
5427699992,juryo
6364702011,mgbxe
3049827775,cesqg
1490433281,erhkx
8551534301,xrwdx
4714677723,dyftl
1747351145,opqrw
7684309467,wjjpa
1633245725,vhlen
7718303793,pmowk
4315538263,trkbf
3345523291,dpjxz
5465230044,zdlyj
4924169315,jggot
5398308550,bnehc
9692622937,xyncc
3191908694,hgufr
8994166544,yuzlx
9569558657,wsncw
8405909733,yyajd
1887821996,xeqlq
4253451400,yexpf
1172341886,skuuf
1918114092,pslrk
7384506237,hslix
4809660461,wmxzv
2392665285,ipoez
7807770778,hdfyc
6631305500,jciwb
8414883391,dcmwi
5375655045,uitcs
9381544149,yijpp
9422584361,buaer
3353682993,hkady
3336808932,kkdfr
8236657866,koqxs
8397843559,nwekv
5976542245,ezcfs
1847404346,yvkae
5300376323,vgsin
6616419179,lpdvz
6261492292,fcnmu
5200809796,eikyj
2515484716,rrqep
4299884097,hstzj
4262788788,aulet
6007420393,gitan
8730074763,rbwwo
9169494979,vobgu
6570270498,yjhjl
6734894422,dgyjb
1739410392,uqhmh
8573383906,ckruk
1731815713,nialn
7970549533,ffrzn
9364375810,iuxxl
7578964649,rbndz
3620461769,csfyv
6542684106,swpls
6000021445,vezee
3522796685,goghu
7665296143,ilcyw
1524868585,gvdhe
4507164965,gvwuc
4328915507,exudi
3672611447,jojjs
7788615171,lbhot
3216615241,dhlmi
8582599293,wwenc
7071523950,fodke
7590632514,tupxu
8276209311,ogouj
4736234965,bkmbs
6630001318,vogjo
5343006192,baxsl
4102117990,rdbiu
3734076253,anqer
6043810234,dimus
4127837167,bytwm
1475516121,sauag
7509714995,gkfnk
7575079634,hchtv
7941436299,dmlum
4390575497,uavui
4648591068,bnjsy
2596070874,qaycc
7167201490,odtxp
3157496576,zkvuy
7911440610,imtix
5928615685,pqyvz
4964221295,yaoaj
2638829658,ezvmc
8690546551,thsuk
7998705282,zdnmg
4722330840,vrkss
9060154317,guxnv
9661043527,hjcms
3721518864,zgwkc
6873018601,lnhak
9102574302,ilned
9795021905,vgljk
1780109455,aonin
5586881288,wcema
9572946492,iybby
8422621074,zzrsf
8892949224,xauks
9177689271,ogxum
6898411980,rbabb
7421824858,njwny
6601691390,kkgnt
9602968395,lvaya
9609292977,rlvpl
9842175579,lemjh
8704079133,knhsk
9041024699,tpzag
7043907273,iuuwg
4201412966,cyagn
2699052606,puwbh
5868543431,mdhjn
9038296476,ocreo
6552152636,cleki
2783301188,tbwip
9698536815,jthxm
7370205061,vgfay
6945023902,yrelg
2405602567,imdni
7343621006,rdxyo
8680553700,rtcbu
1483817629,cyuyd
7012496084,dvdye
6723432333,utcix
3250980418,qvdun
4396384221,hnbdf
7319855690,mwbdr
8622818186,xvxns
4021791127,dktaz
8062625284,rndpg
6516783802,moxoz
4965868405,fzqsg
4657831509,tpytj
7607674966,hbdrk
1486697610,tbmsi
6077039264,qifar
2326535562,pirus
7083096046,bdjmo
5198012894,phdqu
4914772673,ruiox
6172230142,dsqfa
9925213761,irjux
1925497242,xpuui
7397639208,hdlgu
8696803915,nvunf
8895072376,bkpzk
4541678960,xooqu
4808497758,mrznh
9029897134,aywsu
8537139525,nmhlk
6068923089,ivnpp
3792277867,vnsxc
1091948787,cmlzv
4864457688,esqlh
1643658233,wiwig
3473862975,arusn
8794427636,wbvbt
8840448889,gwttv
4173312536,ujrab
9166504710,milsb
7792258208,wadin
1639486052,ffgsb
1505540692,bbyfh
6289385805,wuojc
9354930318,jasqn
9702197910,jinws
7332147681,kewhz
2227147073,eltbb
6828410020,tdsir
9912620322,qxiia
7968337344,zczva
5459091363,leghw
5150332038,qszhy
2003359182,mfttz
6016710073,vamth
3789729653,ikwof
4582414068,qhuql
4522492883,aphbd
8299047594,zudbm
5529945407,eulma
5375039893,jgwdo
9547166302,njntf
9700437691,jftrf
1520675925,vtohj
2376257880,wdpwh
6479966744,kkanr
1227933044,myltq
4548129109,sqisb
7191340501,czocj
7225828220,abqfe
6042679582,klkud
6407465247,vteao
1233802676,pxsmf
3630924954,akofq
2609347823,thdgc
4041691250,txtft
2960770980,teshi
4891837639,wjyla
3175267945,muaap
1854220632,danob
1989075731,awjjl
6429105263,zcxuy
5741881696,pozgz
7035182004,jcxyf
6453433954,drgtd
3085274376,yvezw
5144146419,ssggd
7479417852,gloow
6662054699,gfdxr
9885693061,pkhyf
8074405530,rxeer
5923607030,ynqdf
7476031222,kqczm
5404625063,ynbjw
8960796115,tcopd
2592648881,jkkyb
6635381567,xgybk
2998183087,fjsoh
7214627058,pbokt
4243497595,lwauq
4834428455,caduv
5978859139,niwst
2455862329,oxwww
4191329641,ysbli
6002870130,rcmvk
8724329471,ktddm
1139333876,lmzyl
5778374717,ozehi
4486395162,ucjop
9326134403,tubwx
3239746504,jdnni
3976580328,iunuk
8987342885,xdlmy
1682406649,wgpsh
4955686121,bnyss
9217910272,oveuy
7055283513,bhiri
1843092215,okclv
3116530823,vjocn
4659751004,bhdse
5063675685,mmcgy
4966137004,fjhhz
4456169642,ocgoi
4382594343,wciql
6331364218,smdhh
7071126121,fmdqo
2601435550,ypejo
8255482487,baasy
9956043581,vssxr
5038256702,wlgei
8844283980,pelsw
4900977427,kgper
1928873460,rchqu
8098443997,emfaf
9798556252,cfsxc
1700262274,fsgiy
1060183417,pcxuu
5319268215,roiea
3453966394,qedfw
2400695564,sixdf
3518596681,miwcy
1062314894,xdexd
8135732117,ckgwr
6768120873,wvhnn
8445608848,jggaj
8401562269,wjaqz
5195199646,vjbhr
8089334849,sqczy
8290178258,urwgf
8194712961,tohfk
3726623753,jipnm
5974783427,qrgzf
7521915884,worna
5354720453,lzsvi
1541886337,ifyly
7753719540,usdwm
9470221581,sxcva
7568873096,bpqwv
6766041570,argci
5198348961,qfpsw
7123999192,ntamy
7199709266,vwwbl
3436779108,amkrx
9703238045,wmtxs
6170049094,nurdy
2697672550,imnuf
8589649996,oezau
7844180870,mzlhc
7996577418,ykage
6055170195,cxoim
1933048988,zyosq
4397725511,plbfd
2687084974,qsfly
7924428894,qzmmk
3771652141,abjpq
4437816440,xbnpp
3273266203,lvjfa
4401029173,drrni
1723552348,pibcd
6929593215,lynpj
9168663114,mcjka
2807735400,jists
6757589511,kyqti
8337397468,gdius
2586052158,dcvfs
9468868989,wqxtm
3039943301,sotfb
4118892279,ndxrm
5287284899,fcyox
1790787343,beeqf
7297003119,qpvhm
2304062733,zflay
7661427855,wgpsd
8253669212,iidat
5029727937,sikuk
8249492159,vlwys
8640076116,jzrjp
9236022534,uqlky
1802736120,ampok
7889164663,ncrcs
3438024064,aiesr
4875566092,lanzy
4325645227,hsukz
4526078207,tjrfl
3161337470,qrmxb
9220079620,yushr
9069565032,azpxb
5835251847,khjbe
5065731738,eesdv
9485749865,trabs
6236298448,fgmht
8895248028,lkaki
2298906547,lrtah
7792116478,rntqj
9299709347,lyshl
6522491649,qicfd
1325696237,lhhan
6069666317,bzkqn
2636315108,jlqfx
3509215372,ililg
4330972512,ondfx
1685260957,xgayu
1273513374,mocha
6045533378,qfvum
7203502783,ptmig
3654259027,efcjc
4324226552,sbyno
4753956627,lcgvw
3104121550,wklpe
5695797486,uwwxj
1363512743,nsvqy
7350402132,dcatz
9449514030,ongvx
9529682450,dzaqo
1558924777,jqkmk
8413043431,wdfde
8261566505,beyek
5367137408,jmrkb
7411551333,vfgst
7663035570,uruuk
3359658519,dlitc
2514250176,znqgk
2151578309,xgaqp
5716338117,kossr
6310961582,wiptw
1255778720,knglq
1470092062,wstuk
8861987912,xehsz
5556947672,dkgfi
1818030887,efmob
6741827545,jqhiv
9126664271,ojyhu
8513328515,xjdub
4969371788,bwxfr
6010992720,pxlva
3140888304,qxeyp
8638471741,rkwet
9697229372,tfrdm
9146015658,gsimy
1661057551,xabey
1714813884,qvros
7028831300,grrcf
8764256063,mrzgs
4722637211,tuyts
4706057623,ltqii
8008963441,mbpom
9890873908,ikgux
8085693913,qebdu
8234380941,bauek
1729355145,ooqoe
1923391324,tcsni
5786915285,ygfla
7150321360,klnkj
7858983066,xiinf
2388285435,ahgoh
7980646412,jyoka
9957176851,ytyfj
1777304386,xntta
5065856661,kontb
1508366298,bxkky
5006259067,adhji
9501356610,kzwsc
4971621427,ptebx
5252075700,mxjhb
2729155915,ehnbe
7802606315,drtlo
1145891437,vbpyd
7403338298,slrfb
7277382258,uzvdl
9681663208,xgxgq
3104332888,hgppf
2031648419,lakyx
2593541147,ahzfw
7646473775,zjncj
2584548811,chpdm
6443294094,asctx
3726171702,ikmwt
2904235070,dlcmh
7909567396,pbcik
5857027111,waqbs
9163881177,vpabg
8761290410,pupnr
3378008619,rxvzf
7828541683,dmuuc
7000760180,ubrgq
3066133331,yjqme
8969389821,aubhl
2535313894,svtpx
9905414500,jgrdz
4859518247,wzsxi
2089872478,yrzcj
7827960657,aaofc
6522596924,xwrmp
5076414104,azffj
3594518056,bfksw
4423219839,jpptr
5613231169,jfdco
8831335949,lohon
2085023527,ktleg
9185887001,fatxr
6940977973,pjsnq
9275770798,mlsvr
4653392309,ezgdd
6078420694,kmlbn
4970351678,irbkd
4011048532,dphfq
6657020386,xsuif
8934405864,mjkgd
8627931309,qxefc
5915904574,gnnye
7920868343,mwjgy
3174390758,zrugb
6072429367,yykqk
3879274665,wmszi
8791454957,arsyd
5833466511,vnaup
7940227178,qkbwf
7010913513,hixqx
1634910833,iclso
4134937278,nqyce
1873004033,pqsgv
3380763057,ytiwh
7427126200,dqnhj
4075466972,gzipu
2829830793,uuste
1012596462,hwkua
1040632805,cyzem
9136025345,obfkg
2193490350,krino
2240776127,jzhcy
3946357751,ibmrm
7964741625,mzzrc
1854423361,onnmq
2183103820,zxaej
5783671387,ndmfc
6870665114,bwnuj
7911811870,aewnv
1386823806,ctudj
6561531459,umynn
2302042528,bhdkd
3481140327,pldol
8100070420,tdqid
5164860841,tlmug
3288499734,jofvo
9544019606,fjckc
4306770281,ppwld
8227483296,jwfju
2792470400,yljhw
9050748666,zzlap
9372723816,zgbsm
7069079237,lbbpa
9959656615,kjiar
6846626282,htnpy
7154123833,loljh
9407328317,mjqhu
6108347059,rruoh
3933704709,ecayz
7376642225,hydri
7247755693,mptkp
7453284347,utmxr
4001331606,crncq
4252659924,lycop
1302991050,wlpqh
2163497897,dymdg
6553674590,ppzsa
8803709284,tebqh
1000437546,dntdf
4631946591,wenkv
6944584292,bcuqu
1217521425,pdqmj
7176637951,mqabh
7025157427,jsguz
3361183877,enfxj
9517713979,ldpma
4455953070,pplok
5533884761,eoxvl
2756330259,rmgnu
4263554434,ducrq
2111518666,ymufj
4239426198,udylh
1850153901,oidok
2675353763,iaqdz
2086249843,frgvv
3722007997,qbwmo
6461346039,dywdr
7064225636,yhakn
1475917134,xehik
3539630254,ueuhf
7787696926,dmzcy
5113671167,mxlfl
4104294820,jgpih
3648094080,yfxdm
2938095989,lmypb
4898504533,fccex
6495823274,vgdbo
1505873912,bpdlf
6097948523,uojxm
1285429995,drbbl
1792002546,lrqpl
2264524364,bdxqv
7921776172,ttaal
3705976758,kppfj
6166255589,fyabd
3985061565,dotol
2505641764,pituz
9650317829,nftzc
6891232904,syant
8326470702,pcuut
7820692398,pfwhe
4601057379,bfhpa
1495693217,xiphb
5865347762,wdfql
3631142677,uufec
9098330314,ojdss
3657173404,sbsdv
9354531353,ebelf
6172024641,ujfjo
1401974350,vsqub
6628427927,duret
5045657980,ourby
5916574468,ifssm
2411840821,bfzcx
8298534325,lirit
9936384973,laasg
5570974529,qntpm
8426891265,vbbnj
6059467250,jvsax
5486416730,nvsql
8490345261,xvuhr
9787443918,kaiok
3687638285,nqbbc
5764431668,bvnpc
3811274614,eyceu
5734018076,fvlcd
3092019169,rdbfi
2025016249,mpxlh
2322861220,zpfnb
9479767803,eknqj
2457103523,pwkin
8133304595,ypcwx
8811868645,igoht
2224453381,aotls
2740270190,wqqmk
9311569752,ydfsq
7563555815,ntgmm
5706796775,alfcm
7999577802,lrkyi
5462780185,xuhtx
7107177112,nqjta
3784227147,dmfml
2754846793,xqybi
8583972351,lyfrp
1869629527,yqffr
1948686959,imfut
3716586468,isxtk
3027534621,bsvaq
5718607776,qhxdg
4314626080,tmvqr
9850133846,rcimy
6820842069,afziw
9655439950,boajf
4111313063,vkmuc
8315613958,btffe
2064215840,lzobv
3419699810,xxuhb
4066639494,ilepm
4662069948,adovh
6379849216,yzhle
6971826553,tywzl
9858308064,epyjs
5044017614,xmnqm
1895019028,uewrg
3973774178,rxppy
7854257122,cfuat
5277123945,wthow
8668758128,uhumq
3276534417,gphpw
2195776416,jwsmb
3005643287,oqyzh
1795675379,wlfel
1627520100,rtdsf
5483362748,pvpmt
4737246192,pkawo
4821208154,qtzcg
7567679232,jedgz
3281406620,hluwz
8807134320,amttp
1431083398,kchvj
1409930654,iomzs
8001889096,urqzn
7387164374,mbiuq
7633294263,tomwx
4497339713,aeocu
1156512207,rzroh
8086873878,svswz
1842495603,rbhbl
2706133654,rtrvo
4208053532,vlvrs
1068277515,mkooy
8901420209,mwqbc
7778198223,oywol
6479132088,mljei
6222096208,jjvun
2401311327,ibyow
3948245135,uhmov
4621581785,slsek
2906752300,kvpgj
3548110962,kacux
5068357628,ajchy
2476998254,xawhp
6421592231,edmcz
7815616200,nqvnz
8446728502,gnein
8119383849,btiry
2313581155,fgwam
5004714868,ivoro
7026539185,ncqru
7163315926,aahgj
3589100609,slzgv
7677469032,tjhtn
3555132964,lzrxo
8855607735,suelr
5360656103,pmwth
6379604480,uqikj
5418287619,pvlka
1867619365,hgzek
5922789389,ayfhg
1962661093,xyply
4058177479,alkgp
8256818876,czzez
4224184101,pvefe
2111882511,vfwxs
5170768036,njauo
7402379195,jnuun
8832188388,zrpsb
9279046164,oezik
7782459716,kdwpi
3171229740,ehmyl
4773745381,jjozf
4035517140,pvosm
5008046106,olgif
3237665015,fgadl
4617779988,hkwki
3518585690,vuuqe
9829225144,tpaaz
8238633971,esrmd
9333622531,bmndx
3254881240,birmb
2802660147,fqepg
8214703445,jmfsq
9628412281,grbog
8573965223,fiiho
6913944973,sdsmb
4550486429,uatpj
6052314421,zhphu
8018849739,jappk
5150230986,llipv
4439892350,ybpld
6857862702,dzqrl
3930737725,hbgbr
9673139998,gefyu
9889018336,uqgyd
1473905028,bacxj
4788716572,dbbps
7616354908,fdrwa
7386088046,ejtxg
5202774271,crqws
2789177491,cufza
7802457569,dpdzs
2594749417,zkuoy
5464609848,eybzx
7737392178,qaepw
1745125785,xxrna
8719088877,ynpvo
8886738902,xkwln
6634540565,qidpq
4495432340,rnuvo
7865237516,qbfme
2080548031,mljvq
5293305547,ezdcl
8526598504,fwitk
3459282588,rsflr
1141917284,sdwff
1259010948,pntud
8283753964,iiqfn
3055354447,napwu
3661978641,nvxso
6367823084,kiwfs
9738816780,iylya
3283293011,afjcw
8626678485,ltkya
6523160383,wwpup
6920021538,udvsr
6102712189,bhdgf
3544161333,snnby
5273872234,obahc
8043375100,galfl
1011526903,ktwsi
8611629300,pcwih
5087258070,kfudb
9779875115,kehjx
3306585250,hzofh
5061830281,qyems
5355077366,vapzy
9661343463,brdjh
3904758257,tavpd
4907325680,manyg
1598030503,rijfm
6136278182,osatw
5694822402,tsbfl
2230168229,eguyr
6779484169,vrcck
2540953964,mfgyb
3969373244,lkudy
2218233324,hcqdb
6903092099,edbea
1403418883,yhmku
6712274543,dkmqd
6607257202,nyyie
2120195570,glkby
5984200114,cgqef
9194177355,bqvix
9261325175,gymob
4243595019,rkhhf
9251205782,mskak
2783656794,iskgh
8128167213,zrdet
9610548514,kqser
3591471874,rqhew
7962579564,uqjlm
3886360757,yymgi
2239920862,qwzdw
4656978228,vscac
8551848505,ltqfn
7306863826,uzchl
2028401854,relxg
1407101206,jnegp
2142625099,truyu
8404269175,fqkfg
7945222033,inpew
2570169792,jgelz
6668304147,itora
5539309277,hkqhq
3708567067,aeasn
6825130802,uzjlr
4427496366,tvqtt
6528279626,vckxv
2862301476,tsebh
6911252224,ytkpz
8058353818,kfuvw
8711637515,pzgmx
8039512635,rfjvf
4250767596,bshoj
7862240514,vdkft
4981492492,mayvo
1008316228,nggbw
3508141543,jjtvh
3662497910,pvwkx
5991865513,gyqca
4861453069,bjgxd
8331573261,ignsn
2682939100,flcvp
6043430252,zlooc
3511903408,iuxas
7326481154,nrauw
7883475590,lilpo
9648177726,xtqmk
1794889000,wpjdn
2281068395,pynpc
6896219143,wqnhx
3164516708,mzagv
3618167080,retvk
1727211233,qyzzt
4529366090,mjuzb
1828385793,qaslj
2968783537,ygmft
5302862833,qwlnp
2408150284,fwtnb
5071382324,ksane
7644579426,hfxzm
7800235261,hgobp
6818550164,xskce
8046197719,kjozz
2557104898,kfoqe
8674170782,bmdxt
7008495979,txphz
7773884829,eaazx
7184601676,lxawk
1190848650,fjjhl
7506791743,pmeaw
8542720576,omgib
9321645667,ppmnc
4359947962,nvnuy
9819609586,todhe
9092848657,couir
9425903872,gdrka
2456788255,hujxk
9716804746,qrffb
3840060658,ixmhy
8671674006,mhemr
6736427016,gdlpt
7512665024,estao
9855619753,qkmls
3090541978,wrelg
9758196065,vfowt
6882461316,xznsh
7596345695,irreu
2830232854,tceix
1590153585,jggsy
9753622108,qxnve
7991432792,dxlch
2518886843,pdiyf
4056566836,hyqaj
7031783179,nlxvr
2012988975,xsxiu
4641507165,srzgs
1336965746,zmrnq
1047804060,tgrma
5493808024,yelnw
7515373882,hoofm
9698077294,tljpx
9907393384,hcqte
9981655947,dqtlo
1266362325,amfrx
6146163018,fhndh
3903390769,ryhhd
4792968810,nnnfq
1492740969,zosge
4477307340,cyaeh
9335850501,vsocj
6831381109,twexj
9508270822,xfhvh
1259929910,rbkkx
4467918914,urzna
7382227098,ljxwk
6948409110,lbnxg
9389994728,ugeys
9048934080,tfgup
8455174302,owoof
8410618223,sjtpi
3825445264,etorh
6355437593,fkexp
1783596229,ywtwz
5566161476,qppje
6671299108,imqix
7917872796,uvvhy
3037611274,rsqoz
8709432811,mrdki
9136280694,aiiad
5070944226,ousgb
2506928493,udrno
7724278037,phgej
4194217959,mhbqv
7721349501,hskzx
9123066051,vsdrd
8845883722,hdaza
9623544763,srdjh
2102988978,sdbpv
5953485471,nywsv
4792598298,ymrdi
9462046894,okbny
8630774008,kspfn
4747020360,bupfh
6283688442,fsakq
7878498570,iserm
1346693924,quvem
2073663786,jrqcy
7604841034,pomxe
3991942956,wluum
5968725090,cjngl
8842745546,pagng
4878102490,vqsdg
8769152749,vtauc
3419256384,iftqp
8086792993,njzje
9590105383,iimok
5780929332,vcjfv
2217334317,fdqkz
3189808377,tpqtn
9663570799,kyvbb
2116429669,xasmi
3521063239,kvgke
9000227620,rvqty
4128941005,bxhgj
8469448410,cijcs
3251682735,zgtaw
1988520783,idmnn
5729005066,rphcy
4046349182,dnyta
3043989767,lzhze
4134765734,ggjzk
1323961181,kryyc
8059303823,deoyn
7050242607,oaxwv
4004708931,xzdxj
8804441115,pdour
3543952999,dgizg
1813712157,kwnla
3478543360,yxpkq
3924104432,jniyj
9044986783,kkwrz
5325050808,vfocn
7620792790,uqcfo
9686277357,qdfmw
2758098132,rhsdk
1820424622,fmbha
4784963917,uhypq
7221894199,bhjhk
3600678282,pjreg
6717380171,jjjkn
2179217924,ckdqd
7548520132,jmska
6970018926,ggjax
2411920595,godvp
1026879215,gevpq
9104811924,jdrwh
1712254891,oevsh
9703278246,biclg
6040865979,lveys
6347589586,tanlr
8279339583,xkxvt
9514667404,qilie
2965332756,tsfkw
2450648014,djubj
2007477707,atwvm
8236017085,vdxuz
8263606285,aflyq
4986453981,jcthh
1507508681,pxezo
6308092894,snqyq
1726056860,wlynn
2864296448,qmbhb
5454403776,yyked
9782590891,uvpth
2597802544,oextc
1070860916,gojmv
7498017414,bwfjj
8930480321,xwcoa
1225420843,szsrs
1645638299,vzixx
3016348711,bozyy
7235816072,oakal
8013657042,vebwa
7748680692,uwyvf
1436546028,hhzrm
9587465866,itpdd
1735325353,dhnfv
4185877068,ejylf
9992960856,tljyu
7236090034,ulnhm
7347245561,cldlk
8072037934,ezpeg
5572688927,cjbht
5289799885,citvn
9867265950,xeomk
4028295732,aernr
5976400427,xhzjj
8838814663,akvmz
6485407502,dvavt
7637576805,yyuhn
7993794600,pkume
7762368569,hghfu
2368550541,qlnbs
5645505045,yiaoi
6017011495,kadgj
3104793575,tllil
4488136161,cjpcq
9480691917,envzg
3550096149,bmsri
5568534604,hiyfo
5813187633,jhxgn
3479351554,jxxis
3124296357,nvggh
9083607368,nvxmt
6577388393,zjkah
4154677800,hmwtu
3152471391,zlstl
9454364412,dnfze
1651736447,hwbhr
6614475930,lxftd
6990635137,lrltc
1753539892,twzhx
7860804887,fqsrj
8179491300,ewbft
5675670674,amhim
1605069672,bldqh
8175071341,ooyfu
6699906187,qiljc
3101313430,qkmgs
5182842810,hqqiu
3929090548,zviil
1257537285,ydvfq
6910592991,jbobo
9499723127,fpoap
3682473629,vudrc
9473096879,ysbnc
3515992458,lfstz
9801951785,mrosy
9103365178,ozgtx
3416634389,gzaxo
6655936779,sksnc
6348427051,almbi
6830172616,dxwak
4828563526,njhwx
3787081140,rqxeg
5865934395,nvxne
7053415368,gmtpo
4579808238,ahobc
2598126074,cgrml
8629417270,teurb
2858176151,tpldv
1955061313,ozita
5209740379,ezurz
2039785299,smbhw
8517473163,azowd
8263725220,pwfgm
7029350731,msywu
1301516403,vowpe
3912043355,tqpbl
5126653520,sbvpa
3167224733,jpjks
4808579422,iavbu
3489960838,iriqf
8891659395,vzfes
5897846168,gisri
2735568892,sjqsx
5816217168,xzvyh
3777590791,iozyv
6632402408,gzcuz
7109461694,pucxo
7731351269,wciam
3644386606,zkamy
3285245961,ufyej
7889829373,uykle
9770145609,sebzg
2965399461,oymyn
5258058734,jbmzs
6728953511,srqih
8079943355,gdwpp
4601243724,qjwnj
5771461806,hhvzd
6259184220,sgywy
1725492945,soaqp
9913096730,lggfr
9705396018,ehptw
7713905721,amevn
4057540517,jbhgb
8063443744,fyqtt
5309626834,vuwkc
4086427516,obtah
1114023996,wbdnz
2991018825,nrflg
9569400992,pafac
4408638340,kartz
5554767183,pjbpp
4480976635,mxcbg
5683604071,ewxff
9855111066,tdihc
8612315784,iwddd
7848304088,sdswz
7813230405,mejkh
4750982902,kjcqh
4363581985,arowg
3303100814,pebrv
5614194598,mekkw
8705071222,gklmc
3017358398,xufms
4326640348,hohsr
4301427578,ueygt
5481010813,siduz
8678926901,zeqeo
9397251661,ucrby
3229232472,jgmpm
6572283564,dyqfs
6246111778,lwnbs
4509046729,cxyzp
8081984545,ownog
7921376613,wuqmn
5403244839,qlezd
4151130294,xqsdy
7772787587,ayhqv
7978339437,kghzg
6501053118,rnxih
8578075257,uimbn
4438925711,emvcr
1661118691,yknyt
9961932785,prqdm
6687701529,cprpc
7273616865,fhktz
5921491513,ydcca
7796531312,nkdih
7959949789,eqfhz
3228650988,vuqcb
3583664534,obofl
9983119845,xtyuj
9564546097,dzzxa
5352383133,pfogt
8885673040,yiykr
3198769886,wahpu
6998481834,quljr
4427109152,jmhha
9123606172,onozm
4683571061,akjzz
4253265041,zmzhp
8764466687,pbbhu
4649640106,szmhu
1767968528,prucu
4285814728,vockc
7865375817,guadz
3919685157,ohjpu
5443725001,gmhpv
3868112122,deqcs
8872175021,omxck
8459129057,qdfcl
9222620904,hadyd
7189168100,fuqmt
9387632931,hkhvm
4010120285,kbnyq
2692559602,znzxv
5988041170,huxne
1036126818,wqktz
7055779250,ivqli
6365698802,vbkrx
3920142189,hxndo
7952762088,wsfsi
5433442597,gdlnr
5120911998,jvrsk
5750016315,joeup
3222628475,sdsjd
3786864942,lzkwc
8469195932,ylved
1999113374,hrnpi
7231400985,mtlhx
6734028485,jiyuh
5516801046,gvjcr
1515195147,pwsfb
6512464751,dubin
5313057691,wrhmd
6474481777,ahmvz
7937793624,gymma
8455605028,vtwdr
7232952604,yecbl
7074019812,ylazg
9853763810,zjbbc
5679893738,leunc
5222216053,fpobl
1526589050,pwhit
1053086166,yyfdb
3339474207,zxdgi
3665048870,arxyc
3048369699,fmytw
5057042129,gtxsd
5473078993,zusgf
3480832019,onsxr
7348298495,ikulx
1953511845,tsewl
9408186525,drbkd
4626519281,roxjo
5040104897,yybqa
9507272779,shajr
1851978094,rttpv
5833598137,eiulg
9041357305,mopls
1851339823,mcdgl
2350794047,raedn
9500095194,jpxen
7865705100,tztov
1673441683,bwmwl
9285070141,diatr
8091766121,evowj
2657804126,zexft
2112398249,tpzlf
6931743098,qguyx
3819810684,czvdb
1937485050,idthc
3482895090,bafmo
2427016565,igmnt
5045648222,anmgq
8941644073,gizff
8695467315,ucpan
3959463749,rriek
3371132572,evsin
2823951603,oswdq
5231523323,gqhrp
9771277641,tdvha
2127958373,jxpes
1183569020,sxkad
1983924911,jjcow
2045948504,dladi
6180464012,edzkp
4901556001,fhrin
6369115187,nolsf
2041409511,ifdeu
2219919032,lrddz
6697654061,fydhs
7209866369,cpnvm
4164529178,hbbem
6943313026,dbwvx
6130534315,gccto
5644737795,rqpzu
4492897624,amqrh
5255200835,yhzps
8390780265,eqmcm
9783454354,oskvz
2396290087,ljhqk
8326707065,gtrwn
8654211368,pmafy
7027014766,njakl
3207393257,pqqti
1310584842,pxdry
8188398857,zeyue
7302367594,flqjr
1677704369,gesvo
9844852756,rrvzu
5657469138,hevok
2708688997,gbgys
8455077044,cnzhk
6831164247,dwkmy
4622400460,wdcmo
7986050319,ecgfr
1447112355,zmbyq
6748498478,afhxk
7455557811,kqihw
1295370280,zcfdo
6897112290,ijfim
1385538501,fkbwb
7225903443,msksc
9239955170,eilcc
8837407196,ptvjb
5213414203,plwkz
5663376324,rhlxy
1492371747,farom
6648006534,lzsxc
7976464821,xaiow
5313001504,tpubd
7637914004,nansl
3867630592,ikkmw
8018816797,iqjek
3030422226,tgglt
3947033633,edirw
7321779254,qwdtv
3787905719,nfiec
7861220234,czctw
7664575705,hmsuh
7413931126,ukjlq
7254981115,javhu
1994296703,ifpus
7478829633,xmmrj
5553767231,vrgbh
9651278551,mqtlw
3905914049,kyizg
5736556565,keamy
7024598723,qwcjg
1686817160,crkyk
4589434629,hgnli
2856247612,ysnzc
3774774475,rnpbg
6394592497,ewjzv
3513184023,pturs
7695120948,vtjca
5959980234,sbaxf
4978234490,bxwif
8045171605,pcdug
4588149108,hdpdn
4090570597,zdvbh
5970388211,jrfjw
3992357121,stgeq
9959163884,pxrcu
4016666237,biqvf
3880648500,xdkyy
9090350598,kfjki
5690618576,ccdlj
9615970469,wyjqu
2287283805,zcedg
1150142166,oqfit
9692894323,xdfyq
2192589610,xlcuf
3953388736,taskm
1474979347,zgkrz
4044054771,ovdpj
9946404555,mxtis
7464588777,emmzz
5029404336,rtxjx
8787281222,zafce
6695997239,uqdue
8544987779,drghj
2576606922,xgdnv
6498293755,bnfhz
5511950075,qzfco
8153200494,nitlo
5688084615,pmfjb
7734609437,oqkci
2687315900,tkhrh
1829659894,aazzd
2151456285,srter
4040435602,tnndz
8218138354,xvmsb
8490132436,vleel
7804845052,vpazj
5127180632,abiqu
4579160224,khbfb
8406581317,jdgts
5164708650,ezyyr
4413199325,ltojf
7293769495,hnuqr
2600468353,tnurv
3197156002,tcptb
6672118340,tsfrm
1242580368,uprnj
2483838357,hduvq
1521960603,wbbes
9651221533,ousuq
9620763130,ncntd
5707010748,oeshi
8524225687,gjkti
6479001160,yafuh
9070012812,pvwqt
3186957688,qcwma
9274575955,jbihg
8047428003,tzijp
1624492145,vabdj
1567306733,nmwlx
6592557784,hnqoe
5727840537,nykgf
4103500301,inwid
4813707727,ulwew
2183527959,nsyqu
6520722656,iyzht
2350298937,zwyet
6072811944,nzmwl
4768651318,vmsxg
1921009508,yxfej
7569281196,fhksi
3165681012,tojxs
6853964814,ugash
7427459667,uyxxx
8748414956,eqvun
9981442891,bjrxv
2401047637,osqfu
8693817000,nvscp
6178515559,vsecr
4025252371,xhapi
1648199814,zazpl
9396271630,gcxbd
9849628060,tpbnh
2398879665,qjsty
8516816114,diqzf
8621450427,szqmb
9978172604,dhtiq
6428777349,ixrpi
3215491297,xamyk
7078322385,oodlv
8178605725,zcunq
9826773559,heklc
1178360530,qdjik
8155716634,thalg
9456763875,qutld
5416675886,zxegz
8514270617,sakgh
8426528842,vvlsd
6970168313,cszqc
5787528492,aqhpl
4688094337,mjzej
8123147273,qjjxd
2053343189,gqtrr
3754998405,jgdci
6469368750,hczly
5934753828,igmxn
4843693007,qatks
1114783293,mhuyc
6920508785,gebpo
5578332418,vdlyu
7355846372,qnjfc
6917538943,flieu
3200317040,xzwkh
4912784921,tsanc
4516829022,fmwri
8835226335,wsesx
8134453911,xhkgk
3764439862,pdxbg
2313465124,ktdgj
7377588662,ecrcs
1763937145,bqzaf
5840131181,jzlra
5446144089,thgkz
2465580537,paoml
3287943978,rpero
7047004658,ywpbz
6460365021,cpwgf
7140014565,xzexv
4205909986,hugyk
6266481641,jznvk
1337270744,pzbmc
2262596182,sqlld
3883092852,qgans
7374063393,blozd
5004772541,jazgc
9980110255,dhuto
3552211638,lavxb
9838076411,kcuqm
7916415390,rtrpi
5787518035,bozik
4820561358,kasix
5284056311,ofijl
8611573658,ffxtt
1465154511,apwma
7930132992,yecmy
8984500230,tgskz
2362231204,ymabq
9438019079,vrfuj
4472088481,lulvf
5046170933,cqtkx
3724921821,bkfwg
6885634291,vyxqb
3483509841,laosz
4155849566,lkebw
6634607218,flgqi
6453127737,htjga
5018323172,mxdpe
1537655434,zqwiy
4233873399,dshck
8803967667,unnxh
4240712989,tunsg
2692033070,joftr
7693239183,zaxak
6694881836,ernnd
3179730211,kcrre
6166679941,kfikp
3350225389,ljhie
1407959265,exmms
4841821219,xjpbu
8502632313,sfkrr
6449823689,yvcvx
2131454376,mogvh
7743300696,alfjn
5149101523,azyvs
8092528274,hlveq
6324982000,yckvd
4333213898,pjjyg
6421592612,jehmy
7577105652,suwpu
7267969279,mjboz
8472445238,dcdwt
5807171880,yuxuj
6493845585,femqx
4684966085,ctgsf
6883463230,aauom
4402343775,smvxa
4015307793,suoet
9008269917,sjifd
1501983059,cuqtm
9620332956,zavss
3078455473,crmok
2047710167,vduwl
7671803316,ffyst
2367843361,ftyqe
4983976148,dcpwb
6839519659,rdfkv
3111769945,gnbig
3267492998,rperu
8157301818,qqheo
5800336787,yspkg
3518413703,kfbme
3744991211,vpiad
6910668026,uxsef
9784301611,svfix
2197426403,urxtl
6150853324,lqszi
9995809970,bagjx
8563754324,adpxr
7836069384,eyvsp
4409579537,uyqme
2673583424,ezlsx
8990286913,xrluu
6398666176,ocrjj
9084580187,verxk
2007367814,jgpyf
4147457937,vnvzw
2488600820,zeptd
7562978740,oglop
6056739645,fyotl
3676650465,jbqgl
1630818890,zsjcl
4160604513,mkpwi
3125624675,bsnwr
9918593895,sqfaq
2312396487,uulcy
4226407012,dpccq
6935335844,umvcl
1833790159,leirk
7140567657,dguvp
3329526974,pkiaw
8227245599,ymhwy
2877417333,nceyf
8881170963,zyzhi
3088407713,qcetk
5828367960,rrcrk
7421474474,lamds
3747128137,joxhz
1080002399,tuzfw
4095758787,jcbih
8587308403,iziro
8493589128,trafi
4061251148,nmlaf
4850206383,gsydt
5749832453,ovtws
7529218614,nrbti
4980156202,plnre
3686038813,hhqpc
8900060557,gizqf
5760807091,dexew
2188455434,qfzbe
2835894201,plpgo
8924925859,ywiuw
3588667781,bjbbq
4518705084,jfncj
1160258123,yilvw
5950630434,yzdpc
1645458654,ebbzi
9090628395,umbfu
1773122636,yvpts
5785863138,dzttp
2436869788,vwidm
1071491694,uxpft
2097977000,wuuff
9278129037,jatew
1432152151,cufay
7408510030,ujhly
1972340929,miatv
4934766773,jtady
1407999128,dcsgw
5361391705,emjvs
9656141987,qttge
5763147393,urjap
3140347303,qeotk
8421857746,fjwwm
6540770712,ohduh
4167814210,blaps
7353415712,lykeq
1364044267,zqadg
1891357460,rdjoa
6534430404,ldksn
8170655866,fieff
9392310500,hmcvf
4834783752,nrmmo
2358504137,jceji
6641154452,eelef
2995900757,zzhun
2140788131,ojrmz
7825840334,swbzz
7440907140,jnjmv
6359852198,ojhsg
5298267389,yyrks
7386887407,likho
1492967931,ewosa
6065142365,onvdt
2303138753,njdku
9816452070,wvcnl
6171626198,qljbz
3824678234,blbzd
1003261902,fogku
4361639794,gridb
8019680510,rafof
9632129721,bzrsf
8820485577,ysvds
6988534986,vlybe
4006098906,pkvgc
1457264288,qfrdv
3161090773,rajlt
8803964986,kqsew
2417139805,caetc
9466100821,txrjj
4177119005,spttu
6144111589,tqzyx
9720744510,xpntt
1545386642,leddm
7228530947,uoedj
7149138151,nwuea
3108704606,rzwpz
2503420069,ykvsn
6943336011,hhecf
6665273669,msoem
9275490326,xpgyi
6333357168,qyaqc
3220427778,twcsi
8213851362,wcrnh
4969912442,lvylf
1897598288,qsdri
2614285668,ijhiz
1610472006,ulqpu
8804369035,ljtrg
6323460312,qbjjk
5588313833,aeccj
8491903442,qrxxd
7359816312,alzll
8722959424,dyotm
2867093472,anoba
6158175451,czsfx
3789027395,vihpl
8349216739,zfpqb
9544803903,sbomb
5444864252,keyrv
3242609592,aryxf
1055402279,pwidi
3480867813,kctmy
6859600568,gbogl
6271712333,fkyxi
8628708871,pesmh
9521846911,pevjc
9675368450,cqnpb
8367824444,irvsd
2531889539,fxylm
8456387454,rwaku
6871814502,umkzi
3209361835,ksazh
6225426061,nguhz
2475885190,hcypc
6246909164,xlqir
8802470162,sjqru
4962949488,euolm
1763859172,vyfxe
2795133451,nbyzf
7370872134,lebez
1303218973,zgttv
1349608813,gjfkm
2198783999,beiid
8067390871,yeyjs
7675275104,nphok
8914734955,ahfwh
8796473790,uhgmb
6144703828,dbwlq
1536757781,ipkxj
2090652925,gbzmf
9299530867,urhsx
4892609065,udtln
7462985517,dgsmi
5380855822,vbzzh
3969245705,ihodx
6435451570,epqgp
3614736816,qlndz
3199334338,wkhyg
6778931878,aorib
7087526762,acffr
2042456340,clyim
5086241380,rhgzq
1128733133,lyivd
2084646813,szllz
4186772128,zymha
7289969159,lxjdt
3425458761,yuhyl
3284052238,tjzlj
4571406315,rxqtd
7555853750,cumnq
4360951418,yvarw
5780467544,snfav
7434535486,ygnlz
6956970393,yujqn
6420613396,cwonc
2003956603,ohyta
8510675117,irdla
7075376902,gpmld
6773469781,amdkv
1650653801,uwyqv
2511887844,mxwgy
1067347390,lbetd
6898588503,slevw
1442062022,trcoh
9925476539,jjxha
8543007189,wpoeu
8977129521,tcgmz
8826164586,wleyz
1152594063,xixyz
9503690493,uzhzs
8355921605,tqgkr
7566760361,ydujg
2526284037,fhppc
9818389305,ktmnu
9491431673,wlnir
9350576618,kvdtc
1975813223,knyft
8471536437,ckabd
2490491024,zrexh
6884551980,muzhc
2848000210,wtjbk
6870511998,ytduz
9176389164,aezde
6077965087,wgrlc
4733169549,agvri
6167509949,djcem
9916849468,oxjun
5227622238,vcnxn
8554723883,gckui
5927835197,qxfpv
7158877263,khjjy
3442810214,epzvg
7448131094,zlryo
4245734891,tqdww
5953024286,gfnaj
1096940734,jpout
9878916113,ykrfc
3601696949,ufwxd
4479845523,sausm
4464015854,aydnh
1875874541,erzfq
4436544869,zhxtr
3486121739,kfvwl
8831179901,mbycu
5850228982,afqgx
6388619598,sbupz
1586812684,gbxvf
1516777250,porng
5295103614,sjsfg
6186402601,brywb
6821605922,rqbco
7162770397,lnbbb
3673591454,grvig
9862203376,idrve
3266417648,ihvcr
9400627078,zzpoo
7981546125,reemq
3758917725,dtnxw
9322483972,rcedk
9284419626,nwpro
7245895060,sehgv
4997478071,xijic
3270030751,mkjqa
2362833981,gxwat
2723881435,onysu
6336536974,srduk
1339813794,izeuk
3443396191,nlimp
9246905678,lhgrh
9727398044,nlmac
9779688630,ameui
3335976430,pawez
7712691620,glhrc
8500779206,lrxid
7971789185,fhzqw
4181032811,emjkw
1195027027,ozzfi
1915401100,cpcxy
3270757356,stwgx
5572682445,vlbwa
3490186057,fnhcq
6326725503,zlgyi
4029355823,nkolm
4388318296,duyli
6237130341,tzobh
8897201652,gaiom
8570361389,adtyl
3244493378,hiypo
4824934031,pwrpy
1792355389,ahnyw
7165050413,shqrq
4696877487,sxggh
5317311158,ovson
5098560419,etytt
8896837626,ppeog
2085690561,sfpmk
8825477147,noxro
1032247520,ydjus
4159039236,bvggz
5432691052,nukhz
6860479547,sfngw
1097696087,xmxho
2017956615,ctdxm
1859749701,rfdkd
6968840150,zogzc
6918414251,qrykq
3918941061,ucklx
3563150975,xpafl
2993580985,uhacs
5081349644,fouhj
6122374556,xojmk
8942204098,kwjoq
4759348096,fjbzm
7367745850,icnxz
7232243452,dmcmo
4861829648,avupw
3567727960,xntau
8127860605,dgwqj
7457658027,qymyj
1844392514,umeph
4548209922,ewmos
2299067148,lbgmy
2996590035,uedfc
1874363266,pdlcl
6068016455,oajht
1587682792,oorky
9663854884,ewter
3674897690,qwonv
4758400805,hzgap
1526655455,udtsr
3317944438,dxxmh
7153223173,rganc
7787454804,nfjcx
3177891413,ourdo
8208795104,isqag
3221049264,yilgg
5170463268,kxboq
3660851244,ezeym
4406353001,laexi
5929633137,mljpd
6529013653,yuqsc
8538035622,kcnlc
7973498377,hyopz
5769975608,qjohc
7733947559,lpdyu
3521184245,pjnhe
6933808976,qyfxl
4449664527,jujbm
4773517870,ylyja
3424467310,mppgm
8912571449,txpzy
6036061517,lirkf
5444810658,tbdez
3268787168,cupdh
6908050104,pbwpn
3928689461,kcboq
2758299127,qebui
2196627662,riyuq
2013766360,ugghv
8154704352,gecha
1457416506,gdxnm
5579967811,cztsm
6963624594,sulod
3367561407,wkxll
4908295119,pbhbz
7747012889,cjbeq
4500712416,xrbhh
5246912879,iaajv
3560920250,aopxm
4600462261,auytb
5349864415,vttqr
9313240652,jucqt
1650764485,mhifx
5575143914,zywop
9240086205,arimu
1645176344,cldvg
9784332848,kgcqx
6226183211,fozhg
2168506612,beytq
5396236237,jyvfr
6395271193,ylrxv
2800930374,ztjps
5329277752,ttvgm
1752566422,henpl
9085690071,cwech
6166654758,gvona
4484644406,ymhfp
6619987853,jgqev
3536815516,eavgr
7384196407,hfghe
4917415108,dandp
2687052341,etrys
3876762635,mxgoy
8748796360,xopem
4440149546,cldsz
5484683071,jugzu
6553694739,lrqtc
8011668955,zqqnm
6965339998,pqeek
8098623071,axdgf
6383002511,jwcdo
8395268720,hdlot
3154161688,tetcr
8212370846,idpgd
2952343555,uqcwf
6151665336,grkyo
4934173995,jkcax
3318963153,tfqha
2646331731,hiedy
5971404731,rclya
6208783000,vuabg
1676484486,fpycd
6912677222,alnvy
3665180395,sagdj
5488459807,yklkp
3036425601,cjqvu
8760836891,eieij
8601674559,zqdhb
5041158844,egtol
2093281272,dxhht
2432208557,gaxmh
5252810304,bsdjs
8803464462,xcjtn
9575676944,iptyt
4178152785,cebds
6337953967,fpewm
1037865491,silmi
5269477310,wtvqi
3217011976,cwsmm
2515796019,gnnfn
3438339870,qsdkw
9319296749,illsn
8326082407,crzad
7464950796,veoim
7849310853,lxwio
1421251216,kuzsi
2624303108,czxjc
7546141206,fdhjd
5244037138,lxpud
5132212438,klhse
8825262296,wtuvg
2661072261,uhnzc
8306490294,yaozi
7683485628,ouwig
1464394266,vswvz
5467067513,fqznh
1463854678,phusi
8356091218,eyjzc
6540666032,yfked
4990188393,slhdf
8818753460,nkpvm
6583027991,npqja
8611475386,lzunh
7741126385,hqycx
9888773915,bdpbq
8044276006,qkwsp
7027003277,jkeza
5210430861,vlvgg
5212213300,crlqk
4602892902,arbob
5604140403,gtthg
1944640999,ahkcm
8708572659,wjaoo
3730100480,zocck
1327012422,warcy
9562893240,cuyui
7131369217,frusj
3930242239,iintp
8529079268,tfmxx
6335285745,pctgq
3386812327,fzllh
9366833868,eueos
8712634784,kttzw
9699263439,wohkw
1822145571,hwrgl
3263786187,tkjtu
4652292378,lzisv
7377731394,aifww
1922285532,mtvxs
3304313703,ypyoc
9967867591,bufcm
5916355848,oapcx
3849385580,jntfm
4503326774,zvapq
4590241732,hsalr
7054218210,djrnk
6668778417,zkyxf
6693398640,ldwzd
6001455714,hlicz
6046042670,jgull
5181395048,tkcbf
2872928027,blfmu
9030354602,rjqiq
7969012378,zboak
8827323714,oasge
4108554870,sqqlu
5265182268,eyzyg
1512500616,jlcsw
2774292182,wweat
4476287241,mfkby
9341458601,cqudn
8511500053,yfrkz
6275571217,bhkmm
4543583007,cfuol
6788826718,fxcjs
1745667185,freov
1929802898,eqxai
3126398051,bxakh
2681760111,qomid
9829875709,sikdy
4577589382,tgunk
8665472120,szqkw
1941265978,kvfpk
3377948788,asnzm
1134551086,llwvc
7637967267,qdnox
3623250087,nploc
5755822489,ykbfy
9958862147,kxhgh
2636826245,zbwcm
8511604803,rwyea
1813121531,pelnu
5384271107,fryia
5712663665,eknif
5196379836,cmibr
6054480271,jvphy
5545043871,beuzn
9670670894,kffah
4880774205,avvtc
4709807309,soold
3478629806,qbqtw
9467499075,jksiw
2939963067,nzfqh
3598706174,dslxc
6541974243,ztata
7871106035,zbyhq
6199239411,iptdj
7170858099,ojsag
9852754164,cdaur
6188188901,ytvqd
8880607501,axstg
8479192836,hobbj
1653780454,ubwxk
2391874327,lxnwh
4757592728,ykumc
2263805592,xymuo
4694161104,iamvc
6497411657,sniyf
5853126565,vzwop
2931988695,cmmbt
4864547689,twabe
6268202745,ooxeb
2852165674,qnroz
6060470070,xdqvb
8221585406,vuiol
5893290900,sjihi
7597584453,gbzgp
1941092468,nauyq
4258669113,fugbj
4899299260,tggbq
4829260993,snrcr
6366212010,plsto
5342703879,ypnar
1757008419,ptyqv
2738388875,seams
9079510083,oeogz
3220181706,zxtfb
8756953323,rbain
3335013853,lrcjr
8386732176,bkjfe
6579750427,rgmgl
9499365654,bpadi
4078131303,bckbn
6443990797,awfec
1235871320,mqpxm
6583741271,fqllk
3680885290,poixu
8321092690,wbkfu
3956829874,yqgvv
8274120786,wsloo
5165291096,lqwzz
4716151527,xrycl
9476323246,nurfy
5028029527,whjfz
3418706609,syrqa
2398907948,xvpur
8820195397,vzsad
4306039487,twxlq
2342919265,xpxyp
5226792657,ddjbi
7046066717,okuku
4495404320,undcg
4422765463,yhfxv
8590616520,qmkpf
7353473201,fnkfo
3357298272,mwdvl
7758158132,ipfut
2659800604,vxzuj
2926960427,ptnso
5996632784,wqond
9116819949,ashub
7904913337,ksryn
3195817147,nrxyw
4546623643,jovfs
7823014967,hwhxx
5858802417,bonpa
9039163391,ishlz
9718258525,baota
8695705879,zdaov
2912434344,qxvxz
3887628009,hiyuz
5849562526,cnyht
7564312485,ywdho
4458099645,txrst
1982996067,zzvkv
6242578022,rnsna
7761861485,yziek
1980329947,rsfej
2872780931,tzdig
7836852597,eabvo
7076913001,pwute
2879006454,ernpz
7103351656,lnlvj
3119932487,zlbrz
1769721030,qmoom
3741384515,rjjor
8439649999,imlgs
1047027956,abqmz
4535473491,guidh
2163985075,urkms
5322873079,kzorf
7729676747,apgdn
8604663243,iwpan
5418848267,vkxvq
1336338933,dhupq
2436809450,jecqx
7212219600,ighof
1116242739,fgawg
9008818516,dymex
3910137317,ozgrk
1078719404,nuqcb
1877063618,hvqgd
6645933221,grjvi
9166498877,rgoqb
9886559069,tmmjb
6434880894,ivaaj
4195602366,wcwsz
8860314900,tmhom
5926921179,nilbm
6604422349,akvvy
4363026953,wzwvx
7421948834,gvedv
5570270363,vbuwp
5575234294,fixpv
2601907190,kbndp
6174974186,qhmfq
3179088374,ylzxc
3292781994,qyfei
3938089359,vwfap
8117833021,iecyx
5151637060,hagcf
3522338415,eyllc
6325074786,vsrnd
1283088123,fgnlx
7535032903,rfntq
2917296879,xezeh
1966376386,qctwf
7682849321,tvmgn
7834831998,gigmt
1928963547,ahjkg
7087094212,gpdgr
9741678154,keqwn
3547957147,hepmv
4771045110,rfigc
2088884458,jdzso
7430100728,ggcas
9461039639,uqibg
4242271620,gxvoc
1097780099,lfrdp
2105861885,efbau
1577035547,rblst
3234125247,unfdf
9320579838,uidaj
8639800003,aifii
9632868659,molvt
3210746551,yxnhu
7328009777,ofarp
7112251568,jyfkb
6496404452,elcrc
7758710205,gjfvi
6939124475,peueg
4630656089,hhzax
7150539534,pwmqm
3557288843,mphwv
3303243506,nlyhn
2358103827,cfwha
8509025251,jucto
1021297795,nxppm
5572345371,gxefe
8046080117,ziarc
8218011058,ulfkn
5434565470,zvvba
8508179949,nblso
3192702552,dbcqu
7279278702,vvkrc
2642293789,dhlzc
4572603206,jnelr
8803573420,zlshu
1759058370,rurzr
8078189718,ltbaf
6783674018,abwxc
3034697453,igdvn
5998624845,jjoat
5280582582,ihdya
4514837191,yfyts
6427418091,fsoxt
2827842864,afbsy
9561896428,voikn
5748121127,fqgjg
6743455953,kpety
6485574191,kdsze
3281817658,cfdzd
6819901569,vwxfl
3835412000,zyvhz
3019672184,zhvjm
7785743657,kfidy
8572984234,nrhgb
8244567371,uswlc
1139833346,kzmmy
6934753174,rfmjb
7764622692,udbmr
5831726367,swobh
6972819374,hfhgc
9820116264,vyheu
9129263077,huiqz
2937817914,tjetv
3230133696,swlyb
1012723430,owhls
5688647529,xmpok
7614671431,bthai
9717967250,toaka
5363315884,aegad
4499022240,dvvsg
6944779962,iuduy
6117637138,dglap
4779508912,ziazp
2717543881,ixwuq
9276592778,mdgvq
2731781260,hgiba
1397319438,jplts
2320954556,eojuh
7077254004,akoax
7246032220,tsiec
3515937544,ahbrg
5091013319,teeqz
1597860440,negqz
4661725516,gwzoe
3369388472,nihtn
8297884149,etumv
7582325371,rukew
8542669462,frbqr
5022764257,lhuqa
1264696189,ziuzn
8149846376,jswsi
4520587443,morgv
3092369652,hhbzi
9319386279,mdcko
2221011008,ggegy
9061185973,bukzc
9493190304,txmuh
9376852526,ouygd
5939812095,wcegg
3408531164,uhnbs
7081149670,rqrxy
2202900741,cbiep
8677140476,dnzez
4606854161,szsbg
5459671474,dtdce
4226232395,xodnl
4980930063,udyzg
4250867672,gedtr
7969809837,sdidv
2546779433,zittc
3305792094,qhgdj
3667338262,ofcte
1725188421,wlaqy
6089336270,povnk
7573242987,clhuw
7267610734,mlyan
8917835961,somxk
6526214842,apuph
8349932310,rhefy
6169846438,egusr
4607749843,rvydy
8931651296,ebbvx
5096098589,wdknt
4918299509,ntulp
4076838640,yhgvu
1884111106,lomhd
2183642075,odyxq
1251711674,eodzq
9540817701,ahojr
5265597942,crszw
9590249780,ixsrb
8548136270,kfnyv
6906051122,laocf
4125483322,gxuhp
7506253091,ygdwk
4220555511,rvuat
9438540419,scwow
1749772159,iuqah
3871725392,iwswy
8981999010,mmxfh
9972252080,wfrza
3725478958,ruhkj
3626950141,bibkk
9219681594,dwuya
7977786388,ycvsp
6898277572,stxoc
7208173270,lhykh
2858324184,hyqcf
4883834542,phxsd
3206104872,zjqyk
2701428953,znypw
8267690317,zilix
2721612369,qjwya
1480227230,aixqc
9755817369,scmyc
4290359712,bteex
8421305954,qavoe
9009916338,eicar
4171622429,itrwn
3214757806,lwkyg
6949546714,jjnwh
5506308842,eglfh
5876688739,rgknb
4804134969,pyhcn
9545583686,nrllg
2568613844,qpvsh
4285507438,puhmm
5656890629,ztcbx
4262194022,xehsy
7875979737,tynot
7063780682,dbhlm
7273893358,xygvo
2966613068,tghda
7523997429,erzfd
8061698428,seoed
6271788686,muibh
7657748860,tzjzr
1749744874,aetai
7546835493,eqwcr
2915482771,gyjtg
8047138942,pitox
7852996440,xcnfz
7782520237,cuqjg
8780104901,ifcgo
2949417915,evdce
3516369899,hgrra
7067600532,gtsub
7976495866,kqxkt
3550726102,oqxbx
3074108207,llflr
3406716393,ngwut
5720249911,anxem
7256904245,kpncn
1032541914,qiukc
5091224400,xfzbd
3992713843,jxydh
8657365874,vuukv
9626686434,yemav
6525077609,ufyiw
6136500531,ustxv
5659760349,zxgkm
2237671474,glzya
3753057962,munts
6472807628,qgfwv
7987194284,mphjk
6738817261,eqgla
2332229226,lvkqs
1906246798,bwltp
9723596557,angez
3710732889,hldmr
4344093722,dinon
6449458784,dopfs
6683709525,qghof
2808830595,bfwdi
5463518272,wdqin
8468047549,tpurs
8721601358,tvjcw
4778619609,qqazi
1066369070,autom
3700217331,huyru
7244373797,tfpsf
4118509865,kjrnv
7784405332,tquqx
5120277972,uxvpg
1009329535,cjhcb
1007312238,qxndw
2393369255,ijeqb
6486422698,ccnxm
9746518328,teksh
3452726077,mpxkb
4828621096,dmstl
4545562846,nmocn
4975275149,pwouc
7419767005,yjkot
6713017156,tqkxg
3333772709,dvwzx
8938799693,crvpx
2220390715,bxnwz
8748675796,eizfw
1322345675,lgkrh
2223362480,joyqs
3147330701,iwllt
6716154039,kyequ
6798826371,wafpd
2235731594,mpgzv
6996473032,dwfhl
8067404629,oigrf
4887819149,shqyr
9478982788,qivcp
6189250260,pvuek
9550322309,nmxig
2738815938,jxgos
9256783139,fmcsi
9863795677,jmjzm
8308234141,wtgoe
6094756513,udcql
5181526622,bopfx
4224935767,tbwfh
1360963576,qiltk
9334068437,kctid
7111007794,opdtb
5489962063,bsxmv
7030213974,atlzn
6458914270,phggn
5244313341,elfxf
5836229282,hqqol
6560581241,xeonc
2499612189,lkdkr
8958638408,shzie
2309971054,ibzpz
8461011540,aklpk
4455978832,stqar
7856522573,ebzrm
8212939334,ebeau
4052007370,qveyx
7169081649,gpzhs
4505966247,ygogf
3866797906,vwudq
7280852630,hfhsm
1923681283,uvucp
3377117234,sckrn
3035838559,boayb
3954051178,nwfwz
2228552897,ujvel
6582871186,bbspr
6003938347,hqsjs
3772255186,bnkhb
3590236355,mdsrp
1417079114,mqjwx
8065907773,bubpi
2861802068,jleyf
7894646141,rknyb
7258136713,yglgz
3863897736,fubne
4639212872,diazc
7560639953,cvqoj
1656130811,gakip
3620236383,evljz
3413775193,swiwc
4205753567,lothb
4267959287,kekkk
1313917443,fjwgf
7083711367,zactx
7452592510,yfggl
7565868811,fhtnv
6856181989,aymjd
3576988088,zbfhq
9198900290,prlcu
9525561123,ituil
1991095923,oahjp
1428887712,uqbvj
9583797129,mtccc
5644508498,eqoxt
3260205500,qyhkz
9772022826,hgoxz
8316537636,jjmst
1955739715,ujwwn
2146227430,euwnf
9602725539,kjwsv
8809427585,isabi
7050450112,cuhpj
5126163677,czvel
5033824193,jngow
6691292198,bwxru
6587037391,heptq
6747474325,evjfe
4378231108,zchba
6287613772,onsxr
3691308360,milmm
3028363581,xbhnz
8967986757,blxwg
8571333284,wpmxm
2542576914,dnlbx
3634411327,segbz
2820058995,hdvsr
6423921306,ndsbu
5045491889,zizie
3878707457,dmtyn
4704360263,fdkvd
8255639789,cjnyb
8677238890,rsjxa
5992826923,hhfye
1426850628,qcrui
3882141633,cgbtx
5084903235,pphxj
7516458750,nwigr
1132730508,tmnpm
8999010726,yxeew
3444922663,nbrod
4523681837,kqvlf
4590863980,srlmi
3226522142,uvvph
1736878280,xuhnt
8432149999,wjpfg
6006517525,nmvsu
5916020823,pcuwc
3852475082,bprxb
8529249407,ioemy
2182620676,glgyp
5857417820,ekzgi
7339667904,jxkpd
4653956955,qtrlt
6853730652,mgtoy
2008917410,utpze
4763350074,yzyfs
5379606117,rrkek
9619448283,tbpei
4335500209,fguid
6024442459,dqemv
6575627784,dogvu
4754775710,inlns
9681066954,awctm
1692377900,igwxf
7894103797,dkhaa
1923856915,qdaac
4618292166,zxphy
3078450900,xzkzf
2178407023,cjzws
7851984971,vancl
3027728428,rhcdb
2818264915,ustez
9239463736,zktox
2099139061,zdsma
9290647023,orgzg
4375810947,wfpfq
4182307949,huhsg
9287898653,ykcxb
9489901344,lpfjb
5081608263,advcz
3960785506,ervyp
4926116444,nhink
5133611903,amqtv
9227254663,volzz
8952950943,uprkk
2067449918,drbxg
7042506283,cjnmm
7292508772,lelxe
1615934599,mfxqe
6861553665,wemii
3631437453,rvczb
8839864488,kzllx
9487727518,dvbau
7830142570,sxbmo
4590257354,xmsdz
5263792361,knbmo
6652481071,iepmk
7469994949,uzpao
8401967355,jebde
1384369380,ixovr
6508920861,ujako
1808915745,xphdt
1044741552,ajzfp
3396939432,sbifa
4274119950,ybcvp
4288760694,ttbwq
7500799742,lmmcq
1901037356,nyavz
3548583304,wwurg
2891693863,nchlw
6884656704,qzgru
8440255589,kyepw
8728403538,ntbqp
7128340436,fgtbx
9374697434,pgndd
2157609357,etslj
8807518707,omaui
9950521400,csqye
9057374439,jfvkb
8204316928,wywdb
9632631421,jevpg
4970482940,rnljf
3500943054,zhuwe
7967145383,ukcsy
2626860973,embny
6815553934,xmjgs
3302583033,djktf
9766038889,lzudv
7586736122,fqwlk
8057721643,xjpag
2908090428,mcqvk
4295783872,ehiwu
5081185859,uttgf
2563054848,ypagr
8729352411,gxipp
8162592659,dvngh
1996150697,ofwai
1773265174,scftw
9508281381,wysrl
4196305834,umjwe
2869621183,rwzqm
2453930818,lemrj
2508699710,hgabz
1534573158,xiueo
1456822162,wsnrl
6681423457,nkqhz
4805534860,ehhcy
3230316808,lotnp
6953047867,yxjre
7868466196,fvlsc
9713708319,ugpwl
8782120599,zsndv
7860408409,sgebs
7085225258,lmonf
7319796703,wsvcp
1900926140,thecs
9600071233,feetq
8641579736,opgre
2846165674,ikset
3807840104,zssbj
8791774099,irisy
9507990912,szhrd
2766262202,gilcv
7904731399,zlbwm
7075709602,juazs
1386617069,gkpwp
4872394875,hplbu
5374070986,nkftn
2868002963,lvruy
9705288839,kevst
5247548814,lwuii
7113027167,nniod
5329204886,ufmin
7542417876,zjitp
6933323666,yvjgb
1192894835,zccna
9980459477,lvkoj
2384661185,apvbe
7122350652,eojek
5526519850,mezvu
3603207840,krvze
9721511424,pqfqm
8700812110,zpqzt
4471172605,rzbtp
8938798315,cxidj
4042103787,sjnmj
3713603410,zpixg
2446054455,btjfz
1896873512,nlycs
3057559127,gpyqt
1921045201,hsitc
6947152779,vuqrz
8308537838,exazu
1759820907,tfqbn
3252523050,uvrqu
8863813401,mczsb
9328096013,fzggm
6222296931,woilm
6904552038,xqezk
2080729375,makns
9621750464,bslmw
8123123083,twkow
7982326333,jdigv
7801852761,gfvdc
8749695748,ldyaw
6948684879,rgsyj
5966779645,ifnvx
7912220634,relem
6078017039,gwxxj
7956058417,djktg
3257101226,jbyaa
5910975306,ccyiq
7729729643,acshb
3351793148,hcoqc
9992131193,aczio
2673274805,dsjfe
5140688794,krheh
7411314271,ilvnp
8344982380,gkbwy
8814250747,fhpry
9776046146,yuimr
2065038414,pcpzi
1063887126,horir
4638441781,eoghm
4080801539,levzy
5957671267,gpefz
3667076665,iopjw
7030111697,xxahl
2065774017,rjklf
1035961797,mscnm
5856810095,enynw
2493742440,wqozj
8291129544,guwtu
5750933031,qcapl
3582205495,gavwz
9767725140,itpyw
1006119578,ojrqx
6487862250,fnnrx
1379258887,hfprw
5989012772,dtmps
3285960876,xyczt
5443278633,ryort
8733980368,adhsf
7669240603,nxjon
8500678584,ruepe
5215786933,bbpmu
9198003697,ecnkg
2008305982,vqeqh
1173612875,gbwqd
1486559309,uspha
2289790212,gyotx
3409622158,okqqi
3259436886,avshk
6459136341,blkbi
6696750553,ltamc
9262607417,zrgbi
3128200481,ttbsq
2429809033,vidwj
4168147354,qfbnx
3490079272,mgljz
4702364764,rlcuc
9369538845,pnljb
8720079290,ebaqb
4710741406,opffp
3179856088,avaph
8521141627,wgptn
8100900014,pkvqp
2593942972,lhdol
1015182608,bbhmq
6092910961,plals
3470922195,dofnx
6264797777,vhjss
8280133100,jbjnd
6757669506,rcugz
8709014516,yoqsv
3492833518,nirch
3043742693,uuzbg
2416838151,omrwy
1216099747,zljam
2083995545,iveyy
9185151892,izioo
9037331516,ucuwz
1134061969,fpgrm
4244806892,azclg
5209077675,purir
5931958600,hfsjv
8497820108,ypyia
3034696294,ydqth
5443882937,zznxl
5468382274,nifmw
2993358198,qcjtn
4963728502,cmqtt
3812425706,quomz
1575369056,wpvmc
4216984059,kfdbt
1618479901,xddjw
8481608338,fatkf
7157912715,eewoe
3991794223,smaaz
6405411533,huhdm
5231762484,tolan
3895867696,zisoi
6567111752,xtlrq
2762084531,vzkfb
3323371423,fpryo
7704090328,upboq
5502662915,ujwse
7802562112,citkm
5173836348,pahpc
7447769778,diovm
1427806490,fuwtu
4285191072,cwzmw
6165650421,ivsyg
3787126655,vrhon
8213527455,fxgzd
3707036676,acftf
6221581801,scewj
3278556702,finfo
5171131719,jrcwt
6488258193,eurat
7206239836,gimam
7042276807,tnmvv
4652309216,tpaey
6833729475,eeadu
6206683845,bnsrb
3111120304,debtu
6593125291,xjfid
2535145381,kicvq
8325258526,jnqgn
7861695550,jzlhi
9956762411,lskpq
5317403912,cnvfc
7932646799,ymszv
5018281991,aiyjy
6091226059,emvff
2137282343,qiook
4311791866,yaiqb
9137085478,uqerv
3197816606,tsjbv
4109271952,auqjo
9078877787,ngrqf
8323034015,sncya
4873781233,etarp
6712054457,xiwsv
1134714489,unfrj
3591261481,hblvq
1677274526,tarle
5972067398,qthry
1823376222,hzbfp
5225727357,rqhcs
8386832125,eztbx
4317444589,bdwhx
1020505564,sbzsj
5164410275,adkrk
6498722536,ufvtr
8892149508,ctvox
7044071149,pyqla
6457501535,ueifg
6961971969,agoko
9220854010,hbgbi
3130807692,tkomg
6109089570,ltyqx
1070902303,jznaf
9257923777,mcoya
2294008425,swaxl
1384369264,ghfgg
8906241742,zhbxv
6035978353,uqxdt
7468331814,ivwjs
6600241434,igver
9925157888,rjhvz
4889366186,xgvau
2032270551,ouizk
3798486322,tslpx
7496484037,vdcuc
8772995803,ynugw
2812261333,gsdsp
7856504732,eymlc
7818365611,ntubq
6502776677,yalux
1879163282,vvewi
7187533309,jbouu
4392085120,hynna
2894728836,cnmsg
1076324756,pzpzg
5226904437,bmeut
1871154363,tzher
6213279130,dkosp
4539413845,egzgb
5266003003,suxry
1202285891,vkjjn
7407274352,ikbbl
6127899596,sriye
5799262796,ntkum
1948765628,dtggs
6094645559,kafra
3673685384,uelvh
6655149879,jgayr
7132751140,tdchc
8725749907,vjico
2221157202,beggi
8000418408,imilz
3214687120,vordv
2350960515,dmacf
9108609658,symdl
3053936900,bivdn
3506288334,kbafs
4799081604,oivjg
7608249069,verag
1585288580,uhudo
6412785536,ilahg
5395960484,kltug
1680768711,wfmex
4282955810,eyhrh
9484490258,spqja
3154713955,wylru
4626880516,edaqh
8797618568,anuuc
8132766561,cddye
5033626511,vanbn
7910740358,xfivr
8499859982,awusj
5111105789,okxds
9720701935,kyyqa
6020097361,boroa
1457850645,fcfhr
2316568364,akzsh
5489388920,rahyc
2172580651,qggto
9772638873,blawk
3969401576,yghdd
2945354740,peaot
1909246537,kfpbj
4901302854,kcbeh
6554446166,obppo
9057306784,cwsji
5726020135,cdxfh
7934839841,ojzxx
8865861633,agvej
9423506996,mttmo
8776387501,cvdxd
6816721900,ueprt
8965329630,cppmz
2884111223,duyyn
7379042425,hwatz
4803446156,waycb
2539353371,juquy
7977268845,pysib
5281754492,mmifp
2114872150,jkmda
2572852919,knqxe
3527715106,nlqhg
1293370629,usfmp
8456017921,pvhym
6709449807,lwzjm
6367394414,hgxjy
1347069387,kdsop
9776617163,guadu
2751727324,rkizu
8162423509,avipr
3935198545,uwvdp
8024154024,ixohz
6664431011,opjdx
7964763891,jofqt
5033729858,fwgpi
7597227406,jscjn
3167902905,kmslt
7468647366,urwkp
6364671161,puowb
5678712747,yfkoa
4335934366,tzmic
4713241592,toqfy
2284783686,ahjyc
5227757961,cvkbl
3809743232,fmrhw
1014218955,pzfvp
2896669602,najqr
1256334206,qmlow
2263983342,ppzlw
6991369798,xexnv
6801257955,naqcl
5243311048,cfrtj
2015474751,zidmn
1073806293,gbjeu
9744775354,nlxpd
4790643400,njzez
3947757469,gbopd
6157046438,fxzgk
7680894434,tasfd
4523437068,veytk
6348302684,ossqi
4345203525,ihodo
8307920523,buwzw
1816692515,ubjfi
9583295180,jocpi
9317201602,rjdoz
2959231366,lofsy
6710371129,isnxd
4036955986,lofjh
3159079547,vognw
5875419816,rxasz
9766366720,ovmqv
9084874873,jarsb
4981374367,slpns
2614620138,kkhkl
3191242683,mrqfd
2469260710,srlfo
1091748677,sdnir
4200329068,nvsoi
1460485542,eewqe
4479759844,mzgew
2158835366,ilpil
8319417765,yobtr
8634511788,lriub
4588205661,ptxxe
8757780713,zgzlr
3009713425,odvjq
1635277380,wpbme
5119516031,uexgd
1023081396,vegwr
7508661169,xythe
6624046578,xfdmi
9845769329,jkbfg
7623065056,ntvwl
7712898813,wjcha
4596700188,axwaf
1884759647,jfeeq
3492159277,hblys
1242333729,qofae
1153532820,zaisu
5274115318,fwvrg
7036713918,jfmlp
6865949175,tnyap
3315675923,egeou
2737993291,qtlpo
9531370955,yxhtb
1946031019,kngsl
6610344336,flybh
8444868198,pxcfi
8178390537,ocnmp
3534441298,vrqfa
7835111412,aztqe
1225461708,khtmc
5517604014,axiab
4681728383,gnmet
4383764041,ifaxh
4361018008,hxcwj
5220094839,srnyp
8675197461,ftkqp
5858772342,fzhmw
5029338268,pivdq
6581969396,nucvr
3930159350,qzfse
3939142559,obgdd
3884111658,uarwh
4970586734,dtpgl
9162360307,rtnmn
3579126639,fgxsv
8293111702,amodx
9850555987,lzkjv
5282713646,llidm
7363881483,dlzyd
4416642467,sczgm
1961406063,crhul
5152335089,fedlb
3274197149,riiyj
7001325513,fiojz
6824328335,frria
7168660683,nyiiw
9244248984,jzjiz
4334480261,sbrem
5561179110,ugnch
9346948990,wutzh
7388299917,spfuj
8364430498,awupd
6276673929,kikes
6399445291,saodp
5449862233,hwxub
9043038220,weiar
6012840716,zwwqc
8311749277,qcrvk
3891330124,jdlnu
7315456720,rkkza
7734811847,tacwv
1820230089,kbvxg
3024240689,drhcp
2867731080,msmdr
9479512073,eqdci
2710761629,btvyc
2517414540,ijbbx
6455743472,aipwm
8609444840,grjdo
5011076960,kosmt
6814575126,qcfft
7718406161,cybyq
2928203455,ztegl
4244676674,iwayo
7075756179,hkbas
4706004153,bpbye
4770320468,bwzzy
6023907912,bxfbd
1369557434,auszy
7991276856,zhytb
6851522137,raodp
2197437861,qwned
8441528038,nashm
6463350608,nhcbu
6797848265,teaxa
1334132355,ybglu
4016974610,ljgyj
6628151860,gfbvb
8323718215,dijus
4254923764,uoief
2515663106,wvmsj
9979460873,cvhkk
6687302235,nxayb
9394479087,hasmb
3395639142,hudpu
4721685478,slzrd
3016296103,lvgkr
4942652180,ynroj
2572439829,cgekp
2192214070,wffgt
2694625753,dvqff
5676376370,ijzwh
9304574867,qgqbl
9217076268,bovuy
6074307031,lhqmg
1495424320,wfksd
1613794339,ovnqg
7029547873,jxefs
7739566573,chzhg
1814199437,xhoww
3931816675,pzajd
8866672304,qqobt
1514527738,awctf
4336895743,rggdl
1010905311,zsajs
5172033333,ogxjc
1915316129,vpxxz
9262787366,htowx
8098044088,nybzz
1182440172,kiiqf
9006641203,glojf
3251398815,jfsir
9553559342,titfk
2704131759,owilh
3942367586,dnyyj
3772948076,jcilr
7130754173,ybzcs
5361048798,yksyt
3748780195,hrnjg
1299572660,xdedn
2017840910,yqjdx
1225613669,bkovm
7757889029,bgscs
7006166064,urock
1872223490,brdnj
8089186360,bviyy
8602938827,slyde
4070412654,paqpc
7807253413,vhgbc
9954975618,wudap
4943060300,rlasb
8472651592,scekv
1551482183,wkfwm
4357540006,ugepz
2730365648,aektz
2804531858,zeact
5517296002,vgzdt
8366295721,bxjvk
6401772926,gocnn
7526740496,egzcj
1421835948,ymrbz
7208808101,qsnub
8799783688,pggfn
2380921247,cntak
3355080893,rsqmb
7202301113,xtrvw
3042149838,kqpqe
9182562149,rknnh
1439859510,oysrp
7147575479,arqtz
7546458150,hrele
8973115444,mbcgo
2259967972,ofogy
3701477215,ggegz
8528712442,ujjtb
8499984130,hwxcr
5787854707,htyhc
1659236912,mouuc
5777374689,raxma
9118582493,herwl
4594971949,bloeo
1395500990,rkgyl
8458680604,omjyv
5784912961,uyqru
7811077585,gcjez
5079481415,rsrdf
7317634459,vxvew
2849045058,peahs
8137680482,izzgw
9618380290,xuwsj
5113744011,jxtvw
5393861600,sjekd
7464269582,gszqr
3752765932,qzsrw
8831647863,tvfai
9259112636,sseji
6839132644,gugat
7719201684,icpyc
9312337402,meksz
2161929262,gefac
2495558265,kores
7377974062,uduje
2695722222,ozfzc
8397580951,lgnlp
9168510536,knpae
9816605198,ljyhe
4840368657,qiqjz
7319764341,xmtri
3762492750,cvhky
3854235342,tvttm
9716287332,exvkm
3167357891,lxuuz
6440794977,weobr
8297467898,ccoyw
1413220181,oadqx
7565582405,xsiiq
8818935300,uvutv
8829937224,nbvvs
8168670594,ojsqd
7186547554,tqppi
3277216222,sokit
7043893817,ewoej
6517599128,aphvc
5727522510,nyzni
5194129758,wqnqx
3761860573,ezfpf
4521357503,tebqv
3234599178,wkdpd
5143333112,mfmxw
6017088190,lsyzi
2275359311,idofs
9167266618,irixy
5995717181,toedy
5105285541,vglms
6027564563,lqlzo
8518315103,ywupk
8040518598,suznu
6600062216,qtidw
6586280780,bihxu
6748687978,ntrww
9596398124,kautw
8447040466,gsxmc
4917540612,wzyaj
9894321208,ppeqq
9818007331,vhzvq
9881549755,rgeip
6315779987,qgrzf
9750057444,vhibe
1484463312,kjilt
5107044780,zyjpa
6315384032,iklxa
6026650122,nviiz
1891682491,lyhiv
3770643732,jsvoi
9293703800,unsdd
5878711027,fpack
6105334447,jklir
1469600549,huunx
9840847188,frfoa
7997273074,ijccb
2225033085,xtiga
8737533500,ohune
8864330896,oovcg
8086845177,kntgx
4477631911,cqcme
8373731269,mvsxo
8451183835,gqpxd
2686488062,enzom
1160996374,bygag
9359852902,jpecn
7391606161,fzfvd
3007614638,wdotd
3308378417,qkiqq
7283229709,fqgpb
5882834776,mjhnz
6281861968,pkwtg
6556976310,zrpmz
2663568549,wolew
6643484315,vyulk
9454517698,brdju
2733974847,pbyqc
2177848606,auabm
6930508358,pwbjy
6321278960,wtcnw
6565264253,dvwvg
4736781955,gfpza
1206682702,yefbr
2914904525,jwkrf
7589195687,aenvq
5272529602,zsykz
4153605069,wxssp
6145773516,aibuf
7573713521,kdtxc
9692488709,djzzg
4970762741,oksxw
7080268734,hybqa
3961439322,ojzbi
1952621800,wqoru
3468195273,lcwvb
8550755859,vexmt
4083832875,tcpfc
7706760105,mikpw
1818576437,ksvkk
5924651853,ufwmn
3420312304,ftedq
6102605029,qyckr
1292204076,oviyd
7941309822,rhpye
9365273750,zmipt
4558769329,mldqn
9743257259,etslm
4068262731,smqoy
5744445920,mfith
5789287421,bmyus
8787070946,tjsfu
1896406430,evzsw
6198007507,kfuqj
4695510855,plomr
8895682485,rnart
2285471873,mxoyu
6502642778,ftzlh
2614263397,oeren
1666263270,ujpnh
2971659153,szida
7584512759,adkmu
8847814408,kbptd
7438817583,qsrao
4169009285,wpbai
3105865365,rlnhp
5176898359,ajsaw
6151616449,patsp
9072312842,bsnus
5224486578,qimgm
7863629540,vcnhe
5547678270,vpasp
2514476589,lodnr
3126011205,finqq
2625761843,xthnq
5361855710,kogjv
9666544030,qhupq
8736238772,dgtjz
5588949635,lctee
7130762083,iygmc
3722775840,bwnwd
3168219375,equba
5764553395,yepzl
7273979303,yakkv
6325185673,fnwgl
1894019340,zeqyj
3841561049,ixjcz
4858184784,mboqf
4887996530,fzgvx
7008625679,tsxfz
8904192651,qjsch
2450893914,slpyt
4132012642,lusul
9497940438,qwfwj
8312547746,ioome
7729924144,nckcm
9702753753,ldknv
8255682544,nysfy
9970264503,hdyuz
6933232284,czvxz
2821286227,brcex
2634455543,geofz
9249228664,wsqel
7402071563,gxblf
1008276757,nuvao
5222339943,rutno
1748912381,prnyl
2894701485,dnrub
2049271489,edila
6299424038,eukwh
4660167924,ghibf
6659406263,acakh
1518932486,msdkk
1040166484,ucnzl
5533129002,zcfvu
8655750833,owtsz
5796458090,okjyo
2708466438,jhntc
9837310407,sfejd
5415109219,jxlvw
9161413560,sdlip
3272582457,iajcx
3726893153,ayjhu
9294178619,pqefj
8348631216,njllg
4352374945,fupsu
3951025874,forqq
3516086101,eqosm
7887906568,akpdv
4907174370,kfheh
5653231552,fndcj
8260248834,tyvmo
1487686196,bjcnc
6481469707,wfcjd
3132998780,niism
7727890999,nvoex
2219830116,ctpld
5665296652,eafvw
3375402195,rucoa
7019045476,kkygw
5647500683,tyigl
2522976846,wuxaw
9592569943,xabru
8656903864,baipj
3928917768,wrwnb
2080568377,ygzvz
3364071696,dtker
2678837072,ubaef
7707653093,mzgei
1934623919,lclko
5537078705,vgtgm
4489501463,jzchq
1394555828,igtyk
7458800651,thgjl
2287767495,ijetm
2260379443,ypikf
1433051993,srzet
3647785286,soggx
6854380214,efwsz
8423621154,nqyoy
8333108955,wdgrt
3393489500,jlqgl
9076176480,fxkjy
5815653356,mgaal
4477714048,ujacr
1585009061,dirve
6463411387,putme
3427621663,qixft
1659914592,znknb
3354890965,tdxwg
4619183807,wlyuv
4646496621,fqfll
9011735417,bbvqk
1666418629,vtjvk
8819119945,yafjv
4792636660,hkghv
7970430167,bfjgz
5050551360,duihn
4719505196,bxwfx
4020002393,rixnw
4547267388,xhkkl
5346634587,kutti
8025790975,wtfaa
2491989666,rwhtd
7480151607,oqtci
4002511614,rljdr
6136874892,wyois
9506494805,bhaze
8917410272,zcacl
5174941912,bcoud
2640209830,onrzx
9894169347,tqcjh
9637907440,mhlgm
9393421165,jeggq
3424598359,idomp
5814324901,qezgf
2929618532,mpgqn
9319921075,owfpc
5335321332,asyvp
1567904719,mskmy
8479410390,tfixy
8530630647,uokeq
1986321493,mprab
5050916372,gtkna
4888750709,nrqgg
9943772576,hfdnr
3775680609,muzap
5323570566,rfypo
9123734040,jtahe
4114761277,bmwsa
3527895587,ngdwy
9744353270,vvpig
7149358116,zmrdd
6433475429,colym
4340280092,qunng
3976084230,ndbkl
9431939256,sogwc
5217689670,hbdxd
8627498065,dvlgz
8733519008,pkcnl
2674082954,drzxo
4108846168,hyiqi
4380610064,zjnpv
1718450809,vmoxj
4807620155,qprea
6777296126,geira
8160887826,qdbme
5239171206,sxqll
2381987657,vvubg
9129185474,eoluq
1878219676,slmgq
3715284810,louai
9194729244,pcvut
4167336203,yxtbb
9896298598,pdggx
8346482477,pcetp
3178347754,gzhzb
5878797060,bjsbr
3784854385,qkhkw
9585672288,huhdl
3087896412,wuzcq
7495960637,bvtsp
3291758333,jqtib
2801463740,vzcei
6553282899,hqvcw
9125288363,ctcle
7348670059,ivbnv
8754003413,qnsmm
4829795879,chqoj
2394204943,xsjtr
7004201948,yufao
4710929491,twsyf
6128348969,gkvnj
3531248957,mghwu
6267872334,fnguw
8095771203,qvmeu
1634835286,vlgez
9945621910,sadlo
5552059428,ahbpc
3787738013,ixyhf
9800615619,voowp
1411150927,aywbc
4796236903,hthxh
2649837566,xktpu
8964420468,oebjh
5091923190,dkjbb
9660928633,ginlc
2004305555,gfxew
7372072875,diluh
3560588793,ewbyv
6962882675,yiwgt
6684156726,egwdn
4449414320,tzqed
3167568909,bkdfm
9452709874,yccvq
4130238692,nrcsl
1919415966,bnffg
7980020524,ypdwt
2287934423,hpchc
2278472430,ynmia
6017623684,lltoc
6631981040,tlkxa
7167468643,warpi
5160576339,nniqw
2456525458,kppvt
8819423914,zwsyq
5163817602,whqap
8207820952,mhmxv
7386119857,vliaz
7828772111,akibm
7007285801,ysbvp
1239290917,ntjhx
5890687421,mbibu
3224036546,uroht
6527695119,cdktc
4633229917,msppp
3745200030,pxgpg
6449409823,ydkwk
1158726562,pxdtc
1503300970,eioxi
5638606756,twyah
6960954962,lqiel
8278447526,xieok
2577940861,ymgcd
9602181130,rdfeo
5288302497,vqemq
9231237559,gelov
1138175815,raukx
6561607135,zroex
7348190001,cbbyt
2269307729,eollf
7797229594,ykgmo
1461374068,rydcr
5712600235,dynum
9207886782,efjig
2998402846,chjbn
4654533571,boeoj
7318559823,aktnu
2035197996,eugha
2483358111,tdxhb
7822243273,vorau
9286085352,gasqp
6123934144,tulat
5497663884,iurtb
7483197403,hfsxj
9823884566,cedih
4743614759,ingic
9559569696,dasut
5218205433,dlqxc
5140184722,hhdqe
5939387043,nftaq
2455605471,uqyqp
4563747028,tmxyu
1815982777,idkum
8490937332,vtzxh
4500240234,cpbbk
4315395180,esqjt
9080576010,jdchf
4337493560,porln
4762126460,bnkgb
1695006132,jsmex
9060683404,dqnhy
9449762087,zvyci
3661522613,egvjc
5654772906,nsxvg
7372683612,fgthf
1170898665,rbaww
7537567254,tsbwy
6919663924,kiaao
1338618223,kozgz
1993134697,vcine
6222345413,fnkat
1340254208,mycbw
6040189865,okmvm
2273073025,xqeql
4236510533,rbelj
3884672404,igywr
8099301371,arvas
1191656556,vbapu
5433789828,uxggo
5804227850,krjbk
2050336184,lwsbt
4557069871,gdyot
7000057924,zjhkk
1785788227,dqrxv
4994212381,vqlfb
8435053405,ekhre
7747142791,ccpnz
6606045707,vzxni
9718721313,luwwu
2571474868,hyfxe
9373542795,atszc
5567734445,thmgh
9063967585,kmitz
1761947453,tnreh
5333361059,nqsxr
9672158023,sofkh
7124255310,bruqf
7039034229,recvz
7055870076,riizn
5343827914,nqgcl
5701979690,jnbxl
9815616618,kzoqr
5559193792,lkwzq
6635634710,lzgwk
6104686504,wjwuc
8947617475,kysyp
6303549355,pgosd
6861439939,pmnyp
4273073038,zirce
2574376948,jobvr
3903443055,nlxjv
2072470253,feebf
7915143372,lcedx
6479857586,frksr
3560774606,vsbdq
8464350883,augrs
4047449833,uwecc
8715977973,plfay
4577362981,wpdej
1699890815,hafyu
8759681540,dddag
6994489952,tigqm
7047403656,mgqkp
5184330106,xwugg
9477383411,jcpyh
8494245070,dihrn
4244800541,njlom
4274445909,nvqkp
3754813393,dnyuv
4746704498,golah
5306754765,ztjyt
8856810090,qaway
3435467605,cnash
1045607116,lfdep
2975401176,qiaso
9005314518,twquo
6644484574,djtwq
1743192489,xwnfi
4269445181,wanxx
4168401917,ybdlu
5538441840,vwttu
3535612527,oslyv
4218155421,nfomv
7169319231,jsmka
4174098007,tjijs
8810013088,onsus
9793963886,vczrb
1508493667,ahvqr
7176984288,edgel
8468075500,olltx
4433442934,gomwd
3064392806,kxdyz
3851194577,vjjwz
4187320385,eqviq
7434791585,orpiv
5999007593,lkztc
9480612264,onboo
3063050625,pjweo
9321132117,fkhts
4940378757,sqicu
9031329338,hopue
1194753000,oihsp
1031869027,etavp
6384071624,zlapl
9716224230,mwalg
6458071685,odhvr
1629173451,wntay
3334256827,acudn
7021566527,cygny
2843807087,bnsjq
5123113422,qmfrb
7590755083,hnptt
7691177764,yhbgj
8802131966,bvzfq
3052385671,zllob
7965002209,zvdmc
3745387845,dsvfz
5669536587,flgqw
4400675668,qmpyf
3456837742,wpkuy
9676235950,odtvq
5533250494,hizff
8119813499,vqmph
7991061280,ecpkd
6410573474,dpokm
2729344448,vyepe
9713010186,fpsdk
9878069514,uwren
2977145928,ivzct
2108156393,cdjfe
7929739006,qxgpt
8799800702,ovzxl
9823959593,ogfgd
2953129296,qgriq
9269215293,ffwdc
9321014469,tfnlu
4726016619,sfvkx
8490421218,gunsn
7258928514,ecmdp
2859411455,hsdzy
7410122687,qxnli
2203347194,qlhbe
7739494777,ntmyi
9317534585,woqve
8082600780,fzcbz
9246155688,hhxly
9890420553,gkclg
5538853209,zbxxi
4932431819,yncpx
7714250950,xdlya
1526320743,imisb
4966658124,udstx
1821170727,mvpoh
2458439004,wogzs
4895206533,kxxgs
5659258606,cefqs
1565189657,slpjl
3087515240,iiwcx
2713604391,urfao
8298152416,cskyf
3714122835,vvoxm
4036907842,loukk
6375868807,mfoxq
6368727389,mzbbg
3454165941,rtjds
4253909135,mpyqe
5453550658,ejphe
6076144999,qkbnu
5831516044,ritwl
9085798816,lyhgl
2663945270,qjcux
3314012313,brhbm
7556226342,heydt
8314654515,umnlu
2718006075,vfcxw
3829524457,pgwsn
9570773414,lozxt
2378839378,oocwa
2101990435,xjxgf
7617386119,obwna
5351089517,fzxdz
4787974470,euqvn
2093061489,aajro
4276246355,umshc
6823048923,jbbxk
8858620932,nnnns
6905021747,tzwtj
9116327109,rnglx
4906110948,csvmh
5134370187,uetnm
7941388098,vtmpa
7319786290,xnfbw
1860324683,sktjx
7181261227,exacx
6298634249,kfrfv
5678792605,mzgyz
8720468634,qvupp
4549619902,vxfwt
3803853666,yldsn
5489622377,lzbnf
6462838528,omfhm
4493688855,ugmsh
8514572377,yydzg
6097539376,hkqzs
2993611008,clcrh
9543710024,xzhji
8228227540,iqrpj
7864391643,yjjcq
8725155374,exlgq
3512404812,lqxtn
8213287603,xamwt
7126029585,egodu
3539347265,ahgcx
2586601924,jcspg
7129358168,asswt
3130450858,jhuuw
9357694226,ikowr
5900145805,xlzsi
7624779837,ksnnn
8204382514,svuec
6177638039,roqpr
8036612504,fbyzh
9345623590,yrokm
1553225648,bozoa
7315694163,yhmml
7161881040,csdbk
6367678644,kgtge
7103565158,ergmq
5167878152,hjjim
6272387799,huezx
2133915737,gwnfu
2758280856,bkzrg
3774066249,fbwzk
7345013525,tzowf
3188089812,hlepx
2532181301,sqgzw
7124849920,pjqtm
2061575385,oxyht
3259474106,rkqxb
7369269758,anxrr
2085264134,pltvq
6664459896,zqzng
3905523878,nccho
7254215765,prkvd
4186570507,sxuvi
5887713589,lqxkw
5397628062,vmmry
6265992399,vnxvf
7669246711,ffupo
6100022855,spmey
8371828107,sfmrw
6591779745,sxvae
8648451381,oizet
2711109731,butui
3880203540,ubohz
2048260557,wveyr
3475710324,wzeuf
2958046299,jrgus
4035599593,glclk
2021365640,fjkfm
6720755314,ifpsq
9733857768,rrorq
8127907931,wkfqo
1066369054,qlopi
5831055804,scnni
6755964762,jcnbo
2256729693,caypw
1808098862,qbexy
8302848896,ekgyj
2098102447,pjkqm
2208862386,ivkak
6097283999,mceqg
3342544551,duuaz
6510386073,bzpyh
5638169692,cxtyd
8098991259,cvwpm
3672870614,exero
8722452601,qweni
7605913174,qljxl
1255774652,sjwrb
4288945844,khmpb
2030400152,wtwwv
2917314580,nspfc
8236688809,pxftf
6712411660,zsdcf
8760228671,vgqsb
6273722360,stbrs
4003698038,ecayp
3241415752,wagza
5690167878,wrncg
7557501675,srglf
2846421158,wseqq
2714003463,bgqjj
2245726789,pwurq
7348216422,ixoer
2621003408,cjvzl
2902095556,uiqfm
6589602097,dspvr
3787946103,jatku
4103794423,xwows
8776059713,ihsgo
3788557495,zsxpb
7476086610,jrmjr
5637311822,bcten
5734674449,btycm
5374184181,ikryd
3675473737,ukows
5810420983,unpgt
8020873068,uyxvn
3590190013,yhpdv
8092712203,dbmkd
8472793329,kwenk
3397068820,gyfxb
4875121954,ttyki
4687727331,wbgtn
6414635316,rctlt
5665820668,rgtrc
4109946150,jpugm
9599675134,osgyg
8613453079,felkq
8549444030,hrugh
3304268912,vikmp
5750343047,hjthl
7727882934,orcui
6138936705,srfxz
2620485758,ikdzo
4480632432,imgoj
2926502007,cplcp
4130556791,njrlz
1827173462,pqbur
1408772715,dbims
8809388173,mazkd
3418471769,aqynu
4750871400,tqwsn
8574263210,yxjnu
2326112214,mptpz
4287730165,mshof
6049067282,yomgg
5233108170,yoorh
5877681746,oispl
7195861738,asgrj
4937406479,ojcdb
4535510872,kvnpj
1482650882,muihk
8507592241,dreye
3946239920,swhvs
1394156287,kralt
8080747847,tvuck
9033177207,mcifi
8665799496,dnhus
9937833029,dielo
2707362245,zwvfw
5820601919,adfaz
8354417540,wfygy
7462583199,aursx
9995894524,fpdsk
2016567955,ttwoq
3291532548,aqqgl
5809001411,igprt
1804548510,sydkn
8797630350,fdotu
7675189206,zfmxq
8679000223,qsrkd
6804047203,ntpoa
7731259458,ybvyc
5783796638,kcmjh
8629473836,xampw
8303546212,oilkm
3916125012,kkbhh
2805918893,vtkej
1739169074,ewgmu
8757560244,qkycs
9134094447,svwjy
3484060550,skbxn
5025157682,xehnq
9764049412,ufont
4032141438,wraae
9228956804,ootiu
1862517136,wktjc
5324743897,sqkgk
7056378308,yhaon
2783488954,gqxhs
8578664172,fhoma
3681283614,hmkpf
5878993817,ohudr
4927643197,hrzfk
5213044547,btpje
9451977446,wmexi
9994624818,uxvun
6454316361,jsmyu
3777241985,ljaxt
5783047407,xmdio
5138217419,uzrle
6525369599,rsqxy
9520904452,ryveo
9991248275,fbdwg
7753453552,mdpgl
4470166248,qforl
1528794263,lbswn
5622931415,wnneo
8352199056,nkfqy
7093043315,awutu
8924699580,dyuzc
9105131946,tpbpl
4240293184,cbrho
5107642974,zpntg
3258603548,saotm
6562100426,dbooh
2379881241,wjtlf
2578170537,ypiqu
7459752555,txyzy
2018277480,uwqwq
1240402180,rdzzm
8173694021,qlpnt
4541154834,vhvyq
4280168627,kqhcq
1431765338,qtcug
8806179560,jfcia
6659130685,kzgih
3331531347,wucey
8563151468,zzqfn
2431862195,lbhun
5829949595,ugppi
9888180022,gzewj
2146542042,kicqm
3137080799,epjph
5239677275,napeq
8654954859,fdctk
5845174968,jywjb
5727796305,rdnaq
2480575432,crltv
1143837994,bbolp
3218146017,ltwjd
8701022437,zvbre
1980804843,mmrcb
1335670565,gevuz
4192374955,dywhi
9077288159,cdcfl
4439138934,excmz
1857867306,zbvgh
7691209573,xlqbm
8619071415,gogcd
9680795045,awwtc
8631566522,esiql
2931539529,adizg
9603214612,snbhw
5694049419,pztvb
7993852311,tftco
4200099089,qswza
7499430644,dltvz
6401083983,yopav
7147458581,excyu
2771404448,ofpvl
6086850469,fgmab
2500301372,aimlw
2071625820,namsq
6326169217,cvlwz
9068231850,hsmzb
5645762967,djuep
1848415915,mcdmw
5944656816,fkgtq
1981269766,sajoz
9659753341,vwtob
1715821087,svlxr
4673110677,wjmno
3439944046,bebgu
3379089411,ovwjs
8189840829,gslhf
1998944523,biqjo
9333069377,dywpl
1820643924,pbjek
2811877178,hhufg
9635163267,zpdnf
6439809044,jhltz
1063294316,uisjg
6370013626,sqhoj
5573861255,udmjh
7713558488,akhbb
1507518489,szzau
2634596055,bqsrq
1096440235,rdajn
5838589187,vucyh
9985287528,xvgdo
2077674287,mraen
5970134239,tmvnb
5245134669,kmdfh
4233765966,fyavm
4601162215,jrvof
5999997100,vnlsw
7347531144,gipuh
1176359894,kduib
7124392510,akqee
1186915953,lgjve
9959006119,tsjkl
6516112550,chuaz
6583233761,upofa
1032219061,dnhnj
9489102273,ceiqr
4482461745,hileu
7044382215,jezrh
6541312312,dqcye
9213265568,hchjq
4852007754,coudp
1959139670,kwfwp
7907612255,wrhwz
2241914671,bdmkc
5224037087,qjjrg
6017400526,kindk
2212077735,gfycg
9144805620,uwdxp
4432843556,huntb
7747090106,zxund
6687146601,bwztj
5515170224,dlyul
5090613433,mqlck
4949848768,vdjzj
5740295658,kzhfo
2398598547,qnrhy
2361304702,ayjgc
5148411148,mouci
7519795763,ardpp
2597243360,qevef
3273275859,exoyc
2865384262,nclhi
6277493334,imqij
8455630801,cexmd
9418729528,mykgz
2579952857,belom
8563153809,ssjpb
8070341172,xhmmt
1795626495,rpcex
9822070010,atkoe
3320507139,rejhx
4157146416,yoqgo
9771202132,nxsxu
4082007608,lrpkh
1178785157,njiyr
2121849157,ynsos
8850615123,uqzss
8892837116,guzin
5043214372,nxfjq
2293831246,mtiqx
5095758249,cqfyv
2366294829,iyemn
9733900685,qwbfw
6852527584,ryequ
8871161611,ncvkl
2646369532,ormky
3642244256,owxxc
4970616257,ulvuo
3935657898,cttkf
3171936104,vwhlf
1662699507,semgo
2314507353,fjcra
1102780597,zrvdt
4633694052,whxnc
2559858152,xxjpj
6212028080,nypvp
3643880244,lqpht
4060593632,hootz
1746361353,gfhig
3771352512,oxjbt
2087206163,ecftm
4451697621,zybbg
8959460754,htwsh
4326665925,vdrxc
4734682623,ekvhn
8419412638,wejsb
5495693576,ypyuo
3194557515,pazer
3328690933,bmwmd
2731786408,mrbye
9927417940,dhbga
8693094768,qbztx
5901990982,jetsj
2878077824,pameo
3467082485,ilzac
4952754314,stgkw
4415492210,ncsht
3725784918,ywlul
3871414364,zsrzh
5919706553,rwynv
7550440844,bvwul
7174629332,bajez
5735904812,qjbvd
7129574028,wpdri
2850446931,iegmn
6645031635,lhsrb
5762612003,qfrse
5398269096,otvvw
6382014625,lefgw
1811344385,vouzz
5373307926,evrhd
5654466375,hfgth
9594335927,spios
3590406950,npygy
2737768308,kmiiu
9932650760,upkow
8763094899,pfayy
4187648672,wlrca
2845119159,rourr
9746628807,vacii
6048865742,qlbfz
3618773366,mhqfe
7014517769,ttfni
1673561118,zjzto
2324057833,bsdgv
1141122341,knmaw
1426419109,uoust
2689324677,wwjns
7618548346,drisi
3715036783,lelor
3654868378,jrthg
8807575547,phozx
9759406026,jykso
4000400692,nuham
2417424566,esqvn
5440451174,avaii
2417350595,sgwbz
9594184617,eoisa
1939253633,fjlyy
2489943823,yxhgn
1964127456,avtre
6269221692,urcdk
3563393610,rtbea
6439690268,fkcid
6713224565,ixmly
6334206722,opoam
4245271389,pcagn
5095633553,oiyzq
5102501509,zkuqh
4560835644,wosal
7975148852,bjiiq
8842345099,apziu
4144307529,ykczn
4010716534,jzkid
7144391714,mqzvn
6179103707,ztdjn
5239536102,civad
3289919045,whylp
1973655115,lwclc
1894710309,zvgjt
5724091991,idbdo
7007746648,afhiz
5857057159,nyuqq
2193535449,zlobr
5560253310,giuuw
2468086105,nwtuv
7508243689,vdcwb
3758488828,dyjsp
4365741649,isvxx
4441830986,hsrvm
6950593566,cxwnc
7732068059,tivjv
8693486276,wjqlq
2818567037,xjpgz
2018012378,btros
1058182712,eyovs
3528102510,ukrhh
7921080677,nqsdy
1496178290,qosvv
8312558120,rlkdn
7111540974,ehuhb
8415837400,yqwnu
6228891635,qzpod
3472449128,zpmvu
1590176048,sbjai
7483901902,ecfse
7256596942,ovkcf
9122484810,gyppc
5971524371,tflwa
3926603665,nmvrx
8628811886,jnyde
8533558071,uvnsj
7724152943,xttnl
2908499509,fnndy
3596698424,klqgv
3875394986,ogfqw
1705778357,xqtqn
8016479034,ojrey
7108445299,qdbvs
8828617029,ruvbx
6804096778,raqhw
7220643813,gewda
4446340943,hjwyw
3299484103,xlwac
6349930307,wfmyn
8334973378,kpnda
3409924000,civgz
4860585559,fkvry
7146498546,aphad
9923177824,xwggv
8341266121,cggou
4999068051,ewhso
7765819750,thxbu
6485419911,latsg
5761204750,vjkxe
3583998809,ovxps
2775230866,ehuup
4937720089,erzwj
5986795453,bxtmh
8629988324,avtke
4883183357,apbah
5871367132,zxovu
9712359399,mrmkc
9850274082,wctta
7738694239,atqbt
3656140342,hvmjp
4831425681,cyzld
8224331285,ujfpa
8087886409,qbjco
5907143615,jwita
3064343507,yszqo
9467917450,yyxnw
5009496743,waeqo
5916318890,mbuzr
8935880275,kmqwt
6248740971,gujrg
2311036493,perrf
6372373768,viiws
9759255312,jyggt
1005854840,cxmjf
5975802623,idowf
3164438842,mgjpq
3699788313,agtri
7062988049,lbowa
5304568792,fivre
1249811826,hmsjd
2808890852,octdq
4110871495,aljqb
3678552693,wwwdc
2042947570,rcmmm
6551879750,qqxoz
1482461446,auryp
3618026799,jvjvk
6342791678,fhctj
6503875997,vscwm
7808239007,iiuid
8335074783,duvsd
6049230966,wlrnu
6391744101,unhrm
5948720853,zhjdh
7089820588,tihdg
8891939868,mqafi
2740498738,wcvtt
8322477835,fvyvz
8361763734,zajmm
1664891473,yullb
8050864200,vruod
1014847242,vpshv
2816593540,tzlpz
4736661869,netlc
8941685168,nlmbp
8514073427,qhqbo
6626781376,sgwlz
3171981271,gzkzp
7134399817,rukoz
9310070054,yuwlq
1081799080,jjfpo
8776159339,mnnhq
2565807942,xkdtg
2662624799,wifzt
1704111414,dbiec
7513867300,omvew
3591801024,tyodc
5646522591,lbwxw
4894448683,ggkrp
7418605072,ywfga
5319941423,ffgwr
2941233614,tsfvh
7145026535,mbour
7357921744,wrsdr
3630749292,wkodl
5888370989,yznms
6198380378,wghad
3182554293,pbsav
9402098322,chhhe
4986429473,tddcn
8795330255,chlwa
5700127158,sbjdn
9831358448,vpnjy
8568356335,tydfa
5934262172,hltsw
6951493149,pbltt
4564158571,tnsah
2969801205,tujlp
3390055783,frcmu
7284069619,mibwu
1082462091,dpplt
1293203326,gegul
4209966105,txpmd
9668060557,gwvku
6601561625,fefop
7929056133,vwigu
8902808016,sjasm
6566680363,iymfd
5547714268,untgx
1062191039,qcsaa
5699442340,mmvys
1810301071,kgvvw
7428625735,mcbbf
5508219002,lnvcb
8129065055,efuoc
8522133556,vcsgk
4306093744,dlvho
4041949690,amahz
2982620127,hllkg
2019995715,ewwcg
5038909111,havrx
4547738131,fbdjx
8139209525,ekeso
6362956656,cazbl
2877857764,ppkli
6548344140,lntds
2852783095,ipblg
3966568780,mgana
1091078473,leapq
4006469359,mgbws
3801537195,rsmtd
4626544589,sihwb
4000135570,cuzss
7264894622,ikqla
9197276419,ngyyo
6804355227,qoowf
2304402929,ermra
3097487180,pacop
7067560835,pjfwu
3553951258,gseph
3152595149,atdrj
6096460726,scjbt
3111761938,xigel
3637375563,xejuk
8416393956,uhgao
5744683114,sdlip
6877922487,glnbn
8547333754,jlsmt
2518712285,iovkb
6784396286,zzywi
4610735437,okrrc
9629204694,bsppc
7131516831,otluu
3793555348,wbrzz
7933780373,oyojn
5165697391,ddtvg
7531386342,tvmsf
1029292891,vcmwz
9981306888,ikfty
6329933170,odsow
3682384852,qkwtg
8192193400,olvsf
9459576161,cheef
8619420565,bsbma
8596194854,hfibo
7570555316,mnfys
7145138195,haoyy
4994521438,swmxh
6237412238,rjrlc
9505052349,hyopu
9289679095,gfzuk
6260612178,mvzox
9534133546,ulhrg
5658595423,gvovj
4861756785,btlgs
1973027492,bztkq
8073848586,htcun
3442701458,phrgw
2075992482,fbsqi
5035702734,rxzqp
1172278225,ijdwf
9276065575,dbclm
7004436945,cfhao
1169386920,iaetq
7136294392,rkufe
5622699670,bcxza
5294967747,qswnb
2468921719,tfqqs
9439940760,aypyd
9553272344,ajwxw
8999395939,brbnh
7464252460,vzwpk
9236081177,ogatg
2963159489,sreoh
1753541050,degum
4726417520,dywaq
4133319907,sxzbh
8542980000,lfhmc
1505988543,qinir
1445571955,fstbx
6613111560,csbre
5179053812,mztaz
5259920481,nmjfo
7315109003,ixmtn
8886790500,zirxt
3547854082,tzowa
3625839121,aciyu
2845380410,ajedj
5054071559,gfllv
9514332099,uwlvs
3065774079,pfzrd
3287730559,axyrj
9738939591,guyyy
4716690058,uaqyc
4846906047,havbm
3223977038,atlca
7767832770,zrmtx
4130706368,kfotq
8910404939,snkhh
6495074654,njzab
9087106015,rwjhe
4993486045,abygh
1785990162,nfffm
9160720481,sbkme
5439097224,yravb
3889532475,utubp
6852156307,fyiif
9105554322,acpef
5722535670,iveeq
2771297761,fsktn
9736155294,hipsf
7882818338,qmrpk
2557633607,isdrh
2766409283,fmvzp
5028111942,fmkcu
5027958009,cidsa
6316995124,vvilj
9033388869,mgvlj
2308483367,vense
2110827821,ndngq
5525129844,sxrub
3802459378,ltklq
1757019624,rihek
3348324369,hdflc
3903814288,vikcq
6633576262,cxtnx
4704354884,jtsun
1044669886,rjbjk
5427848328,lzbnf
9787481493,uvyrx
7241206327,mhyjp
6689494454,lrwxd
6987456421,klalu
7984246229,hjpeg
1341917009,mkxin
9982393631,dyuxp
4307063025,sqcdu
7417936596,fokou
3628976520,cmrza
7232902286,ckhxn
2486945055,vnnjo
3019043838,dhtij
9876194281,taedf
9108602469,jawhi
3600572206,vwohn
4623648210,izxbd
8466932898,veqef
2295363380,rcdqu
7439678530,swfpa
4985877623,tmqnu
2579085934,wynum
8949032580,xtbsa
7627100742,pqqrm
3272519300,hyzwb
6184401102,qhwjb
6974510888,qdylg
9386943646,cdmmb
1623831237,mctsl
4790975397,oajxq
2190609459,yofzs
9659421156,nirov
2721370639,pbasg
3191095108,hnrit
7734374215,ctjct
7829215814,lsjbf
8982971220,fzbzz
9319791075,rlcsw
9129506188,tmgzh
5193622932,ookmv
6496415429,qccjo
6629345580,fqywl
8719074183,xkpyn
9640067186,ribje
4103729989,ddyay
3569349143,xlxjd
3636236068,apcys
4862572471,yazds
5612653795,yzque
2825947158,itapq
3715385529,lbrlc
7172047411,txkqt
1082649461,fmbdv
7716274666,mfxdc
9082878692,undzx
5200320834,opmmr
9195079326,tjoqc
3381915336,runmi
7697195530,xozgi
7545803121,qefmp
2050303159,xizdh
7231660722,nvmxv
5821401236,vxfma
7645258632,tjoom
3010057838,hiaot
2832527342,fnflq
7944416041,lwfim
6997857408,sramt
7886824985,jxysb
2464038758,bwlza
9503043637,dhlmx
9716848823,nlchi
5833742498,bwdei
9229712458,ndnjv
8636110440,ftofx
7501483497,hobdw
3531522575,yodko
7471085626,avfgk
7087664520,rxzwa
9269233385,jmhbl
5248138993,cvgpp
8911381809,wirnp
7116330041,kauhw
1531225740,cdngq
6850933509,beyni
6207246792,pxatq
8117908940,oupub
3595099628,uyrug
7209672840,lukbz
8555016469,jxgfx
9992931203,rpedy
8116941164,elcbl
7543094457,jzkka
6734576025,uswpq
7316292557,xfarg
6520503133,owgxg
3091907538,frwou
1870212740,boufh
1434001500,rsyfv
3196989388,jdkxo
2344204340,fjuig
7901459069,jumwi
9992716613,cicds
3250373447,mzlsy
7168774432,rjxdh
8256889870,juvey
8686929343,fmobo
5750672811,fuzwa
7359181381,okipe
6707568696,mchnt
2492984411,ounwx
5292830529,laxbc
1114298197,yyviv
1987395281,vojpu
1800189139,xrrku
3612915272,yembf
7243461581,qzwzx
6429427347,hwqsx
1234587686,sunjp
1514683697,hiwrn
8336115008,dcxxy
4418020826,zxaqz
8456189906,spdoi
4646137136,vrwcz
7282405348,ezflz
7230408255,ncsab
4488990051,djwtu
3245665298,jpusk
5528075338,zxqet
8534362676,xomvh
6941894953,siwed
3991494683,djuqw
4625917921,llaxx
5912185383,ublky
1180808134,vhsit
8138650748,aimjz
3113778175,rccgw
5888185638,zegmk
1312000585,wmgla
9189865565,jyiaw
9367408884,jnjav
8127893849,azhxc
1065687503,hadjo
1483235376,rtohg
5611989713,qoacl
2365428158,svldl
1175288129,ydxmm
7074740831,ebrav
7037674801,gbdqu
5975406615,ruisx
6858046599,jgxxx
1820800293,chrnc
7119906039,nhuxk
2798822589,jgdzz
4900520007,ewcen
3147688400,zdhqa
5556842101,bmnis
9142073624,fkcbj
1048941763,kvnyi
4057520022,prnqn
3057207558,mkmqq
2629378339,xqczf
6733516922,lzoqv
8926610255,usxee
6833163920,jsece
8244844057,binuf
8388229143,pzpkc
1314955533,kunzs
4400011640,kakpe
2800798946,xskpr
5726516559,dmogd
9396291910,ftbly
2372644226,whbvu
7652045194,vtmfm
1251655211,tkhlz
5975615480,fshle
8936298128,dfrwq
9722061748,ouhqq
6990704578,zjvxa
8581101740,lfebj
4289409080,bkszj
3744063424,lghcv
4582092098,jboob
3591415339,jvwon
4290320713,mbrmg
3347100575,fyhyn
6109933935,ojryt
4404201037,zwmrh
2325654295,fffpt
7425818438,ozqek
7498554075,hjixu
1297752946,airnm
6472844973,vwggl
4791673040,axplf
3999378197,koxnv
5801657420,iuhta
7306657541,hfexf
9633808735,fsmwk
2729995652,pfbef
2915382147,xbyok
3760115641,dinks
3730510007,gtjoq
9498456904,djwmj
7892560281,viira
3100845118,duetd
5672665984,ytgzs
9546264927,fpyat
2133292273,ydoeb
6231937471,edyqj
5137201569,riufl
4652957693,nucgd
2992000706,gpnnz
6353435445,eetsd
3365796489,fwfpu
8225939369,sevic
7965461473,edmea
4978999846,dkhmw
5948311843,dilpg
2813813914,hyjot
5334231181,rzgfn
6814889113,otvqe
3476323620,kjcno
9112471612,vtxxs
3953362720,tnhbr
8868717119,ygljx
4517698197,pulfr
1672369358,scjjj
3509051818,dernu
1593248362,rabum
3627719822,thbim
5543004348,zewkx
6715202597,riytj
3975707031,wtzbq
4921073247,krgpn
2618851334,mkvzs
8775810567,ayrkk
6923894642,zbjwr
6679810014,gzpax
9226018573,jmfbz
8916108438,hqzoa
2001617688,hqxep
4199081520,ihuva
2352993674,lucrp
8961236053,iceae
3845322357,eezbc
7470677697,yxggb
3884930024,dafgx
5390983547,wiatx
1296103771,glgdt
2676378056,tyuic
8861981625,rwoln
3922658430,qukdt
7758864058,ekcyc
3875817014,vkqqd
1777179974,hmjoz
1686542401,ihtmx
9534787447,lfzrc
1463420877,vjfgh
7633193173,sklig
8147129321,gwyts
5270339349,yjlnc
4894266493,odcvm
3115117592,inhzi
3142572477,olqed
1381618586,ibask
5933432600,zogwm
9718476663,febgb
3286620784,jndch
3271462225,qwgbn
1591134428,gnvxx
9411895948,vrkao
4127072712,fcloe
3643582833,hrmxc
5573146617,oucmv
8569414561,iajvs
4699587067,vustk
9471161092,kxfld
4556004630,nhoxd
5945915980,cunie
8827985090,xjpfi
1737993045,fqpaz
1473883921,ypwpv
5022476565,gseya
8809748775,bwphg
2427707854,zxrjz
2191958379,saisi
8723628655,qinaw
3757381524,zuxot
1631915906,xgwxm
1083217182,irbid
7377159398,ruqcu
5233433497,xsjpr
6695577088,wnthw
1484574531,zszgt
3825613796,cdjlx
4448051168,erzbu
2780128517,zeffy
3945071531,gbonp
5160460736,igyvi
2831243425,vpmfg
7786582119,gpkwf
6819490819,okuyn
5794345584,ingla
2228513882,ezfzo
8694886430,hrogy
2135061086,zgsnp
3282329788,ocvok
3607718288,bbozu
1635060992,nienh
4432719496,kvgmz
4804668297,bjgwf
5662659617,ilpsc
4774751116,oygdw
6600772346,xmoka
6175873262,ektxh
8000002179,txbkf
7282189086,uxigm
2233879030,gxyoo
9882788852,nfdhu
9037813683,xhguw
5309260051,jrhxh
4743093474,tpiri
6864071576,ustmj
3526870957,gtmdn
2749730160,aiirr
8258842481,fclyg
2130795689,wcmde
5253875807,bpkxl
9320086757,ezepq
5425718442,jrbwe
7447903667,givus
9106617994,gvzak
7580750013,cxovh
1729781564,ogmte
3004626053,pfqix
6858059586,jbsye
7222341807,qynlp
1010242472,xvwbe
1261334953,wallw
7209023277,fbuxc
7698589920,hgunt
2774464733,xvhnh
8937854212,snfjq
7608427265,vzdpo
4630425093,glawp
9087679432,uukcb
1280889568,cuecn
4423835392,tgyfi
7253339858,mqduh
6422708895,ejfqb
9217989806,cgehd
2209782057,txfxw
7115393139,gfkbw
7666118048,igzah
8242967699,xgzwy
1284102245,keayi
4239811656,adspc
9878702028,ebdwz
4966171183,exeyl
1371705279,kdwij
1367008431,ycynn
1165806912,fkjew
2571951117,iipaw
7508897622,jvonl
4574767796,kqhle
1712022071,vclzj
7810833513,iggro
3130899734,yocai
1662997901,lgsga
2175149944,jyoxe
4399038157,uxups
2084476888,qdtsi
6410524032,ncvsw
7649584586,gkcsj
2035599687,opqqc
1133253252,pygnk
6718225745,ykjfj
2023607623,qozau
4028865198,hkpus
1707987878,zmrtl
3316515722,qxpwm
7319397956,uqozw
9082077833,ekwlp
8694304818,rngvt
1944209292,ikkin
6713962477,mrtbp
2556556582,ukeea
8404298904,rdnqv
3794626046,naxuk
3226449992,ajgsl
5868331468,pnopn
9890983312,szajb
8241583857,qwqvg
2616356983,jmpgu
1772191396,wdawc
9341406049,wazpe
5702816521,yxemw
4736316290,xnbjm
9694017451,ujvql
4872172799,jgeot
3260006825,pifov
1522883995,wllzu
2579181016,phinr
7935827693,thvvw
3860255750,ivith
6579215754,uxuzm
5495154741,liohv
3668217419,siulh
5646559893,sxwrc
2083446718,gdone
9144343526,axmgn
5832051081,exkfx
9591087137,azaqb
7053333110,fvxno
3430754661,vimvw
1324030162,vfdfe
9472381579,hoode
5500048209,vejjq
1964367683,eqlri
4326901294,nlphy
8652895967,kexvh
6193173470,myvsa
9448846171,ntnuv
3370543929,yweun
8881945392,rinzo
1697276215,jdxop
5227900268,nsdxa
6899242659,iaefd
1451789886,jcxgs
6149328748,vdsmc
4977760945,htyfw
1047090959,denrs
8048856058,egotq
3531340628,juvpe
6706198203,xmcfo
3476123440,votnt
7126142295,hftyj
8601853511,mddde
6638779570,nxeyn
9903678010,kghjc
8663186641,uvjjv
2270641980,wgzia
9059267313,wascx
6067521122,bjdfj
1437788579,rtftp
8286755204,ddbmd
5506389591,ourjd
3842342806,uggcv
3577892397,oioze
6299353049,okcyf
3393071428,dlhjo
8573063671,rfnxe
9930787372,bhfrb
8741654543,czcme
3705790481,mdpma
6434116422,nhdvq
5032395911,ixqsb
6138966374,ojlep
7532921169,dsidk
1999624592,bajqc
5481170413,iiofs
1056851754,nkbvt
9433544006,cgiyd
3221158112,myenj
6627124649,ttbji
7323835470,bemtb
2355735793,ctzmc
8811731573,bryap
5968320471,ieftn
9928472620,dsvyl
9998369697,cfkfz
8006531900,pendg
2405236327,lfglv
8158345071,yspah
2078167429,hqtam
7466119468,aaajg
1174324844,uzpom
1425242467,yvoen
8839483096,lntiw
5949890318,qlooj
1256043945,zaebd
6949300041,jgjsd
7102254769,njzku
2770541583,jtrou
2146678892,gnkki
6856050386,hirzi
4702723358,xquoj
5875980450,wemny
7315285917,omvhh
9976107719,qxxkr
7746566032,rsfyj
6689821234,dhtff
5859383613,baeeu
2816701186,bybom
3014068559,jykhz
2477814396,payrp
9404901139,mqnuv
4102739191,tkjgx
9098689893,rmwyx
2851743601,ibfhj
6528613798,ayvgs
1140575190,wcrka
8508542955,omhdm
1600969306,oxpop
3790145645,epqnb
4799185594,uhqks
3510696200,swjbu
3475490194,vaoko
7179373057,cprpa
6862815421,oouip
1096983685,hkcia
7966633543,uunrj
2598816996,beick
7495985135,xyqnu
9006265353,sdvkj
2780666068,wxkdv
9501055384,likjm
7310630797,oaaeb
6756075747,vwuaz
7075293944,gnmlz
7625165478,wonce
7812860195,wigel
8554360719,vajxm
3818473066,ttmrj
6169642970,ldavi
2565162083,fjfbx
4076966120,plvaw
6913532007,rxrbs
2847356204,hgmib
9287094068,rpcvc
4334808740,kllkd
3784524719,ufwys
8456401181,fzydv
3439109912,msump
1072483805,icfsg
5341789779,lqfyy
1193574460,wjgpi
4255229456,oyxxk
2973112660,eefye
2664957685,ujbck
2783525329,iiwhj
5198194747,dwchs
4445916781,cmuky
4704594397,qsrit
3198086864,pbuet
5552479144,jwemj
1423030705,hxhwb
7539319400,epyqd
7283526536,scbee
3986564004,sshge
4695756014,isfjs
2104218934,theal
8647818154,vtitj
3137920727,sprpl
2672576978,lcwhe
2106165630,nxdyz
8353362149,rfjdv
8800816026,mvoxl
8173027963,twyaz
2008003247,yxqil
6707402934,umpfy
8276732397,fbsal
8888106077,bgldd
8870704091,mlgzg
5214515706,oehyd
7656601648,jpxgl
3447447830,vowvw
7355725943,qsvst
3782211268,swxvq
1256824934,krzld
1819958794,qdgcj
8585083630,toqae
4550203159,lbjvn
8367114266,rciuk
3719706534,ftera
4807501605,defip
1014435918,zpzfo
1460104609,bohcz
4847247048,yepwp
2165312996,cthte
6229802559,yfoup
1659342614,lofjt
9833845947,iaecj
5768652409,wmhuy
7715056432,rrjxx
7599197130,qrisu
5928295968,ogryv
2507972225,vjdhb
5158396532,jpwac
7435767782,wsscl
3262514360,ajbsf
3052413340,hqwxt
3177198186,stgll
1529937048,ttvda
5275355811,wyojd
6350148938,hqxin
4634326686,ubzke
8142208593,hzzta
4705787896,jikmc
7303142956,sbkpc
6146399767,yqdmj
1597873079,tqvmk
4242044057,ptsxq
7234683417,peqhn
9086272558,kgtic
3436642282,igrkx
9423635006,htpwr
4383142496,qtctg
6618064995,iqibv
1576663151,hzpzg
1047509515,afntj
5246556834,mtsbt
1693354590,sltxm
9605935960,ejdjm
6670479878,nxqrf
6897937219,xfrls
3721640104,pkogx
4705074195,amtfn
3674587676,hmjvl
8378590309,dgyqp
6092541542,vdcsn
3313275762,noekf
8195681748,kcpcf
1536816260,rdxyw
4079470264,iaceg
5378426152,ennkp
6908915066,pigdt
4064310037,nsawu
7955497034,ndvmw
6212439413,gmibw
3838941925,uangq
1237020571,rband
4877268011,frogb
6271380580,qsazg
3904697694,qetls
2859782316,wzrke
8160807801,vissk
9437059834,otido
1937180997,hksoy
9827877896,iywtl
6999118084,ndmpm
7704998355,chcfl
2068148083,mgnpc
7132843849,xbhkq
6684769694,utsgv
8032615510,qogpv
9680765741,gvsej
5668223872,rogmz
2334461687,pyjtc
1361791504,fplxa
9140770571,iulra
2778766040,vioqy
1938659083,hurbp
9130951631,bhdyj
1389412012,fkqoz
3838945315,rlkwp
2365831218,mtwmq
1670650264,elczs
3327865046,kzeer
1913150364,zhbhm
1525012177,yzied
2431446071,exuln
8664876862,dsmne
4069292685,nqfcn
5657372560,ltteh
9774597758,awywt
3212347807,wwojp
4723450463,ysnvd
9665728827,qbkrw
5922603282,oirlr
4176503485,cgomz
8626203596,yitld
8842553801,oelnu
3387069033,lsdpg
7884635347,atvvo
6599564573,ryfmf
3217084288,rhaum
6032428706,fzjkn
6265105386,ivbuj
6869758368,bzdpl
4173299820,mlukc
7105220538,ercst
2866649660,ljagk
9971771756,zmftp
3739389852,mcymb
9926308511,cwecw
7854857836,sdsfg
7601762630,ezjqn
9722991418,kfkqz
5557286710,puric
7600668586,sqfbn
9409923168,tbwjp
6491565743,aekhs
3004776562,obdpi
9874769301,hrwko
1200261340,vinzu
1180649973,egnxj
7064482228,vfpvq
2129950875,ewaoi
6950798408,vwios
2940191272,zpise
9069566917,dbigy
5531025705,zbnrv
3707251023,uwtvw
7384937368,ojcpu
5318943248,jnzmk
9487929514,kxxmk
6356728198,ptbye
7768957412,zocar
1724061553,bgeay
8918016477,gzili
3778584966,qyyyl
1618109731,ikaow
7395107086,ouhzi
5336930360,cbwnq
6915367635,abwps
1864988283,wwfkr
5070480811,rjzqh
1176582304,qjkji
7820231720,zvbra
5307814311,pupae
4760599299,zmpiu
7815996850,ixnky
7821577800,zmznv
1221249696,utedk
6984565682,zkszk
2772726655,vnvjh
3391884235,cpghf
1779930283,fmmuh
5061489024,tijfk
8472206474,rnsdd
9178770758,gurie
7278347121,kcjkz
7525753874,mneav
8163650964,cxrct
5903995695,wmlnl
7398941602,ygeau
6164097814,cwcwe
3767586232,vyiet
1736533126,gtzla
2696943088,strce
1147896590,hrghq
3085389709,swrtn
4340908299,ayhws
5643064561,dqynv
8344172415,jktdc
8793873931,tgkfh
8984839341,iuund
6532698164,kcjxr
3424716870,toujg
1008185761,ywiql
9590355144,xummq
4311136200,geifi
5112131188,ntlan
4923125427,hrjbv
5617469745,olqce
3796573081,jrhyz
8327433947,zmqyj
2264185983,anllr
4944867667,mtubk
1647228442,ptghk
8711595501,ypqfl
7513864216,yfgdu
9399899816,wdelh
3631944072,ysjta
7916530661,kuvyo
9725200611,fylxd
9643127384,dnhtt
7872281308,wgkth
8035600690,xluhk
5149775065,ltkrq
4647981103,zwzqn
9293381900,xpzbv
7771368528,nhaoo
5081203991,ycwmb
3646962510,rbafd
5551735762,nphuo
5144097761,swolo
9271218324,ffrni
7027749925,kzeeo
5204023553,wuqpp
9696499305,gxywp
7636066898,nacup
8476207673,fcslg
8976113508,itcuh
7220620160,mtuyg
9824070867,pmxhl
3177803568,orfmv
5239355824,qxtto
8689039177,syexk
8444428535,zyxky
1493218805,bhjzi
6318592594,zfomr
1294006041,pimtu
2500601925,iwvtb
7614187177,nbllf
8083543773,plamd
3934191373,slaoi
5849832862,pmjxe
2816806840,nspmu
7581709632,lffnp
2103760277,gwzyu
7169659750,hprjj
3349247167,gugax
7171187302,esbns
5338544521,ypsdz
2308523577,pitby
2382369327,glwwp
1667848486,rgumj
3203388549,cpcsf
1250131545,vbvzv
2427509680,wsegk
5088201634,cntnu
5112595544,xuhwc
4740000527,hrbzr
9061260907,pxhps
6064696765,xbflc
3695314063,qklrv
1543286916,yqglj
8988541619,heipz
6780029234,pwrec
9847388328,rwgwz
3156978354,hrjyi
2171122117,bycoj
5669382811,gehyg
5542436558,cxutt
3969297459,yxopg
8569684171,huhwy
1544841885,pckfz
8814876644,kmszq
5116338662,kyunr
4546231460,ejtcz
3147269799,cokal
1266759664,rorur
1131879077,rpmic
1405524918,lmwrg
2340726869,cefst
3292659200,ehmae
2364743374,uivmj
5232559733,yrspe
5029423797,qsvbw
3297657670,ndeut
7309306711,uccyi
6940107939,pnoqz
4825436442,wkndw
6003800336,ritjj
1062083417,utbnp
5567410338,leoms
9616372927,afrdd
4431900441,ehsdr
1738374338,avgwh
7474711808,hixlp
7714706987,tzqvg
9518138982,rigwx
4195103863,snqid
7178240271,gkkok
3323398828,lhyqv
4277079468,ddeck
6427697190,mzzkg
7954963676,hmmxc
5592128012,eggfq
5833324841,dcvhj
9072396242,ijjfo
4590876382,bhnfm
1804930360,pxbdp
8855086688,swovi
3505746531,pxtsy
1566998945,pzyfq
4527577586,pmnok
5255312374,ojcsi
6976552238,aibyy
5113171307,cbihi
3476809826,emjmy
2233272128,xtsdj
5064413861,xhocz
5778280637,dbrsc
4719221685,nuobl
9309494934,xvcta
5851905745,osemd
2061321235,cgwsr
6998389913,iyoee
9109517126,jayxa
4970122521,pvqmz
4845716248,gnnab
8621276373,qellm
5270749882,yopvg
5981250403,xudyr
6787477323,ddxbf
4282707059,quvch
8773800733,enepf
8555376847,htcie
7510948022,ohump
6993356874,kiwtr
9729959912,ygowp
9656699392,acnuw
6318771601,cpbqr
3448761455,cfhzf
6517947872,pwenn
1480959767,eyflk
7560692413,tvljg
8831412017,pxfok
8960546496,odqyv
6067650268,nuvtr
6188483586,viywz
3810991704,suzmr
5642043367,smskf
4863729346,eubmm
9779654589,clwnr
1715005573,dmviv
7005246711,ejjiu
8544994618,hceks
3927563455,tbuiv
2557082686,bddnv
6474042062,mwhyv
1950340934,wkwba
2539019623,bsvtd
1314849092,bptqk
1991822128,nrxrl
9495192510,zvnlf
7474874349,dbwwq
7971044368,purky
9278089866,zzlcl
3254158255,qnkas
5770312440,zrqrk
1807523168,opejr
8860981996,nkgaz
4181589631,cysnf
9324954090,zjqre
7577460255,gromt
3766553401,rilwq
7898199654,sdgxd
5514068755,efyig
2255407147,zhjms
2488703629,evzmm
8288525783,mceht
3462380967,tvguo
4656322115,sbcbm
9541264982,dbrkv
7012441323,exyoh
9357253085,yzlnz
6044211090,syeyd
7786579068,ucfvi
7649646148,chmyt
9032010191,fcunq
2235035000,mpknw
6390734161,wwekr
2192464389,plizv
5456228458,pkxhn
7790094925,omuix
5762585947,ezkax
7234960419,vruyr
6760735192,wkyoz
1669556042,qezab
5890673429,eunyq
8529886163,cdrda
4550107041,xsxtk
9127937119,guynr
1107747737,kmisx
1602180333,bvhka
8054959436,otkuu
6518188003,vfsms
6026011596,udfjx
1932011421,qtgtr
3612051432,yeuwt
3681041248,udmwi
7466808453,nqdss
4949601761,upgzo
1581024535,xccpx
6765212236,azvcy
8746604822,okjjb
7849215639,oljjd
9057613623,jvqsg
5787074254,csjwt
6910318883,yukub
9120603520,emcpv
8250696794,jxlml
8605515297,zosuu
8384647414,xriky
9687952515,fotmw
5670949334,zhocb
4284635626,risfs
2070955362,gasht
4889167418,hbqie
5886473826,dcicz
6736892482,jclnl
7343531219,rgkwl
9293902021,renrt
5007913381,egavc
7151654126,artug
9943938340,purzs
2131248466,odszx
2523378981,owsnj
5171399521,sblth
7669092416,udpte
3304472831,hdnue
1478782611,dtvri
6217156201,ycctj
3595611650,mysur
6731221766,gpfcr
2664816289,zejyy
6190187236,nbpuv
2910228829,fqcsd
7934588038,qarxq
4501005640,yobxy
9802668841,pcopk
1515744849,nxvjt
8987932495,tvyzs
4667770480,eoyso
4705299321,otoat
4672049287,bksek
4807456157,swpmy
8056318047,saanp
5416474258,fvhar
4780660283,pffpk
3964225091,rfkgt
3267917935,qhbxy
5727762364,ngjhs
9814269388,paujy
5551595486,flmgb
6359637666,wpowu
1877319248,kgvwd
8605557205,dvkep
6685676964,vqnav
4045258042,ujqcd
9861880750,ozsrn
2069305771,rhswh
2627223164,wqkus
7777475976,zzheo
6669182514,sukcl
8307120754,qsryc
3829566501,outkv
2279621924,ypzgh
1190723278,bvfeo
4793631934,mnbaa
9229078982,nkywh
5460064213,qtnce
5285707860,uqjip
1547081242,tzbtf
6203076570,bwrov
7218215877,jtguu
1453100444,eogwx
6157402202,qspqk
1617504011,kwqxu
2322721951,bwehw
4781981085,klbvf
8920626886,vpfdk
9455515802,omohl
5637097426,kytga
3036510966,zyevj
3338866578,alepd
8501786494,uxfgk
4409463579,elnbk
6491307984,aalwe
2495954881,pibjh
4834361230,vypdj
5648682988,ogspl
7434972188,zfqsm
5529928376,udekb
2151805152,lfydw
7566240368,axvmc
1491139476,hlviu
1213321597,kjfvf
9177865016,qtaru
7828883274,xhudp
4937145170,dmlty
7472802222,uyvfh
4529228157,bymcf
6527848796,chseo
7036814879,xdqrg
5993315330,ydubk
1581955830,qtyjd
4869030639,sivfw
3771027314,exbyu
5159348019,cacio
5694729824,dgmch
6496324990,wmapv
5518841202,hyknb
4703012764,ooptq
4936047382,qaggz
8716407155,zdcog
1825559722,snisr
7157962453,pfsgr
7993700505,hzqvp
1462305719,tmgvy
5354906235,tjgvg
1155476807,fssmk
6455790659,okxuc
8430670980,qgymw
5791636600,vfsgu
7736267117,pwrcr
3976059710,kdcic
7162236806,akzca
6922801682,aszdp
3290539749,bagft
2106892604,dcpnl
9424101381,wszqz
6980235307,zqgnf
9322187101,olyng
8169306853,rxfck
3340916694,gexyr
1429401034,tmtiv
3734983720,dwjbx
5154624967,msfer
7565556483,znfhe
6869235256,cfhsz
1800421478,yvsqd
8054965407,nfyym
8326523658,mmnmc
1110115756,ndope
4307138675,jqhab
6007331947,yksmg
2604143424,helxc
5323756582,zhxov
1532405669,nwaqa
6595085730,ejiai
9954602339,xcspr
1319277844,otgai
1189263584,bhmoq
6796700529,mexmt
3255496411,emzgh
1023218049,wxsms
6084175961,phoqf
8270260920,laiop
8789266121,eyphy
7589310923,yctnp
9060472702,npbge
9902602919,tfali
2648700073,rviyg
1262779783,ljvpw
6003863080,mkugw
9016019505,vraix
4974379331,vkfuq
8191320569,gcysa
4968843226,nfqlq
7232824197,gzkzt
9116590166,wlzhz
3537235259,zaghl
5759129261,eklfq
7857553791,actqf
4689904394,zvkeg
3917191917,waaxb
6834278484,lvunq
6959894221,hbzts
7807086397,xzxwc
8689438602,mkruh
1946820508,adhbl
2089515717,gnrlt
1252472518,unurb
5210135976,zmwht
3153467534,meigj
3020082273,hhwvy
4492477189,lgxlg
6244922763,ykeqx
5149635408,nqrwh
9450603239,iwyfd
9558936324,gelur
4647392580,foyje
9669742401,qoanp
9615712282,wasgv
2696587250,ccbao
1910567434,rxusl
1641499917,gkekn
8096223694,xeqtn
8358099814,swmwd
9159663870,zelfu
1078551138,zybwy
8396953649,gchzo
6824835437,brqul
9643989948,dbphq
8947260853,zvxtl
5674387040,hqrdv
3016137304,ycdjc
3413958940,gijft
6600899095,tjwhz
2302057284,fqpsv
8018937554,aqpsy
8311902838,gagto
9724928580,hczyr
3550674738,rsijl
2874134844,hcini
6906563374,jioha
2090795827,ufrot
4939663786,mywbg
4363947426,xvpwc
7737230967,vuejb
6013462591,eyycs
2774988868,lrknn
3799631217,qnojc
6890732326,gyrdy
4592219876,ghprx
6369211674,bzqrf
8701407507,xznas
5863899388,hoctp
9800433486,tnhgf
7883191830,oauxp
4212393433,jaesi
7945203394,xsvvn
7870903171,dfpgh
4172032164,lusch
3261495509,vtjrm
4857342752,worow
6685203963,vxaxx
9835722184,igmmi
1758802933,lisis
9849627750,sysfz
5319324065,jmshg
6519556910,rjitl
2277670077,kjkix
5616014741,dmepr
3865810232,bjmqj
2212373593,sqzim
8607087077,vpcbw
8324093620,nqxuw
1991813858,mampu
3217509429,arxjz
5208917130,mgxwi
5994308696,utaet
6685489325,sycjf
1139250768,dnngz
6862593188,jdube
4825109756,yofcq
4783942923,ljbym
7492568701,seajj
9107906077,gldad
7170847486,hozto
6537624063,wdddz
7583335962,utwut
3825952821,qerfo
6450732618,yqesw
2876986964,djbtu
9372226021,cujah
2725359108,ixnte
6241529770,qsxxk
5608644835,dxbpy
7292065500,tbnns
6412954056,xhtyx
4836290209,mhruk
8703818501,umbya
4113397408,tvnfh
2792391047,azcxl
7447833283,ikjkd
6662131113,anzun
9888615504,saawy
5876159518,nkkww
8401142901,jiphu
6841412533,cqtkt
4521124418,vyqtc
4993449917,hlhlb
1974199044,kchdr
9161841146,routb
6513994532,xfxzo
7729439104,euozx
3734458531,cawrs
6225304842,rggcd
9565170900,qnrvo
8245953788,cinnx
9787176210,bsejm
1678198322,nopja
5655140487,xqwtw
2361062236,wrzkb
4089043330,oxlnt
7179280541,upiva
7126071101,gsvfx
7585930326,pecfp
4654139650,qtbus
2256775088,welxh
9670947491,wncrv
2336164103,smrih
7089919119,ueeyz
5903459838,tolqa
3822195013,qtvnb
8116894544,eorxt
9709337106,dbtdd
1989688976,kypib
1796420448,okkor
9895388076,teylf
8475401063,wmpmj
8359212054,azwbx
2107757444,qnelg
8218468355,rvzau
8962694857,sqkvx
5584244847,zptwx
5696209101,rtvzg
1660906969,rqnsp
5896165790,vtwui
4564749074,tzkwl
8367405744,gwkzx
2976945458,shegk
1840957625,yhdft
9997143673,yquok
6370701269,zwhxb
8346404501,wlelw
7830700309,kzufg
4410104176,nhljr
9407322374,typhk
6002040632,zjoll
7804957232,jmejv
4245549932,vyswx
2816708201,jzedt
9703303101,kwyzi
9062726572,hrvwe
3016308105,ndwgn
4478052300,cnmwz
1969966103,ndcum
3859872451,ppkvu
4050669698,fkxyx
1047279054,skafv
1373234748,fsvyk
9322877524,ovcwb
4143162209,okyfc
8655346056,acqto
3024473820,qdizj
9413301704,yehik
8109808360,metkn
8892180307,bjwjl
1223094588,yeyuw
3478626981,jqadz
8993618553,fuzha
1309047828,omvcp
1882690020,kytpj
2115613746,kvylp
7865908533,eqfek
4866667647,vianm
8779924381,urpbm
2345784737,zubjq
3228826860,gxntc
1336773350,xygdd
4967205562,qlend
3685872762,qfhog
1789761235,imuvs
6849117621,jptgu
6273335694,esryf
2785855782,cvkwm
1796251992,crglw
2600430145,yebvc
3257976276,witqh
6703942327,nebwv
5627816136,bmugl
2946189607,dweow
2820962922,hjukd
2803989396,odpcp
2369554780,yzugu
1999329458,ejwwf
8250325372,zhaia
7513610601,bmeae
8262992613,zsnsv
7526244760,nivic
7228002086,yrkyu
1087507449,mlocn
7933432113,wgorx
1514906055,lrfan
8826154039,lgynl
1073869199,csybp
3383110482,tljby
3716337650,pogfn
1500795256,gifiz
2804830172,ffhpp
7735998814,lrydk
2105258995,uxvke
7349484441,uppua
3754477357,esdqg
7608659372,kqfpk
3260252411,klwhz
4698917095,wjvfz
3474611132,cbvrz
8473464475,khmab
5919217922,nroqr
1223185101,ajufo
2901654088,trhhb
8008473629,rdhbp
9664755468,czazu
7626307209,kwyxq
8963592873,rpbcc
8976137175,jmanc
8906552942,ivkem
6641775717,ahgtj
7080275789,fhnzw
2719147619,kiyqu
7840205846,qvpde
5674641595,snzya
3250964455,xpkmr
3948346770,edgam
6740030097,rlrqg
5513460889,irzqq
2225802125,gtglk
6084892556,tlgbz
1646776884,htsvv
6432469409,befmj
3117216323,cuonk
9210621046,ofklq
1994781583,pxiuz
5644679066,optop
4955285862,hytge
2081786930,hmnib
8328239120,jnais
7039155845,rovcs
6996546412,nivhi
2948296872,uvvsh
8470089402,nvosl
4997899399,jwfnp
2395845010,vhpxc
3511184960,fahaz
4252729000,ufcva
5823680957,akbwi
7321768673,uqexo
7905902304,guiet
6005452798,owbsu
7012435224,gqrrp
1100694601,bften
5607843556,ikwze
8787533341,hzmaf
4169200231,epqfd
5946475079,bpfqo
6293377017,joitf
1360512736,rtcvl
5325080278,tdzie
2518853435,zkkjq
8378425663,hseno
5782322157,euoxz
9137990524,sfevh
8781676336,wditu
2813803436,qkchz
1934081830,gdzye
1058022126,bnivv
3951291735,socoh
4811622441,qojqu
2801651582,lqvgs
3006596396,utbqp
5354967092,fzowo
8826697659,iuunr
9439069017,jfwdz
1337409290,olozi
1871617194,ezkio
3337396105,lsmfg
3985558232,ewobs
6611118020,acyur
8424253994,pzqrp
4820595772,ryxpo
9580092362,oqawe
8075803866,qrzvt
8674104953,ikkrg
2728230742,vygum
5375209066,fnkvh
3906369052,gtply
5587198188,ywwoi
5246657058,cnzzu
7396427222,kuznk
7665933346,wolei
9586654171,qunuf
3088203351,dzqti
5796296570,qcwiv
4713117858,gunnw
9363628887,vdghw
5755703508,gholc
4500164957,ozezd
9834365791,tneks
4385469164,lmcpz
1073132110,qexqn
4354097527,lfhog
3809702855,fvayz
2558353097,jgvqx
8694196285,hevbs
9013417326,hflej
5220731903,iykqw
6683281526,sxnsa
5632282230,nivgb
8863912046,nxkko
7968145036,vimyc
2346969822,hkwmx
2354728071,ugtxa
4182494378,dzepk
8190690783,tgcfo
3843237382,dokvq
1548091527,bctnu
3324647719,mbzqv
7023634974,mlmyb
5428039478,rjatd
8852485832,gwfqd
1390131860,cbjxu
6989132004,emyza
5977449621,xbzkw
3555247141,bouik
9570136534,sqtly
1615924486,bngfi
2020534378,mkyzm
2380946234,dzehy
2296619875,fzppn
7421179588,ffrep
5649558722,iutqt
8156081101,zdmoy
6764451722,mloqo
8535231146,sbwhy
5298198906,kowbo
9997926765,gxrri
2285191796,kikdr
7858408993,pdeed
5494227673,enzrs
6072442126,odvbz
3766211693,gimqi
5504781786,dkyjd
5685148852,tepcr
6985158799,afawd
2899923985,nldsy
3061611761,pfnoz
7930887648,efuxl
9898089688,pfkst
1761052549,gqqtw
9851054311,ymrwx
9003471140,nomdx
3963887195,zfrch
7933998297,rieyn
5071768509,gotcn
9367164554,fdvtw
3780482905,tktul
7360150091,cgkzx
2261896599,fzuph
5992556979,swfau
8206565125,kfgzr
9519944318,bpsrl
1254685417,mycpe
8149043918,hitof
2502877659,oxubq
6607637728,ovupc
9799494114,aixen
5360727075,dadfk
5763731082,wxehr
1826993456,ijzzb
8002063021,ahhsx
6294984915,yatqo
1934415809,xojnu
9497676993,jwlpw
9352524063,besvz
6851071148,hpvtt
4315584751,setnh
9227327463,rhjmp
6130889368,skmxf
2517023163,veobc
5307101142,zlxca
3537615856,ytvir
1882037374,xzill
1014383117,ityud
4865993069,dnkzh
4350639540,wxhjk
6635442955,ffhxh
1875025464,qsmrc
9873926702,wuuvp
9549250641,jxzrb
8040767048,daoov
7552571315,hfhmf
8258884678,efzsz
2085290888,tywsy
2424343014,xxzmm
1654308377,etmeo
2698241826,cffpc
2883945227,retsv
3749851156,luypu
2661511403,lfcsm
7358951932,nejbu
2894290226,ffolk
4846582506,liqln
7652016543,xwulg
7884994442,nedwj
1190154369,fqthx
2048233344,iefau
8267967917,qured
9466630269,aaego
8532852109,lksty
6153434912,vwlqg
4993120438,hhjbx
8996111041,imclk
3297527627,ugbvj
5019224655,sdekr
7873374465,myozg
6235241862,gplqk
1563632208,prxzx
6635318616,zxqbp
9341742880,gnwci
8793851412,dxdad
1373722810,wxdax
9103474218,bvssf
5089774474,akpjh
9221317471,noujh
6085065066,froag
3545569031,llbrx
2143127938,wrrro
9113371924,hpfcr
6230794978,qkflb
9062931124,xurzv
4611451936,imrul
8451647652,hqwon
2452329244,xizly
4405847302,oflaj
9468973469,iprdl
5030739791,hdraw
6556700192,mttby
3147272828,aatdm
8298036880,acrsc
3494729788,tiskq
4108628143,suqcp
9263638997,jqrvb
4179077941,qrrun
6070485182,eakxy
5495388468,hhakd
7949084775,rhllx
3210906506,ymyyw
3770164466,zvdzr
9383692988,wsner
3866656781,ciiwg
9901619040,iwvzv
2410329468,vlakn
5306894031,ihbms
8006892636,yrvhz
2894793957,kubdp
3471623440,pdyhp
9362097567,arjwl
3319470179,lguyy
5106517802,enszk
8367621013,eiyzw
1381758297,insrh
3638867483,ytvju
5577331473,cdbjj
8436775134,uudrr
1332780533,drvyi
4249372238,epkrq
3742234559,ifujx
5749683080,ycqvg
7369825931,krryf
5323577027,tykof
4130727844,gdzwv
5492638626,vuzre
7818670816,qwgvf
7269395604,jcitt
8578103901,awfpg
3675762202,jgrhy
2885228439,hzaol
5235722970,lqdat
5781206545,uhuei
7275555042,syoac
4328522493,vjrwp
6701407015,uoaip
1203703757,wpens
3022088189,qltga
7647732101,hddsk
1236583534,kpfgf
1938923175,xtegc
4371813195,bkoll
5731497841,ffvik
1519905688,xwtxz
5961712727,erxrh
3318034367,nvfat
3776248634,elvyv
8733601113,qpkqd
9686954425,hrucg
8961667949,mkrzq
5768058783,xfhcm
4551897626,ttjsx
1371982248,dupsi
6375553779,okmbd
9278179692,sodzl
3339040154,iwxlb
8194449288,bomxk
4578717771,emqtk
7066041645,axjml
1227580905,fjhwq
6777248167,hokxl
1427488052,aymax
4489412859,capvr
4947313755,cbjjr
6184899175,ropvo
3333817188,aicji
9948522036,obtym
5297489379,npxaf
1093524266,hufrt
1697308661,qtciy
5822529261,iymvc
4893784222,oigrk
1491696225,odzap
1839905839,cpuyi
2923074716,zjrbd
2183129186,knnvn
3670761864,ojrai
3942741745,vsgws
2056467540,ijvtw
7576046944,jizlg
6448297646,rpabw
7419524015,onfwh
2899522966,qjbpk
9386767555,fryyb
5402207976,tekyg
2695380318,ldylc
4160728381,skhiy
6050934630,ujdrl
9376161495,rpnrf
6984691830,revuu
9380299648,zdvgk
9103414254,vldyt
3573198997,mfkiz
7180818728,bycae
3015957939,pqeqx
3714389870,jatyj
4624040374,jfbda
5747956404,hnmqg
9531677479,hqlsx
2339697647,desoe
6996659092,qlsbp
8848171895,eyzuz
9452410346,omdsc
4431339480,qycof
9663546419,twqur
4819454746,mmteq
5947578928,qbmmi
1573664221,jedvf
6239355622,jperx
2170538242,pblhd
3643981901,lgail
6013192296,wwpqj
1564961949,rokjb
3641896803,jzruo
4501084453,yjuij
6241327890,vemjt
3088697781,szdcg
2891440883,gjxxl
5036120424,rjtjk
7013364763,xhmau
8084198249,ruayr
1075168631,zyyam
4668648769,zeogk
4088120757,rjkkz
8901218276,gglkc
9347336687,crtnr
2211164793,fubpv
3049726004,chsrs
4691269361,krrqr
5870550089,lfimf
1757777972,rzzhc
9555716527,hiuxs
5149697854,jdira
8640992500,fyxti
7360035572,toeej
1367747553,gthyi
4753709835,xlnxf
5017229182,fjxdq
6362613871,btvnv
8812937759,tmjln
3021515885,ctblw
5083886194,fharg
8786737676,bzmic
8168348836,vwmyi
5900961930,tqvhd
9415206262,ejbmv
9160928226,xflpe
3816296476,genbp
9706293029,yxojp
8463964686,lkqlm
1055463168,qmiil
5553014063,xubpu
9386181926,mywct
4342202295,lrubx
2428530523,bndbx
7417950488,wxick
6671869865,qrsta
8921301092,drakl
5782200919,tgoqd
9874815853,lomcj
1323697409,qbknt
8876122383,rmkxt
8182246580,wxocm
6715426547,lusox
4346475349,pnpdb
3813581836,xwpsu
3422265200,dsxff
7915218726,xlbnm
3838844931,uvpfm
5425946091,hqidq
5357827810,sxyvu
2773583636,rgbfn
2103139266,yrfek
8644657259,llavy
6979961382,khihz
2335286693,ihcqo
2731452462,djlxw
5045990053,knnqm
5878741392,xombg
4368813816,zuujg
9334786507,ygxpd
2759028986,wjhzv
1963553465,djfyy
6092085175,gzahb
2044406962,xmjiz
8830291822,vuunj
5423263200,bxjwt
8202480058,nqczg
2220616489,rrlnz
1682446093,ooxcc
9896070330,zuefc
4594775775,lbiux
5097480001,duvsg
8738012321,stiqv
5912525240,pbnzx
1117866491,wbvuh
1173589211,rltrx
9832210244,fvltg
3284171903,lwwia
3928180370,vbmsa
2283353211,fawvd
4039359299,hzvbn
7083656036,djfkq
9814416667,fjotk
9366413951,tyyei
8087658817,hyrej
8953508782,rkcun
3843285038,hqgdq
5097504025,iapwy
4645319514,ojrmh
1847999641,yvtaf
9655688296,tscux
4011004705,eniff
4556349173,zapzz
7974261927,cugsf
6114486412,tvhyo
3017397236,wfmzk
1234404109,vtbnj
8538724053,zagrn
8588386276,oktff
9581805842,axnix
8927434110,wwgrn
5294676688,pqvmb
6729751403,gdrpx
8163301893,nhgmv
7621979632,vqrpu
5654294617,aakke
5208498975,feuyp
9601655335,vqkdz
2986706647,dzegv
8627261438,ftofi
3350456211,dwamw
4143372275,tcdci
2383342752,wrihj
1623887345,ggofn
1788575819,ablbr
9432796895,vuujw
6735971683,byhoj
6306236993,vmhhd
7078625989,hadle
4777205317,fklsq
9206653951,rfhtq
6099666652,cbzdz
6853381582,jqkzq
1909749864,dlkqu
8268948975,udwtk
5485944114,xizuz
7975530052,cybis
8457651381,yntkx
3879444651,aaxvb
4041718317,brfqk
8365852907,azepn
3709971353,gdkxl
5785743994,gjjur
1352615840,akief
8009510245,qhpmd
3464795622,xrsex
7693873419,whkxi
6361562910,kcvne
1368235772,lucgy
8110002822,atkxe
4760499716,wzdrc
1390786303,dehho
2341838544,psjrk
4820138716,pzded
8578741772,btghw
6290167285,oeprp
6026610147,thyov
4886660781,vjmbl
9081242587,xhehq
5200463005,mgvys
3164665109,itlog
6464090504,vyzsj
1488734588,uhcmc
2606206494,elxwz
7683363270,nviph
9132178712,ivypp
9005046718,yyhux
5942448648,gysvh
2540696148,qnqyf
8953678246,slejv
6631657805,vfanb
3785826109,ahlou
2775069605,ihswe
7965101748,lhfes
9745346013,gkvgx
1443851058,cizim
8036301662,hzqdv
8379452087,uxybt
4479685953,bmgkw
5210722046,lwxcq
8502742350,mxtqr
6975076764,rarfu
4255127846,wntpk
6967717220,mntkc
7869191781,xdinf
8981231379,scvsd
7048471505,hhxih
8658723384,zylyh
2801168390,zmptr
8592611078,ubisi
6775800435,nemwu
5504573344,vgxub
8261968768,hovwh
7653272620,jhvtx
2407975469,bmgtp
4539041510,qdhyv
8223639463,nhmhw
8287808162,nxhnz
9902608197,emadl
2299957630,upaaj
9003450058,wrwni
5025763486,czgiy
6769316534,xitaz
7381065651,dejfz
1542918722,budeu
1553103316,gplel
4125428010,xqltw
3125904882,kuums
2917938570,zghqq
1754203404,nrpwi
6952616244,zrkcs
3161871818,ijswh
7758625147,cimkd
9455759736,xrrtq
7234618614,voste
9694110336,bczyv
8855070467,ibipf
8302592958,tzgbr
3124350808,fuxpz
1972094821,qggeo
3552674070,vltut
5808482647,oqlnu
2678624231,aoyva
1411365297,uxgem
8075442120,fnqli
5100017352,voipl
8655522668,htnke
6099071399,sgpta
3051796597,pimco
7428767079,bukbq
4851959726,zyqwe
9256279348,alxot
7722762824,yhery
3101307976,lorfy
9159276069,hufpd
6971438296,iyzvu
8930319232,lonzy
4870232757,arqjy
9363986935,hnqhx
5255600058,oqkkx
9892051278,ykebb
5778603976,vvkle
2201665835,oybnq
5926304848,mszdc
1894975306,pdlrn
9305043596,koxtz
7213695585,clukx
6828000891,rpzjv
6038875021,rhxni
7011151375,crbab
5945714676,lwanm
8637508654,gqqij
8129580586,twohp
7196846480,pcngz
6787730692,vtkvl
9966633630,gppmo
7331617848,htlsi
8971342201,jfoqj
9942039553,epikm
5083922549,sbjog
1297448095,wenok
9208933725,mzhwe
2491972722,pdumk
8268904117,xvhhm
4669669393,dopnd
9231487820,fptvy
6413775858,gzzlv
2578040356,gwvru
1589632827,sqpay
3714243420,vngor
6330252432,hampl
1540414514,qbqod
9734227030,xklwv
1054895129,wtnjm
2261265904,aymlq
9955107623,zknyx
1253996340,qpsgv
8620057193,ezhxz
1579397790,fntwj
4788235213,bsvdj
1721160146,hqwdy
7250036605,nguis
9547708901,braka
4749439572,dpsei
2776886595,zconh
2721901617,shqjt
5050595309,lscct
3794931015,llwqj
8088565180,ypeud
8409214107,aoecs
3893313758,axaqq
3173630908,qfclb
4378208315,dtgyh
4413300332,hsvjx
3847330872,bysdi
1557328962,vzqrr
5780541412,nswax
1641643935,ghjgf
4977436563,rkirz
4103471899,xlswv
6184541703,zhxxy
7791744282,yngqt
8454683130,wdnuh
8490894787,prtyh
8469483916,fudpt
2347998404,mtdkw
8342431987,nvsch
2720241996,opwiy
8880762853,eowzc
2007832992,irlou
4104891852,fkkqq
7368713701,mgisj
7173269424,jmsvz
5441251220,hwtcr
5525151459,ufntb
1001757763,zoewp
7504186616,astyn
6320484103,mmksf
6784836046,prxub
7234279149,plxrw
5750287334,bkkob
2908886590,rboyn
9734979734,ezbix
6273402606,tsbbg
1811404080,xbafl
5734877471,fkjod
4350835676,gysdw
2945401001,wjdnj
6531468379,qtzhc
5745702592,swnmx
5336107401,ieing
9166369471,azvsr
5958691597,idhfi
3785471919,irews
4116996590,svgqf
9804249841,vylub
3352546859,mbuni
6495633565,tkkky
3737754572,jxjrq
1015037830,ejelf
8095319908,vltcm
7753263431,xpljl
2079989022,cpmdt
1195946079,fqdtr
8130992675,ylvvq
8019087080,uhzqs
1786433112,ravps
7546619206,gkifc
6455609256,wlvod
3643103327,ddrmf
6579933541,jgnda
7142387091,wocyg
6052775836,sbljq
1194325522,hxsxc
1933102480,vzrcl
1206440185,nyuxm
7311600438,ixxtp
8035959287,kjxln
3958021269,ahbah
6203306108,ujbcv
7302154244,twrgz
8851957554,voano
2271463811,nxfym
3328187110,xjbzb
7162852927,egzfg
6141127299,hucap
3676763550,xipyw
2073666763,thbrb
2322470529,ctdxs
3650753545,appzf
8643492390,skgbw
9616705407,hyoem
3731234566,lpojk
4978464530,cvhec
6183059401,icfbf
5813951261,oojdn
9511097639,ksmxz
3819506054,fcjgt
9402990105,xesjq
8845998776,vzcnz
7863128107,bucwo
9615146984,wnwha
5974017044,tnijd
3018417323,frnqn
2533049657,kxvab
1084029010,ibrub
5953678684,yjipb
3448789038,nmled
7255361936,kzvsv
4725983776,nwbsi
6304942761,xhvyi
1641786011,jzvjz
7709968557,cwplv
5404481727,bppuc
2745980056,vculm
5049717133,yhxzg
3349997131,fsjkk
1798670986,xargt
2838376166,vgqmj
1057551056,fybsr
4338356074,zbonk
2228803013,jpenq
6718709715,cqbrl
5521204520,guwry
5871983798,rrten
5837328534,rxwzc
7742383108,nqtrz
5149936735,ldibs
1318820068,jotmw
7803104385,iqdch
9069702514,istkc
6673165711,ztlil
1780549730,eokoy
7243623587,yjeyr
4942589026,gehsx
1310027298,npoxp
3244495819,awgqb
4766180305,tcvdy
9413625731,fsmya
8531105624,lwbtj
3441501323,eocqr
5991183544,chjww
2633797879,wnbim
5241898590,bcoxr
5696175923,ufcgf
1946351566,ievyl
6701811063,eoznp
8625545349,mpivl
3998046761,bmbwi
9668415191,bbsrb
6915030689,jrjhz
3961667011,cimmk
1816177382,ndzyy
3029649766,kpzjm
8707246046,tljoz
1801425377,wicku
9491108546,hfnyo
5446214161,xrffy
4647329088,aikvk
9927133136,nyswm
5827420503,azcev
7687839111,jgtbo
3677523589,tmslb
6370740463,uzfkv
1267769784,mejpu
1733934375,zgtlp
2079892089,yhyqh
3634600927,jexry
2590775518,aogld
8540676182,epfcz
1611820540,lwdvf
8962143851,jaajg
4770000521,kjwzn
4939777205,mjpvi
7949707418,dwiaf
1022100945,llnad
6672670384,hlxxz
4845508418,bruec
9641698776,emywu
1273403535,riqkr
8554050921,ovjlc
5864463581,berjq
3708631699,pkbwh
2938227804,cwqsg
7946516433,avxqh
5606540017,zszqf
8557913177,fhskh
5225730976,mnxbc
4694427220,iyhlc
1030593103,tfohg
5761247479,dazpn
7598880543,zzbwp
5880282804,qgqzr
9302366009,hqkdw
6463931389,ikxuk
5333939917,kpvgr
6486874921,rowbf
8281745491,zpzud
1221717051,qnvoe
8614373606,oysyv
4713959540,kuaep
5853751985,bactw
1286620079,qvwyk
8789436616,uixrk
6596949519,ihsly
4324797045,wawpb
4983485567,wqvgy
1317375302,uaqqe
6956740894,qswvb
4349966214,rjgwl
8897129077,kgwjk
9868215518,btpbn
9448449606,arxzh
4264113525,uafdc
6809607357,prtlt
6754324363,ylkux
4627018884,pfzqb
4954208336,batla
8340730811,snscm
1015336582,uwgzb
2188373026,zaflw
2114716937,oivdj
6801781489,qqdug
8098983262,mdtrb
7434628273,rlsev
8665804056,nzplj
7784225997,lqobn
9445829444,sxkpw
1531874168,nidfn
7307439998,pmthw
5126784314,iudyb
9122156001,btlce
7539019554,hxhna
3252790272,vqzly
7108071237,dmsie
1342299123,ospxk
5221854476,juxpl
8236897592,mbulr
4013056135,rgigr
4186312398,ewngq
1711622451,mjezf
6432456044,cvcqr
1297224217,mbdah
2176147919,imulg
3188630133,bpqhu
8271212136,fyzlm
6786630248,izcej
2921396258,eejzi
3853716717,jmoua
6969192689,sdvct
2443046832,ekcfb
1369492386,vdmnw
5049602948,sdrrk
6457176839,lqaxa
1835336124,whrnp
4620844064,ytrqv
4935406913,aukbw
1846986627,lhoce
9874343570,pgleq
9402757698,vzcxq
8165126142,jxjtq
6664576220,gxrtk
9936348517,mzuvd
6635645082,tgniv
5473651296,qjrwa
3585058644,mnjob
4364386584,dsxko
8266246562,fchod
1022100176,hpzwu
9560600425,lmbgl
5903172049,bebtl
4206397487,wzfcx
9395412998,jcfws
7496213237,zeqxr
9685997891,uuivo
8134698067,mvrqc
1187883637,phrrx
9400194863,sbekm
5613746853,ewaeu
3858461983,nbeei
4545810182,ilozy
8819414911,wpxdx
3491935126,kbooh
3983734885,ufuwa
7300682181,mfgdl
6989530459,euubb
7323959614,udjrz
4827094214,vqnar
8953674919,mfgpj
1095054231,xscex
9856158103,hreoa
4044420958,rnqyi
7749087941,yunel
5594404237,ogxlp
1747608123,gqoub
1215569017,erdjp
2394831547,ykyud
2554966197,fobno
1107956265,cfyvf
9922901715,kynxm
5527191153,vivco
3876726462,jmosl
4868676892,ogbeg
4131035807,sbjxj
6454149987,jihuj
9243153134,bhwjt
5852021984,vzoou
8903236673,cddzl
9086591029,vapoj
4283232769,ilzym
8864241337,kcpxs
9375944382,rfwbu
1193473229,nrbhk
2860843871,lqnkf
6333843024,bfgaf
6468932661,wvinr
7132957509,wehdk
7804600617,yfnxe
6553264954,kheea
2530526220,ckfth
4614239156,xgtuw
3240826037,irvla
4604065672,fnniy
1040328330,xtisz
7721988631,fdjdr
9209457567,vmdkc
5187226008,ftnpd
6773509519,yeuur
6220104128,hhcjw
3083004387,cssgb
7019738141,cduem
9075765899,vxhgn
8504535735,ambwd
7632380513,ekbqp
3437680826,culkw
4757657577,kepmu
8022240991,hyuxm
2962833831,wifhk
1319472793,tqhjc
7780887704,jetle
9893639307,iqaaf
1868962234,vbgzv
4815459193,klaoe
7383073183,uobzd
9310641525,frfaa
9729135150,pmoga
6386240721,ttmpl
1720976397,sufgl
5460115198,krxcg
8231017595,rtjyo
5752904971,jnrra
2556266376,vovby
8428531340,pevbk
8283258935,foqrl
5996717083,vrhil
8363901585,oeovz
9168510641,sozky
1649782842,ltfom
9781226700,mubkk
4932641297,mrivj
4950455552,hjlva
4147912932,plekd
1120396190,lyhhp
7153697625,xosnb
5368472960,qkaoj
1296555392,emuqd
2735243689,lirqp
4352805555,zrisv
1369030057,eludu
4609660326,oawrc
3169378501,nyupc
2258474235,rzgge
8016308611,paond
3543217864,qfayn
7627503531,ltkwa
1609708625,jexgs
6464787503,gtfsr
4824033146,ukwqi
8810805079,qesgz
5231046966,ysqep
3724551222,nnxrp
1310317918,yiivn
9820170413,qpyts
4909724300,wrspe
8891574406,sthjp
2790425468,svdzh
6381014193,oxfrv
1955234314,yxzwi
6175244713,yikst
8112235713,ogqex
1078952097,zqpmd
4694230906,yhtrn
9611213127,fblyh
9307650475,seyyv
1999183602,gidwl
3502265606,afbxh
1622825331,utgdm
3481229374,iufds
7687822281,nmlos
3355040935,sgnrd
9461128574,mrypr
7166209166,yoygy
8843506165,krtsv
8643354794,nanpx
2998371987,qqizm
4333236558,yprkw
4248374707,siysw
3049450799,mopws
4225535221,ckbgy
2668303999,rjwlr
2656192855,mrywl
5396123563,hxufe
9691027059,yqvxv
5340952922,tblsx
8415867994,epaft
8391904551,ukwmo
2990973634,lcghk
2461455127,vjdhx
3344684836,eveuy
1869809269,tnwnm
4733787729,hwghm
1204866402,fpkwv
1145279387,cxfmx
2479401735,mrnqb
5745550212,qzkyk
9902465721,iayud
6029021902,tjnbb
3479103668,oirai
1976596494,xyaee
2748896376,ulkne
8168809600,xapua
8285018770,poahv
3105271356,dhkzw
3834132559,pjass
2744442975,cwvqo
9897882055,bacur
7585919012,srtqp
8325491189,kkkhy
8435298129,xyxtx
4234512451,zexpn
2312698794,ytczo
7999277106,wnedu
6118948253,dfsuc
8900076012,xmjko
4705113775,iutda
7686359601,touzn
3663794585,efdpf
2799851906,crhfy
3233581096,bqxnv
6011786904,olzht
9097317672,mdxqw
4971996898,qezxp
9761830098,pqgmd
1548300640,rxmpa
5089957308,ekftl
4436409701,spdch
1769051760,aktgk
6667625212,jbvvs
4482565984,xjpuv
5386547692,gnjsx
4729181059,msgki
1893903528,qhogy
1150892394,nynux
9264095042,fphsc
8778652015,smjtr
9259751645,avrmr
2216775900,hbwxr
8185761091,mtdre
2953345445,vmekl
2773549154,jgbpq
5237844123,lkamt
8453200479,jzkcl
2459800700,nedns
9192871134,aycgd
7775855898,skqhf
4456225132,sjgtq
1168069287,utmkq
6591097620,riccq
5862438508,ytdyl
5384376002,hgqii
5215801432,pluom
4967797746,dpcua
5400401974,ukkef
3728295091,ybzrq
5901095550,icwip
1142780110,kyndq
1217587476,ixsoj
9513832456,vanmz
6390279992,svjsb
2604635619,gzlvy
7126305998,vvrqn
5408379645,tuboo
1377591719,qddda
7284612811,wrqpc
4174438188,vozre
5687427760,ywqgj
3319745326,dgmnz
4626160769,ewqhq
4080208867,lqqfl
1307897124,sczvc
4386300817,dkyjk
9361678599,jufba
1562389236,uwxuv
5711343513,funwe
2734258146,uxlft
2558952114,arngr
4442948726,wmvpg
7714987355,xsmjn
3299327631,clvvq
9971323500,aqjse
8422079814,leixe
5980282312,hsvse
7559338690,afavi
4040561108,ckhfq
7577930565,hprgp
7908928628,vpyvb
4024391617,sbqol
9089195972,rhbbt
2807513052,kcotd
2658709610,drsnb
7456836171,lggem
1900118861,mhxlf
2426532682,yolgv
3352175293,oyxns
8945388773,ilqfw
4943460920,awfju
4747536994,mkydv
1617416950,ajkag
8698310505,xtqkd
8067496099,zyyku
9112791928,llsul
6315820308,pntfa
1785839945,xncae
6383865426,qjqtc
4698323262,mwxbz
1815164889,zjupc
6710954578,wonph
9436877915,rlmze
8869477933,hfsjd
8164413072,tamxt
3601025985,fweiq
1572873357,xeepe
9716681992,emygi
3793848668,tivod
2266332862,sqish
4557037103,nuivu
3693667757,dcoxy
8663713674,amohk
1421993003,voedz
1291819491,puwgm
8116069991,qqvta
7116499581,erfaa
1810532898,ymsmq
1562267049,rdwzc
9741535001,wqwzh
4910408907,sxwsk
5062637012,wuxye
4254232876,wfocs
9627770400,mowzs
8065610892,czzzn
8476081835,vaeln
1435588682,ydejd
6120151465,tqtuh
2079675307,hcxlc
1719434200,jhesf
5784504776,uztpg
2489176455,gvjdj
1195974265,velpl
3621334361,kxzjk
2385157386,rwzqn
3808349367,rdmvu
8227308730,ftcsy
7797906219,mvuil
5763593568,zsepp
2573979556,qkgjf
1895372255,lrwsx
3388874373,ekmbf
3720967758,opjez
9405792716,kmckz
6328086449,ohvoz
3712442316,rkvfv
6099952732,bkflo
5981378490,bbjsk
4847986942,mhctu
3351277716,hmbeo
9786179534,qjbzr
2198426539,ynfkg
1037790161,czjre
3073660777,xgxmn
3460909416,jceov
3161970455,olawr
6150493062,ztitq
3110950911,jyatj
3218656607,nmxhn
3449411700,fznpp
8238895599,uerrc
6597059063,rqjct
5911555196,zlvdv
6664873472,vgvyu
5854134514,ktjcw
9841076351,reinf
7561057790,dpuhf
5390155005,bfrgp
1057720732,vwonm
1147543617,rokud
5916124401,ezsjq
4749876470,jcqwo
9961801672,dfsyw
7527792290,uyjao
9549543882,oafar
3179376617,ieecz
3853947617,ykvxw
9636669081,jnaiy
6374974489,tqpjk
5768292883,rnwhv
1565716006,tkbdm
1731618952,xviub
4157487516,zxtca
6139079104,nvjlo
5373993096,zgrln
3099999143,mmcch
5988312630,ngnmm
6980242859,vihdt
9129110062,qedpf
6284072165,xjrfa
8202287049,dhxxx
5620329016,hhurt
8530832057,wkugn
1331816661,stnmt
8420441762,gonvp
4541267027,knxrz
5355841693,lsuus
6557853337,yrapq
9443699972,pdkft
5628482829,rzddq
8011107540,smwoo
8177122969,erbya
7816319325,yjsxi
5310273426,lycwj
8323808492,rzlcm
8712531845,xxfpc
3319603472,nsdir
7810205790,wtqni
7038155527,rhmwn
3702161488,qpzte
9724140507,qlxrf
7026784541,grgsa
4446634977,plxmp
7903586687,qiogw
8607092109,yjvgf
6202936850,jlkxw
8217189549,hlsrz
9944665484,unokf
7579305000,gwlaj
9761276531,hmkpi
9655949580,julgj
2370135170,mbjwq
4301732094,tlljc
2556242978,oyufv
7006841466,kniax
2597687636,xhgpl
4961915674,afcpj
7319092470,nhyry
8526822904,sbqyd
3558233804,abxgz
5053154132,dkfrc
4496551435,cbhfn
5499922935,gncdm
2973922324,txdbc
9600602390,fvhqd
1947212353,lwsck
6405474232,mmldm
1478896027,ypovp
2007942679,zurdv
8700507061,agrer
4882958490,sqtqd
1273244115,wujiy
1184797002,ryrxk
5104046910,lfbcm
3934819822,gjtde
3641347384,cctsi
3053228048,ywqui
4667020347,coepn
5402885287,ndhws
5749556257,znbxr
4296183805,faxbt
2885366279,jkcqr
6925466992,qphyx
9801549337,apkax
2776064230,puxzf
2776397129,zfogx
3478383587,udggq
5556262291,szeiv
5962439097,apaod
2876056674,widgo
6719450165,iesbm
2053087943,iyars
5296496986,yvipt
6067718808,qaqfl
9390972713,pznxy
9021828841,vkpkx
3072808868,fjbpz
2610935791,hkdem
6390982661,etpud
4747482887,rodhg
9832504353,mvozu
7874497076,oqiio
5315044163,agzet
1277759074,zjcal
5495336094,fjifg
6981748326,zmfmd
5008779293,yssrc
2537372362,qhelm
6674104882,zlmnw
3750049765,rbvog
6828312938,eoltn
9309061954,opopu
9184954897,aydfr
2749502740,eszva
2305168109,carhz
7619017591,dhtuz
1286823706,rioee
1236300530,xwfpf
3575530598,emqxe
4675409394,xyoar
2419922375,ollgs
4987218661,mqjph
1296326383,vdeuc
1867309596,srhuc
6675634421,spwet
6844643106,bgqui
3859910392,ldzbe
7418406351,ijpkk
7389323091,jvncm
3620803827,jgufj
5135333848,ugjxu
3684826505,taltc
1653542517,ooehy
5573034006,qcwwl
3128855176,lzmel
3546262139,yrgrs
7444379841,twlhm
5265813005,mwvfw
2293441468,flljt
2453989202,bgecm
5961471418,uateq
5696325021,rlkzn
2327395899,mvkfl
6380397581,usqvt
1487701068,zaawn
2177942464,rsizy
6094081874,mrmen
2984860289,kfwwf
7619619224,eocqz
7301893686,esczp
2380223626,joxnu
7790584823,fpthf
7474094182,gdfvn
3148167176,ijmnb
5869760094,ihbin
4042693541,sqksg
2517856010,ijopx
3930311671,ipwjz
5896420786,uvvje
1767937103,jrdtl
5290342853,mkvxc
3349984275,crbvg
6631124833,gxgkh
8998303037,jgyjd
1799747311,yjsiw
7150194059,jhxjo
4486940612,xlari
5883551648,gtxta
2592163682,lfjrb
6412515559,trhye
8252660560,oxedg
7222639308,waktt
8191925407,sfdyv
8877940730,mujyd
3170179606,tjfpy
9225075070,zjunt
2516169168,cqxub
5869051942,bxhxm
8195153968,nzuwl
4822183946,wqdbq
7764778720,oalah
8865036506,vojpz
8595825961,bbnrz
9053027024,oehjw
3498701827,nssgb
6063519900,ohkzk
2013918420,fjqgq
2823722013,hdtgg
3902636803,xxmdt
9580283532,iixae
5967614710,lilro
9260748271,refry
7008899817,hugdo
7664821244,yiaun
9046310739,zsuxg
2924227114,sqjhh
4257686447,finhu
1636289667,tufda
6279391669,bgydx
7163380462,rwcyy
4701500484,tgdvr
3524683442,szupq
4686018533,uwhon
3236107164,hduby
5203944447,vlcei
8189197257,dhnay
6616264173,rxnnw
6861157125,ixjoq
2646779141,xikqq
7804842051,omlnx
4873709604,hffru
7975767492,qdcrz
9783606969,jrtzr
8861367395,qpvdy
6035633213,tyfjb
2032902860,sbpba
7681172955,mzevj
6410233698,ynfpz
1428726333,ugzkh
7770434420,lytym
8666308842,wdzff
2317138595,dnuvd
4453241607,cgyis
2918663544,iylkv
1527872555,txgbs
3886917137,ewbrm
4678007359,yzblq
2367374065,obcli
8528740512,ppogg
1239864795,rmtxx
7491244713,jjtdi
3223196905,ryyma
4442140216,ibdbw
7419723972,lavpt
4082516622,qnfhy
7540878353,falkc
1992632039,ljmlk
3011081361,varkn
2899679790,akdwz
2943510035,zixkn
3046309997,pdueq
8324651958,gjeee
9564262769,xrfat
4179672545,vzrin
7331885185,fxsup
7560293865,jkkly
7250381532,pynjw
3419797457,prabe
7805034894,vblsh
4380992751,efdlk
9084947192,kksnd
5132841535,hwgge
3995506339,rpzbm
8992053062,ntwvm
8763858656,ngluz
2073171048,gwgpy
8320836765,dbuun
7637936871,cuzyq
4820174429,pdxnl
1438943461,crgws
1721912783,ywtgn
7606113659,aaqxx
5402358678,fvvuu
6140696461,vzxqm
4873716194,cfasj
8698362264,vcqbs
6487587092,douxe
6394426214,riglx
2231058675,zwxmv
1251399764,exflo
7804996777,ptoph
4866305021,ygeyt
7277755498,fihxm
6885237700,rtfcr
8150042407,aoxog
6855781489,hurkc
1713498735,gtdia
3761869694,gpgqv
2464288861,sueus
8701248119,vpqmu
9452629349,fqorx
6307694638,igeco
8196769243,ndltm
7648721350,qhjpc
1903381218,ggizb
8493631344,pyhkl
4236975464,vmjth
8797946375,zqaoe
5700008229,tqowo
6275462068,wovho
3960747375,vgqcu
9070190251,sqsbl
8312221468,ocvmj
2336941588,kjyjt
2155220631,ygzht
5011373608,locrb
6934453531,twuwq
2136831923,kmbjx
6341332860,mtzzv
4207023544,oxyce
1707050437,jicsu
3377076730,wxtok
5303485609,ygete
6272929756,kybdo
7397449658,qbcem
9280291472,qtlhe
8516864136,zjjaw
5819181626,wkand
1668768609,rixuj
8585638144,kaylh
9402797207,kqnva
5655818504,uapba
4336420717,odsyo
5510849190,xgorm
1809331606,wzibs
3538504455,pacwi
1010810711,marqd
6196482610,mldfv
8820014860,agrsu
4319414317,maive
2100487894,dikgd
2063291657,mbfuv
6236186499,yvedf
2227724969,fjjqn
9172435001,eseha
7763816467,zrgjy
8676632451,bhbmf
3601875777,flevn
9320245299,tbcnm
4214589616,zezsy
1010737495,vztzx
6563177563,qnedg
7524097458,akhnf
6388056875,oszss
5526854769,kygyo
8421088098,wpfsr
6954629699,kjjbo
4274469293,sdnyy
5546385179,mmkaz
4946787371,rvflb
4943023216,gvklt
9710737756,brzho
5670114873,gymnr
1675623945,xnkfi
8865999391,nmvgb
9199523365,hfvrv
9798853471,uaxsp
8876389275,ekwbt
2017110088,phljw
5197150481,wzspi
1861109155,xzbar
1141606876,eguut
8086608196,yrwat
7159431480,dmbvc
9727019799,fzghh
2764480784,bbhwe
5314202815,ygmgt
8860528874,pgtvi
9314535281,woaut
1494660341,hkzpo
4826372829,euavu
1883937925,tvthb
4343283572,chcbe
3367628635,jhvlp
9430838486,bqfvz
6212145443,pzzeo
8931719719,ruzgs
6560784200,whjix
4883799087,pfygo
4771602545,ngioi
8900793913,slaqv
9653049274,ympzh
2762381001,jgfrx
6619170951,saabq
7606582964,meczn
2200766244,ybpyk
4605700655,hdkos
8732428450,brfgi
9603337110,umoaj
3256096733,wjjtz
7249530962,xiquk
1131381167,mxiis
1726912723,trlhb
7436771918,uztoo
6190048278,uozrp
7135733365,crdnu
1393750987,ehzjt
1557249934,anlav
1718737721,rxgcp
6155062172,eiddm
9097346164,rsjpd
3533586565,afxme
7078647938,wwkyd
2096598326,erpod
2957564699,naqrk
8914765043,gwmdv
1391854981,fgkeu
7435375572,itxyn
7946214686,shury
9777426049,ubieq
3748509123,yxmje
2918941669,ucklu
6687435743,kvyuz
5742573529,yzoeo
3235810429,zmror
4049136497,wkejv
4318534187,inkor
5641974516,ffkua
9727476391,wcjtv
5340436847,galqy
9491378777,ikihh
2393916161,fmvbu
9235774196,tbgxv
9001131461,iulpl
2706111885,uqalg
5240229720,kgquc
9956718664,ozwxt
7980855843,ngice
6683203918,waagc
4594267762,roaiw
6308351465,odtpd
1468583401,nwhsu
8510772343,pbhef
2425240905,dxpbp
8079686442,hpuuo
1183194052,icywi
3364654801,pzady
8477223846,gwlda
3907448048,zlidf
3687671205,johqy
4081872678,nooqv
9371706971,aqxlv
2939058285,nsepa
9813144228,obfkj
2697332330,oshxz
1892144855,ufcqp
3801734497,aywjh
6290601212,otbnb
4974589826,ojhck
2504389911,ybgfc
2493657553,vpyut
4041307313,egjui
1917427927,miiiq
6151055942,hiqtq
3187349563,fxwnl
5946584115,btcpd
3849787649,admus
7805305625,qqjhs
5146193057,belgu
5931321873,bbchw
8740877374,feggy
1708403365,zypil
9574351102,eyfkn
4439447924,iyvsz
3217278368,tfeps
2260174530,yiunr
5493906986,imgvk
8373964650,urfdh
9390652101,bavsh
3162735112,zbrqo
3434581492,yslpt
4771435121,wmpgo
4715914410,varsq
5439701867,oxnkn
1759063590,igpjj
9623881577,dludn
8412277487,yancs
9551507388,aeybx
6802900955,gkiyb
9904756542,dnnxx
3072349710,iqfms
5747686986,rrqpw
2297114493,xmyvq
2898938393,lkzsp
4543063927,yvina
4224432220,yowsc
1579954707,rinxc
7943343445,mwaru
4289879727,roezj
4657324515,rkcdf
1732498208,cjawt
4518012975,iuwcx
6098945574,essys
4517944600,qzije
3213038502,tsdjx
7357641188,wcdam
3766978517,kafti
8614703017,lzrjf
3083411527,nvrcc
7724471604,jvcvx
4769792789,vjfom
1925502878,lffor
4571089250,jgixk
7851101943,tzkfs
8968590579,diezp
9104502967,gukaq
7993915804,httan
3366508623,ggmnj
7217577651,ihglq
6665381842,btrhd
1955292729,jsqfz
7783395053,ehtsy
8480181671,ulpmb
1406988278,psmtb
1350992853,zhobv
3254760707,ihwhh
2379724124,vqszi
7597530139,rcxzm
5624341881,rktwh
7641591829,xpauz
1347737017,bfscz
9113320044,dziqi
8701912158,xqeim
9076022077,odbas
6925930090,dwyqm
6546736162,lgmkz
1999685819,znixr
7432838326,kqcim
9581210197,iewlt
6284031594,wkdki
8125455754,xhqqu
8924354578,chrho
5648902068,rfgjn
6221192809,lbdfr
9151546950,hgoyq
8639037212,xlvtg
7272681131,kspny
9338678055,qaqbk
5058656391,vcpud
7684007464,yfgcx
8440716884,hmukn
5703029551,wredh
2272998548,hwavg
5062186318,tprro
3589725938,pmqwh
3545669225,rxdau
6829720214,quqxi
8163493092,scncy
8068700683,pebpi
9847700494,upuhu
1994020260,nmrmq
9670517557,qcprh
7028075781,ugfkr
1060287822,jvhrp
7617365072,kvxcp
6033371738,yssug
5621409468,hurlg
8880594720,cysiy
4352504439,zlymo
2076110697,uybrh
7503568850,pqcca
7321831372,hgvje
4773484658,hwboc
9016201952,rgnat
9273775359,oobro
6160242990,dypls
8378734419,soyxg
4910831330,ygmns
6843182015,sapsz
6690557946,fzgon
9653783533,dtnrt
4431889140,inmxf
3859238492,txgsk
5346445528,qwkva
2670878789,rwdus
1189383434,urwag
7218977938,nmoog
4460023743,nnods
7301613907,zajpp
3957653421,zrmpn
9029403909,yaiiv
1709306776,ngqav
6381422860,fjewk
8858226847,wuchr
2774114221,uiess
3274209005,dldxt
6304950243,ycqmi
4267943624,pwywj
5201620199,nmkap
4066501742,vhfsy
4260307883,tblqg
2305173716,lwswh
6614696975,jrqqu
1319395346,mscmm
8676653251,hhgrc
8278467929,ptmli
5701364343,hbfhy
5486898198,emstj
5721490858,sfykn
9874991107,szpet
7944190931,dalml
1515751028,hezig
3215992022,xqxvk
6943993388,yhrel
9246994635,ulajf
9355033922,reegz
6192231920,vjgjh
6734461876,xlmlh
8013909011,nqdiu
7023698074,jgqsb
6261320295,vkuey
5987685921,npfxo
6429707508,ffkvc
9967878962,sqima
8646851613,aacbn
5489475022,efnal
9416359708,gwpkb
1366561815,slvnp
2885322976,cpzal
3099274890,cbiju
7844811360,oklav
2654232239,xsdrd
9975147732,rdvzp
9316877478,fxmaz
9144428892,adfcz
4874266433,fcpru
9825649098,hsqdk
2227551395,rtkmz
8563545007,fhita
2349826452,vlocc
1684456170,zjzns
2086284923,fhpgr
2340756986,rvrdw
2763658499,ewimq
2528822744,osnxz
5408482222,khlkm
5454482384,pxpym
3122695190,bjbui
2436019588,kfcwk
9104343399,cpsbk
1231361195,xhfyl
8024402907,zwmzh
2522576149,zlqov
9407965143,wtwzh
6024357586,pjsve
8144639777,tnztq
2999788131,dxssq
8054772061,vwqpk
5162421751,jkfco
8432564984,lcrvw
9936591455,bgdgu
3642690445,lremz
1435973724,wgaqh
2475400295,beyxc
9256696016,twgvf
1769576293,yzeud
6459131589,qfcuj
7929289843,xwncc
3917548548,orhye
4446863303,ythsi
6080663494,fbfbf
8205476614,zmeed
8457567021,dxtyu
3609253419,iovjq
3341225500,wmlil
2807598125,npcql
9109088818,nopic
1577874538,gzygg
4555583899,hekaq
1210134617,vgnqp
6003275858,gvlky
3778762695,rcmix
1923691148,xjyyg
8238884024,ycbpd
4032273119,gzxyl
1577041173,pgfky
8678432493,cfllr
9366694267,lquob
2129065249,mlsru
8553755853,lpyvq
6842397866,xpiky
9785569410,uyrus
4501796513,pgalc
5033726911,kynfa
5039997857,zvfcl
5848539767,sdlsg
6823369923,xrlow
2862278939,yyzph
6525556288,nsota
8307954005,sjrsi
1635968357,tdszv
6823759885,zhzzr
9433344805,ooyhj
9852201219,nwzvf
2081213699,fmaoj
2500227646,tomdy
2804905080,lplmx
5412533111,acbrz
9945484297,fumlf
1061477576,pknpr
1834201627,rjhcs
3158163233,drpqa
4053330482,vwxhb
7560540555,bfqmj
4498986375,wvowz
9751663470,xebdu
4459723555,wgrzh
6126674789,wpcfc
9080584831,vtepz
2483609425,zkism
4793511506,ltpoj
8254030212,xqoic
3205697675,nliet
6504484108,eaegg
4273973056,iapat
3961475541,qowfb
4108290939,pgsbw
8058171860,xtypn
2689001991,inone
3309175418,xhyit
4619011781,dcehi
1277949615,ouvgp
9206088262,omkvd
2959404345,tpfso
1065118154,xawvx
1543300704,ammjy
5261022750,eymqp
8825754536,ivjag
9694991640,efvsp
5360639691,bsfjr
3312847210,jlzql
4966774310,ikbhb
5580430637,ozqvu
7328948275,dlzlk
6591631308,fxdzd
8101535455,fpqbv
6683624905,bggos
8962585317,gveag
4229416316,wkkrk
3452101616,hnlxa
6009565177,aekgd
7068190250,mospa
6651860521,bitmr
1647178482,uykhl
1166125860,ruipa
7174222532,zgwnu
7385834788,yasen
4117803121,wccka
7406725969,vdzon
5913219884,ldldj
2009871129,qkkce
3209605137,szxkl
4051697744,svazu
4415516636,vdoza
7521135458,sxomu
4059395155,oevwu
4010888082,fikim
7315981239,ktwac
4428643647,atvxf
8288808667,bgwbn
4039610508,halmc
9967701048,sgqxk
4079260898,eoico
2850159786,zjyox
9298752475,ygdaa
4332576385,msvgq
8448815482,hpuhy
9699236311,vvpeo
1145965930,ovhao
1778329605,flugn
1001756309,daqnh
7247379783,dcaye
5852470842,vbuqq
8201344395,cnahn
9076659941,urmxc
7234894300,wzvpl
3022990981,onafe
9767102163,xwsnc
5657946981,kpgos
7988374626,bxspb
9464703227,qztxf
1070703648,hkchu
1031785547,nbhdc
7856400089,ytzcl
9777623199,otblq
4486447133,wpkbp
4033524132,qavky
5298607709,hsanf
8964569685,inhtq
1660937172,ysvkb
2224672635,kritg
5533745324,bkhza
7606318555,kotxw
9904097676,iebzy
6446881327,zygsd
6616508218,ewdzc
3789121510,jmqnm
1437892131,ofdta
4390754014,bkwhb
5342983064,cahfm
4163332143,ldtso
5779687214,ahjki
9569171635,vlqjw
2494669514,vzkjt
6613852335,vrnzz
8406422723,vpukb
1548149965,iircs
1630842783,uypko
2570736356,pnuxa
7305505738,vixbb
3163255653,falmo
4902043823,nzuzo
5611971002,dvlpq
2503251146,qfnax
4220397015,nkpza
6693814164,ydnom
4563279815,uhcgb
6223903639,vbaaw
8886695526,moecq
3381349857,ktabp
2060569467,lhmck
8590539881,mugoy
9955360139,nlwpc
2975785462,iqqml
5238063582,fljcr
4196561861,gxhkz
7975708249,bupqk
5201064510,awbbc
8956337598,rzkvt
7460030210,moors
6792300429,rwops
6356145736,rtnhd
4093778830,lnbzz
4886911912,qbzbr
3213123163,wiery
4436425355,tvmuc
7176781419,igwns
7227945392,rnopp
9760322331,aebzi
1591398400,dqvfs
7126676796,kdrem
9300036760,skvxr
8036396740,dlryj
6045713472,xrbec
3755484350,jvlzg
5733956785,czaru
7765813712,xwoio
2737878994,yykwg
1660574653,amcxz
9264456853,bgdcy
2159286602,emukt
9979088074,bwnzb
4113366502,xyleg
3917781439,yvlci
3665647685,jtkdx
2502410525,cckah
2926682809,bauia
6221852130,srzlr
1377384611,yrtpk
2541396787,rsgyb
5366854949,mpzom
4955873720,ofnqe
7125819364,qnapw
6116522790,dicdb
7726623487,boynm
9847757461,gzptu
5990849775,jwaxq
8101085908,nuzmu
4295058965,xaylm
8857848865,wtsgl
3773945210,wttkr
8109007288,vvfkk
4856050031,vvjoa
4995363503,pydus
4938315435,lfrto
8201326259,mlgrm
3945039479,dotxt
3400907443,pbknn
2923783237,hhgxa
9900236015,owceh
9208350406,glldp
6690925313,ojyfu
5219348740,lzqsh
7412907421,txynz
9854264097,othiw
9158801612,aejyh
9730062661,pbopj
4960127152,omkcg
9935080773,nfdve
9031720290,vfpav
4841342028,uvxng
8573885650,hkyvp
8317052441,nhwrw
1571665815,nocqw
3928607072,ibflb
5514688935,ycdhb
8308595470,ofmft
6131905426,hqbmr
7634205936,jnfxv
8824798642,xsnti
1776393663,vbvlh
4512603337,dayro
6109963221,gpoii
7301110310,jtvtf
7508967645,ganrv
5216173992,pszda
4212928070,zldli
5948720883,mvxgp
8646738342,ofhsw
4338169138,ngbfj
5272462659,medvx
2284858045,noqml
4309713624,idyns
9305324638,dqowb
1323959378,qbajp
8934563384,vlfov
7637721891,yjacx
8778210614,mfrda
1444674733,ygzem
2053103174,oexeh
5010747802,vjrnp
4421239728,wowec
2871403434,syqyc
6077958164,yswgi
5889627151,xxbli
3355502899,lcmmk
7766960671,uvkfl
9898196417,brczz
2927160263,pllts
4457785775,ykviy
4820396730,pbuwu
3072291368,otvyr
5877321135,rhakg
2227742036,ywocq
1331328083,zgefw
8433968407,ntfqw
6103177099,qgzuu
3873406680,drmvm
7430723137,sctmm
1713705488,cvcda
4926076358,wtxys
9714542076,lglmh
2165235074,uciod
7768872593,nbxne
2759801618,ktpib
6728219647,jvapf
7302204356,dchiu
5107489611,xptug
6181174357,sqhsy
5984092689,qxxhh
3352044592,jkjfw
2464165991,tlwzd
3723921978,eddlq
3153863810,xgolj
3169566982,hsihx
9001490108,ibkbz
8488616709,digqh
4962334467,zhhox
4214144280,rftpf
6097468691,imfmk
9774719975,oxsnc
2591473330,qtzvy
5678718526,pomda
4008633858,cdpeu
4501927670,vocnx
3120279225,yxifo
1138061562,pmedm
3389624223,fyjhd
7143964438,mavgl
8495275210,dgbwm
4686398771,fqhaq
6713314287,freuf
1745262222,esbiq
6792485132,gkuof
8260344181,tcfhd
8418253442,zzcyz
6580478062,lcsnw
9116394322,luned
5598005659,goots
2968891798,wymup
8806072121,ijhdq
3572590343,wlpla
7357708544,kzbmg
8432264837,aspwi
2757982461,talcx
1551116880,kmuua
5328490495,axefd
6253433957,drsto
6945381449,usgcz
7644959972,lbsao
8349187498,fefce
9763401749,pozvj
2234327838,pqsqb
5533536682,eucpw
9966027058,cqhbr
6041206711,lopni
6654703477,qrpxl
2140303826,ivbhi
4131295615,odvbe
6259160372,mqwpk
6212510652,jmcso
5259133825,jlofb
4734256647,unnrw
4034584148,untsy
4712213252,kdkyz
7906774695,fndir
5002637183,ocsbn
8191449061,wxldj
9483853316,gfdcy
4870340797,bflax
6438713486,xljae
1316569630,yadln
6132301800,koumx
6161802198,nqdpn
3288302281,twtsb
4327386196,tphsz
3670800168,vists
1944728311,rlyiw
9753079901,lsuru
5699561578,ksjti
3404603634,bkcbo
9943201087,puzss
7580016086,jgjaw
1850530531,xfomu
5249290069,jrsiz
5673913862,bvjfu
6199815998,evwsi
7066284740,ezcth
9417157817,bwwaw
5465551443,wbjyy
2607764854,roruq
3025953067,dhkre
4158830096,rryoz
1470531956,svaik
1223053494,cvvkx
7764633049,aqxjh
7861816911,kaobv
6062087816,kwxti
7215834463,dvigp
1699253977,prfxw
7863023232,cptee
9715477585,jvkhx
6929818790,minbk
8490584735,pxhkm
2996583839,ufqtd
1658149735,xqkdh
7637668334,mmrkh
2874831238,cgzks
5350265689,jsjpn
3267672212,dtgef
7571351660,utpnk
7993874024,sfsub
6219242140,cbgtj
1960389785,mmcnk
4524885842,mwkye
7215604194,eruts
8673046037,iquoy
8558747796,pwiqs
8478581528,jqfia
9318723377,jwafh
9996903398,loqsn
7539464689,rqjja
1662708149,exgrl
8539222281,kqrug
2559888809,enpuq
7717689443,vanym
2718574706,qyiwz
5834438756,gerix
2663339794,bwqju
1675387266,jxaxw
3683631872,idmlf
2659038405,ufgzh
8694675202,nbdrw
3422825941,opjru
4687223039,aifen
7939573279,jfgqi
6578313293,dhvbf
2828034603,kpjib
8611029509,svubr
4195772081,cdvoa
5162035679,ksceu
5498784430,iyekc
4645393242,rjjgc
8879577222,sgjih
8175854606,jeoyc
8189923545,xiuho
5397420262,pezgn
6725298768,cgxlh
1036055174,mcrtb
8032450309,xijgv
1318046130,vudoc
5523109041,ocecr
6118550208,ybgog
8237931254,xjnvo
4788682086,gxnvb
2105692118,jegky
2402372965,jfskx
4205045290,njcdl
2359946190,xyuzp
7757410674,piuvu
2042036926,wpmhp
7294396157,jszjm
5652310510,xrqcn
9920267948,iabyl
5823957617,kqmug
7978374645,hfkwv
6176086223,kwaqz
3408559998,jrgpm
2443679528,arclp
6192763831,kmxie
4894358519,pbdio
9939674743,whqrm
2067225249,abtrw
5646220648,hnrly
1687328992,iflet
7899558976,yeigd
5048420184,fmryr
3253162779,bilby
9906478545,xwhal
7078805373,karbg
6103241927,cqjye
3865943073,nndzg
4569866213,pxqvk
8240130559,ivwry
6281436390,egzto
7715485926,kynvk
5128091281,tevdk
1095045932,oblpq
7649163386,foypr
2756673506,axvbn
8673983888,iaqxa
4451274836,gumot
7675129249,jkncm
5712975416,ofmyk
2573021251,maoux
2256317352,oauzy
2962238983,diice
5364474099,hohve
8502681332,uparw
9978098590,xqeod
7031901743,ruwvb
3543178850,uhope
9751316863,jnrsl
4284812535,qydkg
2512540810,dqsrf
2161712401,jbqup
4498418315,jkpus
8178577654,xudpi
6671474193,kvtoy
4123518536,lvcff
1130916124,zaqxc
9544489033,cycuy
6401888942,cekoh
7118816693,wdbtr
2108235662,maklk
7317073655,kdnpc
9716843117,ioshp
2959728275,espxw
9267262289,piujp
8474069811,symwg
7696205453,bnvlr
8412056327,oyqad
2158491053,rvrvo
6164951230,aofob
6579263024,pdojc
6537140462,pgxes
2310559868,ljvvq
4026915287,bakif
8846755737,gkppd
1838103698,hyjhh
1750406853,vfxxp
5355297223,vcahk
7691133378,qtvhc
3418453521,cqlfo
6617133184,ktesj
5574603698,movqp
3583379714,vmidb
2520995664,ezejj
2824302889,qfpah
8571502823,ymexh
3055256434,mflax
8231059593,adhyb
3120184546,ofwkr
3559729442,qlxjn
5528085334,avjso
2705510709,edbdi
9024141804,tmxlh
9939669528,blsky
1787638883,irhpb
2727512173,jwtex
6157708810,xvwqj
9995173926,usjdu
6650699832,vpivd
4461011392,gipkz
2594245867,gkvzk
9214190383,edvmx
5794223128,ugznw
1483055785,faueh
2722912678,exmsc
6700162378,iecig
1995872864,fhrqy
1672255822,pdddl
8606173268,wqzzp
9418295443,cnmvw
7673170109,zbqar
2898488903,pmonj
9313596963,ioqtu
7639567783,uaiut
4364426506,fzfzf
6695426338,eocya
6023628845,lcxvz
4923500898,wcknz
7537440406,dkiax
1535168757,uibbz
7405943639,sljiu
1533285045,lmjzu
1863656954,onhls
9598457337,lxpbl
1321811718,vgqpt
3286398640,hgdei
8645604494,gseyw
5079549940,frfml
3499701364,yeipf
6294641545,jmxer
1726180185,zpopi
7763051588,ukjhc
5208698987,nltgu
7282903542,qqfmw
6461761732,duxyw
9691966149,zxvvv
2084757070,wcsho
5985151340,gnjvb
8042848599,vfqsx
5947218926,nqofl
6528981945,qkclo
3127945549,fzpjy
6467160269,kfcki
6161663466,jhvik
3125157721,aecka
5968013519,ngyas
7639718468,haoqo
6338612975,xsxkb
1946604363,ahzxt
9528976514,mealr
8209286754,pvcwt
5735556558,hnjfo
1508863677,kezcu
5693596901,ddssr
7162746764,wymyo
3279775293,dodas
7318705020,ddznv
8587434245,ipkpt
5151698775,uakvc
3556960850,ftooy
2498440031,gkqaa
8778455387,rjubs
4334817025,rghbq
9789291492,rbgob
5140708931,uuvox
6351100155,qmlca
6371430433,bbizl
9861274476,nzvzq
5265394347,clcva
8057881903,plbbm
2248243777,qrqpc
7252679621,dszyq
8226463066,ebjdr
3735950824,ycscc
7955013244,qdjsk
1040403546,czpqt
6944105589,xjrri
6125073795,xiwuo
9110766622,vytcy
4363220430,jdxtx
6700540774,cnhgc
7419999074,llczl
8905362417,nknfc
4253178898,tbpdj
8296256508,gvvis
6973750453,xwerw
2331012599,gsocx
5446974831,zawzt
4234381520,vgtit
4150802000,zdjmd
1152847129,xpjpn
9324284043,gkvus
6793134580,gypwc
1381709029,gsito
9554502558,oerbe
7496294270,mtqzu
6406102142,haxqx
6063251302,wakim
7511504217,wczui
4515100920,bzogu
4027866537,qrnjl
4656109008,ttkvc
4170432167,trirk
1700369433,gluxj
3709516219,hnguu
8195147431,kkjzc
3560739241,dxvsi
4550820733,jskcv
7325272473,cxpyn
4216931019,ezrri
9463642068,ghipl
5650251910,qkbzr
4351474620,stebl
4066070912,aylgf
4638353747,sttkp
8115728738,xsyao
7679416295,bbojy
7231111071,qjgpz
9417735343,yyfwk
4225060585,ajekz
5132126467,xekau
4293966651,qozmm
4060460240,bjxra
5407745184,rthnf
5670566095,mgipp
4568353225,gsrre
7537414137,xuzwn
7754719515,mrkas
4974717902,obtff
7186089362,tnjqa
3409911929,mdliw
1162193670,qymgq
5105689651,oficd
7115436217,itcdb
3762584536,ocawh
4034449752,bkvdx
6122099547,kpsin
4810651377,avaip
6387124013,jvkkg
2927311599,ubdrn
7650676876,qqunl
4500595937,fdfug
5684429631,fzvep
7129801737,hykpm
2496237680,ffjrs
2551703382,hycrd
4640860803,quelh
8175703767,yutzc
5940552748,ktvkf
9043909600,vbzof
2342820308,zinmo
9509801229,rretw
9066387044,ywdid
4188845030,qfcmx
9571419175,brocs
5398073481,zbgup
7201651196,topni
8462791502,mjbgm
6975582815,mgqpy
2298362230,lhctn
2981998635,hiwfa
3237660514,tqotd
3448392573,pcxph
3306830366,mtyqz
2984025387,rrbis
2849561557,virwh
1759405150,fgmog
9213356040,fqgqf
7588405918,hsfwe
9048053625,xmlht
9134772530,jjpkn
1777347824,sckuz
6834490524,dczqm
2992818979,gzfkd
6802639829,sndkz
3775457311,dwkmd
4918880295,frxmn
3673961727,ygzay
7673783569,bjmig
6708318293,lbzqq
9574242935,ofrwc
4847623889,tdjdz
7305870232,stuyp
4914473384,woirj
5959914186,yoocx
5757701538,rgbtv
4612597343,xwjee
9170523594,ucxse
3348441259,slhyo
8066523223,cidva
1998345710,vlane
3112911200,ekxbb
4150636922,gncup
2666482151,orsuv
4995728288,ihxxa
2161434809,hacwp
2495503647,dlmpc
6516484775,xduxl
2347051095,hckjy
9136546416,vvlol
4334375893,jlzwz
6778422489,jmtud
2546651571,tabki
9451020093,lnwez
9930355965,bhbaw
3164304253,azltr
2535023141,wzgge
7797090819,nufbk
7405487214,kkcia
5608381100,yzoyz
2493733381,nwrrv
7831945350,thojs
8715068047,gimnv
9574937719,usgra
7525050439,ooktd
9336552442,woltj
7239377376,hnesk
2478047635,nsvdj
9401253983,occhl
2942295212,xcqpx
1895751532,pksrr
2874285337,hqzux
3755205184,obnkn
6184106192,nlcqu
5044548280,nxpaj
7182419930,nbwyg
1114918893,ektlc
6639023277,mdzsq
6085172907,zzjyt
1878555601,hznsc
1320954031,hgrqn
4247846231,gosps
9108827747,vmows
7610620157,joezz
7078914796,kvqvv
9380168197,uitns
4093146179,uxonj
7375472318,wpcgk
6906550536,kvfvy
8962297854,eybgw
2946926835,ewbww
2319475152,birfc
7927339056,ywllu
9984101234,zuwbw
8254004172,cknfl
3990758397,zxguv
4417664597,otgnq
8202155685,qkxip
3298820438,gdnos
1823602286,nqlwn
2227473208,crypy
2452858915,fqnvd
9017909926,kzjtp
4925281173,pcwsu
6029882452,wbicg
1384715023,ungcw
2535779186,eqyzh
8808192471,evrpk
8557177299,nybwq
9501917816,ndqpn
4445283081,pqtfk
7848168895,ijjzx
2975852254,xemfd
6871645989,uzwnh
6095803289,ftlzg
5177119440,wdbaa
6012127006,txtni
2949424438,nhfeq
7812713075,epeam
6695014718,mpzgv
7122230249,giiap
3799698703,mdpez
7353054829,gjmze
8551382700,rnmek
4801701171,divfq
8810713932,qucil
2153178330,xvwtw
7940973793,bmuks
9276639159,qpdhw
4230066917,uctaq
1459232351,ifssf
5527113175,vtdtp
6152659811,ledzt
5936635153,sudbc
7905712998,ebgsh
2870448730,bhtin
9594244195,tguuy
4314384809,bmaei
2096484568,emspi
3409432344,ppnvz
1398801462,wnvhf
1841623733,nlxoh
1819538781,pbwls
5769249446,kjwht
8311870414,tazuw
2557913169,yspew
9770464969,wasks
5328391405,dsxma
9716056895,pizgp
7155471275,wowin
2755709855,yzfaw
7647066073,koduq
2866606677,bkswq
2129619701,blfsm
1723021760,xmjyz
7854199676,dyubv
8842493922,bilgk
1719077778,ovjal
5688222321,zdffj
9216976080,npcpn
7167492679,ebxkd
3005738848,ygycm
7841032120,jvjat
8819184921,nayky
3317992903,cbbvb
7709551812,iftnr
2802283107,bneaj
5375911356,ojiaa
7448317530,uyemx
6863236426,bleaj
1663814459,ryyqw
4885298510,ovkph
6670634688,blkjy
6027074456,rvgsf
9107590627,nwewx
5410892901,yuegi
7352349040,dypfm
7677527064,hvyoe
4843469174,hotee
8886302703,gqruy
2412159997,wlmgj
7465559017,eczuw
6133780986,grudx
9359347794,xnons
8857699238,lasij
8461610597,gdvbz
9754345396,mhqun
4841762639,seusq
7477572751,eazhp
2756427626,hnoqf
2325442261,dtbln
3461180129,kttoj
9518858561,rtrqb
8239791987,apkku
7610772033,tcbpp
2785187985,cspre
4279489212,oxwls
4692476042,jxhls
2072851842,sstzw
8190746474,ojyqt
8743608854,zeglj
5863066987,bhouw
4348060778,pehqk
5369581085,uohnd
3743939240,carzx
5388106880,wkjqu
2862032116,shxxl
8470923683,xdlbc
2699561346,yuzmf
4380593497,ywjlh
3523864713,wkrii
3567715523,pmpyf
3565780045,fcylr
9987098504,zjkop
9497242331,thuec
4518540281,knmsp
6141198202,wuata
3982255840,ixgcn
3047426705,olvma
7114987179,adafu
7005378917,vuwmi
5183976276,biclc
8217708862,eljvl
7352804985,udlxo
4485977918,esnhk
6886146517,qxxhs
9180159865,ypsdx
7570971245,wphja
5743671894,uszuu
6938182916,culmh
6682433535,qkggt
3131167884,tlswm
1014557546,mtxye
8996359717,lcfee
5489909929,olcvp
8139144710,zyabl
4798940788,wktni
3023861498,kgfeo
6574794499,fdouz
6910731630,ctuks
4625805571,jrzwi
2088978387,vheue
1987788909,hiwgl
5235715975,ejipu
7350652535,xaxra
4554030114,olzkg
6354248843,fptok
5066135037,heees
2114530191,sskvx
1393714951,zywla
5026971068,wavfg
8624125178,isriy
1917103874,vicnt
9067030187,hgcbe
6679644537,esfuz
3551938990,ofubf
7273161819,ilbsn
3535572412,sdowq
1672255023,vxmgt
2740752637,emsyr
7677692205,uuycu
1063180075,ikxew
6517079291,nkuvy
2289529934,pijix
2686388114,kiygg
1040164809,obnpn
7326570087,hlqwh
3843077709,nbguy
8629895757,xeylt
9251804090,dfsba
2084717085,pklhb
7136128885,bpkkt
2791756367,wpiao
9477746676,dqjth
6530947356,rwxbb
3354459503,nczyt
7489656699,nhykj
9052299816,ocspv
2190996814,ismsl
2994184529,xoubn
3611061475,kyvdk
9215269559,sdhvx
6652675563,aarsu
3346567919,upgiv
1087138230,nwwot
6063540588,iumes
4182626280,fqitn
6800891234,cvfgy
5158937787,tgmnt
1390709669,wktcn
1956804219,qdvkv
5670211565,ggcaj
